hour,season,depth_mean,Hsig,omega
2018-07-18 09:00:00,Summer,1.3786290367592593,0.036435055179625295,3.3510321638291125
2018-07-18 10:00:00,Summer,1.0545434558564815,0.047267745645748344,3.8746309394274117
2018-07-18 11:00:00,Summer,0.9204465606250001,0.14819517037532928,5.340707511102648
2018-07-18 12:00:00,Summer,1.0710520546527778,0.17794644684322486,4.5553093477052
2018-07-18 13:00:00,Summer,1.4986348743981484,0.22483098644203978,3.5081117965086026
2018-07-18 14:00:00,Summer,2.0396243479166665,0.324077127982257,3.089232776029963
2018-07-18 15:00:00,Summer,2.549671899074074,0.38266892652219026,2.7227136331111543
2018-07-18 16:00:00,Summer,2.9676394049537036,0.5198147695714905,2.3038346126325147
2018-07-18 17:00:00,Summer,3.2254308758101855,0.4922641608841852,2.0420352248333655
2018-07-18 18:00:00,Summer,3.274604210277778,0.40562911594306345,1.8849555921538759
2018-07-18 19:00:00,Summer,3.0816241461574077,0.3229707199906528,1.8849555921538759
2018-07-18 20:00:00,Summer,2.706960186736111,0.2784841771154482,1.780235837034216
2018-07-18 21:00:00,Summer,2.2406042164583333,0.16533180580364412,1.8325957145940461
2018-07-18 22:00:00,Summer,1.852641149398148,0.08540786416322771,1.8849555921538759
2018-07-18 23:00:00,Summer,1.5340789340046297,0.1199264119251198,2.827433388230814
2018-07-19 00:00:00,Summer,1.4168581264351852,0.07767252341768878,2.4085543677521746
2018-07-19 01:00:00,Summer,1.5266173871064816,0.08516058112062236,2.7227136331111543
2018-07-19 02:00:00,Summer,1.8467525680787038,0.1320837638499816,2.8797932657906435
2018-07-19 03:00:00,Summer,2.2575938086111114,0.14153646094763306,3.036872898470133
2018-07-19 04:00:00,Summer,2.6009777623611114,0.15781292853312334,3.141592653589793
2018-07-19 05:00:00,Summer,2.826984292800926,0.1490651375919653,3.2986722862692828
2018-07-19 06:00:00,Summer,2.8583997531712964,0.12047212218012848,2.9845130209103035
2018-07-19 07:00:00,Summer,2.669861602384259,0.11166190073868622,2.8797932657906435
2018-07-19 08:00:00,Summer,2.3190643693287036,0.08854554581024182,2.9321531433504737
2018-07-19 09:00:00,Summer,1.90286222125,0.068032588149291,2.7750735106709836
2018-07-19 10:00:00,Summer,1.5304333458564816,0.033087345503286694,2.6179938779914944
2018-07-19 11:00:00,Summer,1.270847090671296,0.12303666473945929,4.50294947014537
2018-07-19 12:00:00,Summer,1.199804210300926,0.1922221399718224,3.979350694547071
2018-07-19 13:00:00,Summer,1.4015608196064815,0.19357147668707586,3.5081117965086026
2018-07-19 14:00:00,Summer,1.8005494824537036,0.32119007186929704,2.9321531433504737
2018-07-19 15:00:00,Summer,2.28970147025463,0.41055357160574935,2.7750735106709836
2018-07-19 16:00:00,Summer,2.7368447997916667,0.46087976246139817,2.4609142453120048
2018-07-19 17:00:00,Summer,3.0770402524074076,0.5115319075977897,2.199114857512855
2018-07-19 18:00:00,Summer,3.289486532337963,0.48877438372317283,2.0943951023931953
2018-07-19 19:00:00,Summer,3.265985575069444,0.48116148194350167,1.9896753472735356
2018-07-19 20:00:00,Summer,3.0321981723148146,0.3557127854545253,1.9373154697137058
2018-07-19 21:00:00,Summer,2.6405614854166672,0.2301282080638891,1.9373154697137058
2018-07-19 22:00:00,Summer,2.2031214227083336,0.1836613953649127,2.0943951023931953
2018-07-19 23:00:00,Summer,1.793050752013889,0.13840180737033111,2.4609142453120048
2018-07-20 00:00:00,Summer,1.4865699295833334,0.10443366695523196,2.7750735106709836
2018-07-20 01:00:00,Summer,1.3255656955555557,0.08473438015822561,3.193952531149623
2018-07-20 02:00:00,Summer,1.3899001612731483,0.13352327798997649,3.560471674068432
2018-07-20 03:00:00,Summer,1.6721939138657407,0.17091159483362423,3.141592653589793
2018-07-20 04:00:00,Summer,2.066931132939815,0.2028486871089063,3.036872898470133
2018-07-20 05:00:00,Summer,2.424782943680556,0.23823976670242458,2.9321531433504737
2018-07-20 06:00:00,Summer,2.678234168726852,0.17353274787784323,3.036872898470133
2018-07-20 07:00:00,Summer,2.7656474984953707,0.13759675281823433,2.9845130209103035
2018-07-20 08:00:00,Summer,2.6591531342361114,0.029714984376952785,1.2042771838760873
2018-07-20 09:00:00,Summer,2.3824833964583334,0.03763866370491245,1.9896753472735356
2018-07-20 10:00:00,Summer,2.044170318425926,0.13316272941544208,3.4033920413889422
2018-07-20 11:00:00,Summer,1.7128063397916666,0.1474480974494052,3.193952531149623
2018-07-20 12:00:00,Summer,1.482437079375,0.1319745980828016,2.7750735106709836
2018-07-20 13:00:00,Summer,1.4509035644675925,0.14757685256955816,2.5132741228718345
2018-07-20 14:00:00,Summer,1.6588702622222222,0.22747101731523328,2.4609142453120048
2018-07-20 15:00:00,Summer,2.033193188472222,0.3273352078058629,2.4085543677521746
2018-07-20 16:00:00,Summer,2.4900634975000004,0.38382045807057175,2.5132741228718345
2018-07-20 17:00:00,Summer,2.8790621294444447,0.525612666856792,2.4085543677521746
2018-07-20 18:00:00,Summer,3.166524106666667,0.5490783396547293,2.251474735072685
2018-07-20 19:00:00,Summer,3.3155918296990743,0.5024764436830322,2.0420352248333655
2018-07-20 20:00:00,Summer,3.235008682962963,0.39513615731965546,2.0420352248333655
2018-07-20 21:00:00,Summer,2.9708443992592595,0.31568431142213405,1.9896753472735356
2018-07-20 22:00:00,Summer,2.5777409647685188,0.23435946761753243,2.0420352248333655
2018-07-20 23:00:00,Summer,2.1285760167361114,0.17679270645310788,2.0943951023931953
2018-07-21 00:00:00,Summer,1.7322333991203707,0.1458599983635515,2.3038346126325147
2018-07-21 01:00:00,Summer,1.4185217121527778,0.07036783174707222,2.199114857512855
2018-07-21 02:00:00,Summer,1.2465716061574075,0.16836298895273558,3.5081117965086026
2018-07-21 03:00:00,Summer,1.2809197643981483,0.19395026912285976,3.717551306747922
2018-07-21 04:00:00,Summer,1.5315132201388888,0.24633768272122186,3.7699111843077517
2018-07-21 05:00:00,Summer,1.9219761923148149,0.13675114733521562,2.9845130209103035
2018-07-21 06:00:00,Summer,2.2965017666666667,0.1350268118720155,3.036872898470133
2018-07-21 07:00:00,Summer,2.5822612029629632,0.09224431664265575,3.036872898470133
2018-07-21 08:00:00,Summer,2.7236189069675927,0.08288113301285814,3.141592653589793
2018-07-21 09:00:00,Summer,2.675100635601852,0.08219401790139058,3.141592653589793
2018-07-21 10:00:00,Summer,2.4727370798148147,0.08746768722192128,2.9321531433504737
2018-07-21 11:00:00,Summer,2.178197018912037,0.17447687285482522,2.7227136331111543
2018-07-21 12:00:00,Summer,1.866172601388889,0.17501658217311936,2.251474735072685
2018-07-21 13:00:00,Summer,1.6606144062962964,0.1959983052881555,2.1467549799530254
2018-07-21 14:00:00,Summer,1.6040025908564817,0.16959839432893228,2.0943951023931953
2018-07-21 15:00:00,Summer,1.803366974722222,0.2869946190413966,2.3038346126325147
2018-07-21 16:00:00,Summer,2.160492730324074,0.3958600319983368,2.1467549799530254
2018-07-21 17:00:00,Summer,2.5958989866435185,0.49625376517153574,1.9373154697137058
2018-07-21 18:00:00,Summer,2.9808058922685183,0.5772305637678107,1.9896753472735356
2018-07-21 19:00:00,Summer,3.2464379270601853,0.6302878220477398,1.9896753472735356
2018-07-21 20:00:00,Summer,3.356473947986111,0.448608071349275,2.0420352248333655
2018-07-21 21:00:00,Summer,3.250364213449074,0.44564932841354926,1.9896753472735356
2018-07-21 22:00:00,Summer,2.9620298848842594,0.30132578504460356,1.9373154697137058
2018-07-21 23:00:00,Summer,2.521601753402778,0.22148630079717588,1.8849555921538759
2018-07-22 00:00:00,Summer,2.068422324861111,0.1138039764067819,2.0420352248333655
2018-07-22 01:00:00,Summer,1.64581044625,0.08852356991659611,2.5656340004316642
2018-07-22 02:00:00,Summer,1.3224979781712964,0.07343128226632073,2.670353755551324
2018-07-22 03:00:00,Summer,1.1328367388425926,0.1411261930654462,3.8222710618675815
2018-07-22 04:00:00,Summer,1.1450342475462962,0.11376572073468331,3.2463124087094526
2018-07-22 05:00:00,Summer,1.400118854513889,0.08145536851990712,2.9321531433504737
2018-07-22 06:00:00,Summer,1.7978728975925926,0.15153857330697906,2.9845130209103035
2018-07-22 07:00:00,Summer,2.2073592334722223,0.18890081686755605,3.036872898470133
2018-07-22 08:00:00,Summer,2.5247512971527777,0.2364295971600231,3.089232776029963
2018-07-22 09:00:00,Summer,2.7332974692824075,0.20553631447138337,2.7750735106709836
2018-07-22 10:00:00,Summer,2.744036499050926,0.18670275650777438,2.6179938779914944
2018-07-22 11:00:00,Summer,2.578474333472222,0.19893350769188506,2.5656340004316642
2018-07-22 12:00:00,Summer,2.2960347801620373,0.22831859234961607,2.4085543677521746
2018-07-22 13:00:00,Summer,1.9840820624537039,0.19832117996841397,2.3038346126325147
2018-07-22 14:00:00,Summer,1.7717204322453703,0.20977777696134253,2.1467549799530254
2018-07-22 15:00:00,Summer,1.719086856550926,0.2642755896995543,2.199114857512855
2018-07-22 16:00:00,Summer,1.8882949108796299,0.24827330373783865,2.0420352248333655
2018-07-22 17:00:00,Summer,2.235758874583333,0.4862663358837966,2.199114857512855
2018-07-22 18:00:00,Summer,2.6577653343287038,0.5086512594432976,2.0943951023931953
2018-07-22 19:00:00,Summer,3.012633487986111,0.5679560671971213,2.1467549799530254
2018-07-22 20:00:00,Summer,3.2622796905324076,0.5199108008908299,2.1467549799530254
2018-07-22 21:00:00,Summer,3.3379515092824072,0.37402055506350035,2.0943951023931953
2018-07-22 22:00:00,Summer,3.205470783333334,0.3409077329014821,1.9896753472735356
2018-07-22 23:00:00,Summer,2.8603391508564813,0.26703970470925503,1.9896753472735356
2018-07-23 00:00:00,Summer,2.386680187268518,0.226854746722277,2.0420352248333655
2018-07-23 01:00:00,Summer,1.918134233726852,0.18010616029513501,2.251474735072685
2018-07-23 02:00:00,Summer,1.5040391634490742,0.15991487010575178,2.7227136331111543
2018-07-23 03:00:00,Summer,1.1859716609953703,0.15460331297007662,3.3510321638291125
2018-07-23 04:00:00,Summer,0.9782943255787039,0.15700581801069557,3.6651914291880923
2018-07-23 05:00:00,Summer,1.0191989606018519,0.17764871980156471,3.8746309394274117
2018-07-23 06:00:00,Summer,1.318296237523148,0.1575295209340114,3.717551306747922
2018-07-23 07:00:00,Summer,1.7628352948611112,0.1538115301707818,2.9321531433504737
2018-07-23 08:00:00,Summer,2.197075662662037,0.21298798088244297,3.141592653589793
2018-07-23 09:00:00,Summer,2.5287693324074074,0.21454761450117937,3.036872898470133
2018-07-23 10:00:00,Summer,2.737287330902778,0.035254405126488704,1.5184364492350666
2018-07-23 11:00:00,Summer,2.763217413449074,0.021926789718139793,1.9373154697137058
2018-07-23 12:00:00,Summer,2.6034651227083336,0.13257697183844225,2.7227136331111543
2018-07-23 13:00:00,Summer,2.3260633765277774,0.21167113632623794,2.7227136331111543
2018-07-23 14:00:00,Summer,2.054808514421296,0.3015550042536897,2.356194490192345
2018-07-23 15:00:00,Summer,1.8268771952546297,0.2171028673956926,1.9896753472735356
2018-07-23 16:00:00,Summer,1.7915816625462964,0.2310603560710282,2.199114857512855
2018-07-23 17:00:00,Summer,1.9598147110879625,0.31477233285119416,2.0943951023931953
2018-07-23 18:00:00,Summer,2.3170006027777776,0.41426940022630243,2.0420352248333655
2018-07-23 19:00:00,Summer,2.7227186039120372,0.5153876905602115,2.0943951023931953
2018-07-23 20:00:00,Summer,3.076864646064815,0.49689398998723566,2.0420352248333655
2018-07-23 21:00:00,Summer,3.2961977171296297,0.49483907312822234,2.1467549799530254
2018-07-23 22:00:00,Summer,3.32179941837963,0.42186217925033875,2.0943951023931953
2018-07-23 23:00:00,Summer,3.114386060439815,0.2765644482233576,1.9896753472735356
2018-07-24 00:00:00,Summer,2.722627395833334,0.2795209150074522,1.9373154697137058
2018-07-24 01:00:00,Summer,2.2271775919444443,0.21382743258276546,1.9896753472735356
2018-07-24 02:00:00,Summer,1.7490275872916665,0.16083934682610546,2.5656340004316642
2018-07-24 03:00:00,Summer,1.3361223312731483,0.10346865134724859,2.5132741228718345
2018-07-24 04:00:00,Summer,1.019074161412037,0.07953063392677152,4.031710572106901
2018-07-24 05:00:00,Summer,0.8587683124305555,0.07273108507731954,5.288347633542818
2018-07-24 06:00:00,Summer,0.9625361618055557,0.16591723810411757,5.183627878423159
2018-07-24 07:00:00,Summer,1.3359838394907408,0.10601156867479467,3.560471674068432
2018-07-24 08:00:00,Summer,1.8121387044444444,0.13655810214998704,3.141592653589793
2018-07-24 09:00:00,Summer,2.265756354375,0.15524804878330908,3.141592653589793
2018-07-24 10:00:00,Summer,2.609425621041667,0.027615699291356006,1.6231562043547263
2018-07-24 11:00:00,Summer,2.8133655435648155,0.03037879367227865,1.9896753472735356
2018-07-24 12:00:00,Summer,2.817103575347222,0.17615896523352262,2.8797932657906435
2018-07-24 13:00:00,Summer,2.63815084363426,0.2391804090155883,2.3038346126325147
2018-07-24 14:00:00,Summer,2.3347733698611113,0.29619852837122534,1.8849555921538759
2018-07-24 15:00:00,Summer,2.012636411435185,0.22842798782744286,1.9373154697137058
2018-07-24 16:00:00,Summer,1.7999267835185184,0.252849281932779,2.3038346126325147
2018-07-24 17:00:00,Summer,1.7678578733101853,0.2993295357619741,2.1467549799530254
2018-07-24 18:00:00,Summer,1.9761303008333335,0.3128494336412258,2.251474735072685
2018-07-24 19:00:00,Summer,2.3754947417824077,0.4176983917759707,2.199114857512855
2018-07-24 20:00:00,Summer,2.8114838807638893,0.4344438821850747,2.1467549799530254
2018-07-24 21:00:00,Summer,3.1497556138194445,0.44524136335218384,2.251474735072685
2018-07-24 22:00:00,Summer,3.344306113773148,0.3446754327576271,2.251474735072685
2018-07-24 23:00:00,Summer,3.276932801134259,0.32727393561987966,2.1467549799530254
2018-07-25 00:00:00,Summer,3.019378754560185,0.2619952287040504,1.9896753472735356
2018-07-25 01:00:00,Summer,2.5386309568287038,0.13190473005038914,1.9896753472735356
2018-07-25 02:00:00,Summer,2.0373785967824074,0.09109543816895461,2.1467549799530254
2018-07-25 03:00:00,Summer,1.5582522736111113,0.10403984712104483,3.036872898470133
2018-07-25 04:00:00,Summer,1.164998177847222,0.12250871675310596,2.9845130209103035
2018-07-25 05:00:00,Summer,0.8709080084027778,0.0680468502655765,3.9269908169872414
2018-07-25 06:00:00,Summer,0.8515513386805557,0.002300859062635192,1.2042771838760873
2018-07-25 07:00:00,Summer,0.9937800037037038,0.1693293492425785,4.136430327226561
2018-07-25 08:00:00,Summer,1.4418036397453704,0.09684961680443938,3.036872898470133
2018-07-25 09:00:00,Summer,1.9492226515972224,0.14233152398119026,3.141592653589793
2018-07-25 10:00:00,Summer,2.297928856087963,0.15224476354903932,3.089232776029963
2018-07-25 11:00:00,Summer,2.591135968263889,0.22448684882069256,2.5656340004316642
2018-07-25 12:00:00,Summer,2.744258878101852,0.16305565910805253,2.5656340004316642
2018-07-25 13:00:00,Summer,2.702073660486111,0.15197469937404345,2.356194490192345
2018-07-25 14:00:00,Summer,2.477587484699074,0.3580187745246289,1.9896753472735356
2018-07-25 15:00:00,Summer,2.164182406458333,0.31976138080758404,1.780235837034216
2018-07-25 16:00:00,Summer,1.8751727920138888,0.33412633517442847,2.0420352248333655
2018-07-25 17:00:00,Summer,1.6825924923842592,0.34450264923638657,2.4085543677521746
2018-07-25 18:00:00,Summer,1.7184469824768518,0.22813148989605278,2.1467549799530254
2018-07-25 19:00:00,Summer,1.9916937929398146,0.2365570813565802,2.1467549799530254
2018-07-25 20:00:00,Summer,2.417753898495371,0.3418069516865957,2.251474735072685
2018-07-25 21:00:00,Summer,2.825920820185185,0.4542211723828762,2.0943951023931953
2018-07-25 22:00:00,Summer,3.1410889775462962,0.4908946968326316,2.0420352248333655
2018-07-25 23:00:00,Summer,3.2355712351620376,0.41725203381560205,2.0943951023931953
2018-07-26 00:00:00,Summer,3.1127791203009263,0.3404394627116937,2.0420352248333655
2018-07-26 01:00:00,Summer,2.7346551071527783,0.25103101558447877,1.9373154697137058
2018-07-26 02:00:00,Summer,2.233007756921296,0.22857329977333715,1.9896753472735356
2018-07-26 03:00:00,Summer,1.726268515185185,0.18145720109433003,2.4609142453120048
2018-07-26 04:00:00,Summer,1.2766991087037038,0.1750950460161799,3.089232776029963
2018-07-26 05:00:00,Summer,0.9100977477314816,0.12675920240351096,3.3510321638291125
2018-07-26 06:00:00,Summer,0.831525351412037,0.00045748646533127395,1.0995574287564276
2018-07-26 07:00:00,Summer,0.837596282662037,0.00046088114946626446,0.9424777960769379
2018-07-26 08:00:00,Summer,0.9951211249999999,0.17311427965143084,4.66002910282486
2018-07-26 09:00:00,Summer,1.5005892359027777,0.1809565203882287,3.089232776029963
2018-07-26 10:00:00,Summer,2.0096156872453705,0.25731053038648455,2.7750735106709836
2018-07-26 11:00:00,Summer,2.4307381606944443,0.29410844399234715,2.6179938779914944
2018-07-26 12:00:00,Summer,2.7064203392824076,0.3031681453849035,2.4085543677521746
2018-07-26 13:00:00,Summer,2.793543065486111,0.35259066919907905,2.0943951023931953
2018-07-26 14:00:00,Summer,2.693199076180556,0.4395918414900172,1.780235837034216
2018-07-26 15:00:00,Summer,2.3988646592592593,0.28474123030076975,1.6755160819145563
2018-07-26 16:00:00,Summer,2.068132367314815,0.2537388649755312,1.6755160819145563
2018-07-26 17:00:00,Summer,1.7808133022222221,0.2747520601808709,1.9373154697137058
2018-07-26 18:00:00,Summer,1.673509660648148,0.30741071750798793,2.4085543677521746
2018-07-26 19:00:00,Summer,1.7884639922453704,0.2888016856706061,2.251474735072685
2018-07-26 20:00:00,Summer,2.1466983877777777,0.29170047684267786,2.199114857512855
2018-07-26 21:00:00,Summer,2.569565921365741,0.45059836628709315,2.3038346126325147
2018-07-26 22:00:00,Summer,2.9590975697453703,0.464601254387398,2.251474735072685
2018-07-26 23:00:00,Summer,3.1993541599305555,0.43743447912972616,2.1467549799530254
2018-07-27 00:00:00,Summer,3.2134299141898146,0.2990064346225253,2.0943951023931953
2018-07-27 01:00:00,Summer,2.959872138726852,0.2222224903566864,2.0420352248333655
2018-07-27 02:00:00,Summer,2.5252407736805558,0.17970620541631663,1.9896753472735356
2018-07-27 03:00:00,Summer,1.9929540336574076,0.08953106961883271,2.0943951023931953
2018-07-27 04:00:00,Summer,1.507250160486111,0.09538824628944419,2.9321531433504737
2018-07-27 05:00:00,Summer,1.0806832859722222,0.127450616883626,3.6651914291880923
2018-07-27 06:00:00,Summer,0.819796964675926,0.0028460526809702424,1.4660765716752369
2018-07-27 07:00:00,Summer,0.8141958250462964,0.0005115559880866109,0.9424777960769379
2018-07-27 08:00:00,Summer,0.8273511420833333,0.002916422522407259,1.3089969389957472
2018-07-27 09:00:00,Summer,1.2130233026157407,0.14985163208389118,3.8746309394274117
2018-07-27 10:00:00,Summer,1.7436386121527776,0.2006885424263976,2.9321531433504737
2018-07-27 11:00:00,Summer,2.2308383198842594,0.38552297496599824,2.670353755551324
2018-07-27 12:00:00,Summer,2.6090376853009256,0.4094796406078363,2.251474735072685
2018-07-27 13:00:00,Summer,2.8211924532175927,0.45833564460900167,2.0943951023931953
2018-07-27 14:00:00,Summer,2.819498644675926,0.37602862078768157,1.8849555921538759
2018-07-27 15:00:00,Summer,2.619154481064815,0.3996885608155756,1.8325957145940461
2018-07-27 16:00:00,Summer,2.2758701537499997,0.2833894917773641,1.6755160819145563
2018-07-27 17:00:00,Summer,1.9331291817592593,0.23749816762794576,1.780235837034216
2018-07-27 18:00:00,Summer,1.6812764805555558,0.2179341908570926,2.3038346126325147
2018-07-27 19:00:00,Summer,1.6538289692592592,0.24363814581147586,2.1467549799530254
2018-07-27 20:00:00,Summer,1.885109263333333,0.31306171370791464,2.0943951023931953
2018-07-27 21:00:00,Summer,2.2954057857407406,0.35998290551625944,2.199114857512855
2018-07-27 22:00:00,Summer,2.73311513474537,0.4340216003100401,2.199114857512855
2018-07-27 23:00:00,Summer,3.0681920773842593,0.3589909695052618,2.199114857512855
2018-07-28 00:00:00,Summer,3.2169652295601856,0.3139782007824993,2.199114857512855
2018-07-28 01:00:00,Summer,3.1119346375,0.21908083632454725,2.251474735072685
2018-07-28 02:00:00,Summer,2.7984657383333333,0.1395208588196292,2.251474735072685
2018-07-28 03:00:00,Summer,2.302436590787037,0.09186717667073069,2.356194490192345
2018-07-28 04:00:00,Summer,1.7867739148842592,0.10953430936070371,2.7750735106709836
2018-07-28 05:00:00,Summer,1.3230754789120371,0.15691718476293207,3.2986722862692828
2018-07-28 06:00:00,Summer,0.927818092962963,0.1177254303329804,3.6128315516282616
2018-07-28 07:00:00,Summer,0.8150318478472223,0.0018400614777422837,1.0471975511965976
2018-07-28 08:00:00,Summer,0.8172635304166667,0.00019783631130341795,6.126105674500097
2018-07-28 09:00:00,Summer,0.9503015331250001,0.06081788941304388,4.241150082346221
2018-07-28 10:00:00,Summer,1.4538984038657408,0.07882187335510708,3.3510321638291125
2018-07-28 11:00:00,Summer,1.9842484150925925,0.13724562767370396,2.827433388230814
2018-07-28 12:00:00,Summer,2.4194842106712966,0.21709984726670992,2.6179938779914944
2018-07-28 13:00:00,Summer,2.7211006138425926,0.19486063806422108,2.4085543677521746
2018-07-28 14:00:00,Summer,2.828695174282408,0.22038931259951824,2.3038346126325147
2018-07-28 15:00:00,Summer,2.735011565416667,0.2858285812314015,1.9373154697137058
2018-07-28 16:00:00,Summer,2.451790882314815,0.35216705605712534,1.7278759594743864
2018-07-28 17:00:00,Summer,2.0939945632175925,0.24657240753213663,1.7278759594743864
2018-07-28 18:00:00,Summer,1.8009014793518519,0.25030715364973277,1.8849555921538759
2018-07-28 19:00:00,Summer,1.6376384148148149,0.2904027502321561,2.251474735072685
2018-07-28 20:00:00,Summer,1.721068094560185,0.31904451021642627,2.4085543677521746
2018-07-28 21:00:00,Summer,2.0246493963425927,0.2951088632572944,2.199114857512855
2018-07-28 22:00:00,Summer,2.456211092939815,0.3782975379102667,2.3038346126325147
2018-07-28 23:00:00,Summer,2.8549691210416666,0.40335434404301523,2.199114857512855
2018-07-29 00:00:00,Summer,3.11820727150463,0.3937452422979789,2.251474735072685
2018-07-29 01:00:00,Summer,3.173016788356482,0.2862462998691873,2.199114857512855
2018-07-29 02:00:00,Summer,2.977179348009259,0.21270095580118048,2.1467549799530254
2018-07-29 03:00:00,Summer,2.568847142916667,0.10786563425266371,2.199114857512855
2018-07-29 04:00:00,Summer,2.0578122813425925,0.06170745591156345,2.199114857512855
2018-07-29 05:00:00,Summer,1.5672518538657407,0.05761712536059947,2.5656340004316642
2018-07-29 06:00:00,Summer,1.1422749985648148,0.15442262385278935,3.717551306747922
2018-07-29 07:00:00,Summer,0.8365229965509259,0.02529808535188473,4.084070449666731
2018-07-29 08:00:00,Summer,0.8319420062731482,0.00015650155517113717,0.9424777960769379
2018-07-29 09:00:00,Summer,0.839417755462963,0.0015216329454606234,1.5184364492350666
2018-07-29 10:00:00,Summer,1.2201194526620371,0.11090237900087763,3.2463124087094526
2018-07-29 11:00:00,Summer,1.753509877824074,0.2373416254199414,2.827433388230814
2018-07-29 12:00:00,Summer,2.238458957893519,0.28941360102012653,2.4609142453120048
2018-07-29 13:00:00,Summer,2.6246267368981484,0.28671110913714937,2.251474735072685
2018-07-29 14:00:00,Summer,2.8557667652083336,0.4823574002668101,1.9896753472735356
2018-07-29 15:00:00,Summer,2.868911885462963,0.5182941581961894,1.8325957145940461
2018-07-29 16:00:00,Summer,2.6538727259953703,0.3894424456674399,1.780235837034216
2018-07-29 17:00:00,Summer,2.314081086064815,0.32203840149560975,1.8325957145940461
2018-07-29 18:00:00,Summer,1.960367479097222,0.2994929132756365,2.0943951023931953
2018-07-29 19:00:00,Summer,1.6753232141666667,0.3083216175876924,2.3038346126325147
2018-07-29 20:00:00,Summer,1.594774650300926,0.2708465233387457,2.5656340004316642
2018-07-29 21:00:00,Summer,1.7687968683101853,0.24478502675875952,2.3038346126325147
2018-07-29 22:00:00,Summer,2.141636514398148,0.2814211966181609,2.4609142453120048
2018-07-29 23:00:00,Summer,2.5722378566435187,0.3112816805758081,2.4609142453120048
2018-07-30 00:00:00,Summer,2.9258936249537038,0.36902808460794245,2.4085543677521746
2018-07-30 01:00:00,Summer,3.1080361782870374,0.3236243407893484,2.199114857512855
2018-07-30 02:00:00,Summer,3.0762339931481484,0.2786906873179451,2.0943951023931953
2018-07-30 03:00:00,Summer,2.775320178888889,0.21053515950834087,2.0943951023931953
2018-07-30 04:00:00,Summer,2.3462417862731484,0.17273232954561227,2.0943951023931953
2018-07-30 05:00:00,Summer,1.8469906543055554,0.1054299347263081,1.9896753472735356
2018-07-30 06:00:00,Summer,1.4010220703472223,0.10420758092764308,3.141592653589793
2018-07-30 07:00:00,Summer,1.0324450917361112,0.12589772183742534,3.6651914291880923
2018-07-30 08:00:00,Summer,0.8334408861111111,0.00046480886241256425,2.251474735072685
2018-07-30 09:00:00,Summer,0.8323172945833334,0.00037054689872781756,1.2042771838760873
2018-07-30 10:00:00,Summer,1.044816183287037,0.21289237740745204,5.288347633542818
2018-07-30 11:00:00,Summer,1.535370463171296,0.16639991288987938,2.7227136331111543
2018-07-30 12:00:00,Summer,2.045697360902778,0.18744993918896546,2.4085543677521746
2018-07-30 13:00:00,Summer,2.488729301597222,0.28927634367062605,2.356194490192345
2018-07-30 14:00:00,Summer,2.78752404625,0.4171162226448733,2.0420352248333655
2018-07-30 15:00:00,Summer,2.8965136773148155,0.4077501504903899,1.8849555921538759
2018-07-30 16:00:00,Summer,2.812147638356482,0.41489277627598825,1.7278759594743864
2018-07-30 17:00:00,Summer,2.508208250439815,0.3891191256102872,1.6755160819145563
2018-07-30 18:00:00,Summer,2.1422848354166666,0.25544671302050953,1.780235837034216
2018-07-30 19:00:00,Summer,1.8062467868055558,0.2531337563526971,2.3038346126325147
2018-07-30 20:00:00,Summer,1.5862045381712964,0.24609293693877618,2.4085543677521746
2018-07-30 21:00:00,Summer,1.5979949375694447,0.17107885540235726,2.1467549799530254
2018-07-30 22:00:00,Summer,1.8480753195833333,0.21263224228525163,2.251474735072685
2018-07-30 23:00:00,Summer,2.247502871527778,0.31083949739600325,2.251474735072685
2018-07-31 00:00:00,Summer,2.641488190416667,0.3150285945025125,2.356194490192345
2018-07-31 01:00:00,Summer,2.938974257361111,0.3405816975568329,2.199114857512855
2018-07-31 02:00:00,Summer,3.033584659513889,0.34013502381859395,2.1467549799530254
2018-07-31 03:00:00,Summer,2.9129609926620375,0.2152515121700438,2.1467549799530254
2018-07-31 04:00:00,Summer,2.566661169328704,0.133459269885143,2.0420352248333655
2018-07-31 05:00:00,Summer,2.0984286735416666,0.08678095078696987,2.251474735072685
2018-07-31 06:00:00,Summer,1.6440084078703703,0.18655523772509472,2.9845130209103035
2018-07-31 07:00:00,Summer,1.2426417256712963,0.1388534906167442,3.141592653589793
2018-07-31 08:00:00,Summer,0.9378283049768519,0.07053911439132828,3.979350694547071
2018-07-31 09:00:00,Summer,0.8360853999305555,0.03604293527095968,5.026548245743669
2018-07-31 10:00:00,Summer,0.9430592203240742,0.16164070546150247,4.5553093477052
2018-07-31 11:00:00,Summer,1.3464633415046294,0.13541897196099736,2.9321531433504737
2018-07-31 12:00:00,Summer,1.844287220138889,0.17291803496359662,2.5132741228718345
2018-07-31 13:00:00,Summer,2.3189742608564816,0.2421655784591302,2.4085543677521746
2018-07-31 14:00:00,Summer,2.6813934966435187,0.4434111821505602,1.9896753472735356
2018-07-31 15:00:00,Summer,2.906264241481482,0.5505804388544951,1.8849555921538759
2018-07-31 16:00:00,Summer,2.8906223093287036,0.46160825339907674,1.780235837034216
2018-07-31 17:00:00,Summer,2.7024327821990743,0.4792631169737945,1.780235837034216
2018-07-31 18:00:00,Summer,2.3495591775925924,0.34435503728936767,1.8849555921538759
2018-07-31 19:00:00,Summer,1.9913721578935186,0.21912081135629863,1.7278759594743864
2018-07-31 20:00:00,Summer,1.667515738958333,0.21902146636202283,2.356194490192345
2018-07-31 21:00:00,Summer,1.5206159002314814,0.21243014028075205,2.670353755551324
2018-07-31 22:00:00,Summer,1.5944343144212962,0.1601766315603292,2.3038346126325147
2018-07-31 23:00:00,Summer,1.887624450625,0.261710178307033,2.251474735072685
2018-08-01 00:00:00,Summer,2.291946682060185,0.2652583341955303,2.356194490192345
2018-08-01 01:00:00,Summer,2.637836053611111,0.30872141068329223,2.251474735072685
2018-08-01 02:00:00,Summer,2.869290460138889,0.24807578515968154,2.4085543677521746
2018-08-01 03:00:00,Summer,2.890784382037037,0.1802857424227238,2.4609142453120048
2018-08-01 04:00:00,Summer,2.7209398198379633,0.13790501986137435,2.4609142453120048
2018-08-01 05:00:00,Summer,2.3676670901157406,0.11432813664528996,2.251474735072685
2018-08-01 06:00:00,Summer,1.927044046435185,0.08917692844588747,2.0943951023931953
2018-08-01 07:00:00,Summer,1.5082672302083333,0.07337675013900616,2.1467549799530254
2018-08-01 08:00:00,Summer,1.1640666851157409,0.04689952855361293,2.5656340004316642
2018-08-01 09:00:00,Summer,0.9548019419907409,0.04887071445113644,3.036872898470133
2018-08-01 10:00:00,Summer,0.9267215964120371,0.14242610167013367,4.293509959906051
2018-08-01 11:00:00,Summer,1.2176192934953702,0.23255935956754464,3.717551306747922
2018-08-01 12:00:00,Summer,1.649021729398148,0.2262484985385648,2.4609142453120048
2018-08-01 13:00:00,Summer,2.1277691101851848,0.32012576008774496,2.356194490192345
2018-08-01 14:00:00,Summer,2.5391173746527778,0.49746069576484997,2.199114857512855
2018-08-01 15:00:00,Summer,2.8313803120138887,0.4950696809029575,1.9896753472735356
2018-08-01 16:00:00,Summer,2.935606745416667,0.4953026934748381,1.8849555921538759
2018-08-01 17:00:00,Summer,2.828382954305556,0.5098422341289314,1.8849555921538759
2018-08-01 18:00:00,Summer,2.5654865608564816,0.42577284099983453,1.8325957145940461
2018-08-01 19:00:00,Summer,2.183699283564815,0.2845060147632613,1.9373154697137058
2018-08-01 20:00:00,Summer,1.8325660070833334,0.27314541400899134,2.0943951023931953
2018-08-01 21:00:00,Summer,1.580225083888889,0.27742728382394183,2.4085543677521746
2018-08-01 22:00:00,Summer,1.483033152337963,0.25260772311572505,2.5132741228718345
2018-08-01 23:00:00,Summer,1.6234322698842596,0.2245849670931694,2.356194490192345
2018-08-02 00:00:00,Summer,1.9232485523379628,0.21365207503802894,2.4609142453120048
2018-08-02 01:00:00,Summer,2.2928279670601857,0.2743135417670935,2.4085543677521746
2018-08-02 02:00:00,Summer,2.5838005844444445,0.34885796110078227,2.199114857512855
2018-08-02 03:00:00,Summer,2.7693685651851854,0.3783333229992235,2.199114857512855
2018-08-02 04:00:00,Summer,2.7470927983101854,0.24519647406529269,2.1467549799530254
2018-08-02 05:00:00,Summer,2.5485241086342594,0.18491930206372204,2.199114857512855
2018-08-02 06:00:00,Summer,2.189476978101852,0.10437134993606945,2.251474735072685
2018-08-02 07:00:00,Summer,1.7814759584259259,0.12581213828430593,2.827433388230814
2018-08-02 08:00:00,Summer,1.4045292622222223,0.16945546985193435,2.8797932657906435
2018-08-02 09:00:00,Summer,1.1151302206481484,0.11758054538625003,3.3510321638291125
2018-08-02 10:00:00,Summer,1.0229920886805555,0.1771616852146024,3.8746309394274117
2018-08-02 11:00:00,Summer,1.146014095486111,0.20868731879988325,3.2986722862692828
2018-08-02 12:00:00,Summer,1.5029891362499999,0.19025882792550172,2.7227136331111543
2018-08-02 13:00:00,Summer,1.940635969953704,0.293550002543739,2.4609142453120048
2018-08-02 14:00:00,Summer,2.378521740138889,0.4327226545864692,2.251474735072685
2018-08-02 15:00:00,Summer,2.725624917175926,0.524148055859101,2.1467549799530254
2018-08-02 16:00:00,Summer,2.9260020196064818,0.504391867738711,2.0943951023931953
2018-08-02 17:00:00,Summer,2.973095176203704,0.44291421032335665,1.9373154697137058
2018-08-02 18:00:00,Summer,2.788791141574074,0.37330133890640377,1.8849555921538759
2018-08-02 19:00:00,Summer,2.4692398458101854,0.2898326727092655,1.8325957145940461
2018-08-02 20:00:00,Summer,2.070290071550926,0.21535330038142195,1.9373154697137058
2018-08-02 21:00:00,Summer,1.7307418758564814,0.17569519375707324,2.3038346126325147
2018-08-02 22:00:00,Summer,1.489604741111111,0.1418397794864675,2.199114857512855
2018-08-02 23:00:00,Summer,1.4362402682638888,0.10746921194755647,2.356194490192345
2018-08-03 00:00:00,Summer,1.567148273425926,0.1032853796601401,2.7227136331111543
2018-08-03 01:00:00,Summer,1.8681183888194444,0.11642594661397618,2.9321531433504737
2018-08-03 02:00:00,Summer,2.196734907847222,0.12935725782943758,2.827433388230814
2018-08-03 03:00:00,Summer,2.470280350416667,0.1355473310753141,2.7750735106709836
2018-08-03 04:00:00,Summer,2.6332970378935188,0.1389202782623997,2.5132741228718345
2018-08-03 05:00:00,Summer,2.592347976064815,0.1528916270099301,2.3038346126325147
2018-08-03 06:00:00,Summer,2.415201375925926,0.12307088462197868,2.4085543677521746
2018-08-03 07:00:00,Summer,2.0870897526851855,0.11849762540774156,2.251474735072685
2018-08-03 08:00:00,Summer,1.7252860113194444,0.0596820428003905,2.356194490192345
2018-08-03 09:00:00,Summer,1.4063882061574073,0.04987440405197443,2.6179938779914944
2018-08-03 10:00:00,Summer,1.1987147097222222,0.04103875789885383,2.827433388230814
2018-08-03 11:00:00,Summer,1.1831249001851853,0.03865076887746293,3.4033920413889422
2018-08-03 12:00:00,Summer,1.4057964035185184,0.043979679567329254,3.2986722862692828
2018-08-03 13:00:00,Summer,1.7792713849537036,0.09930747650654669,3.7699111843077517
2018-08-03 14:00:00,Summer,2.2127349478703704,0.347193860603549,3.6651914291880923
2018-08-03 15:00:00,Summer,2.5920824228703703,0.36868921197769644,2.4085543677521746
2018-08-03 16:00:00,Summer,2.872693894537037,0.43905424256481407,2.1467549799530254
2018-08-03 17:00:00,Summer,3.001320967638889,0.4468794964520271,2.0420352248333655
2018-08-03 18:00:00,Summer,2.9357155316203705,0.35354335873325443,1.9373154697137058
2018-08-03 19:00:00,Summer,2.705446879884259,0.26579801691863886,1.9896753472735356
2018-08-03 20:00:00,Summer,2.3540457103703702,0.22052866013994082,1.8849555921538759
2018-08-03 21:00:00,Summer,1.9648427765972223,0.12712430012979434,2.199114857512855
2018-08-03 22:00:00,Summer,1.6313830908796296,0.09287096203867122,1.9373154697137058
2018-08-03 23:00:00,Summer,1.3853573091435187,0.13568591478768455,2.9845130209103035
2018-08-04 00:00:00,Summer,1.3249825781250002,0.07551593736214783,2.6179938779914944
2018-08-04 01:00:00,Summer,1.4240419384490741,0.08421832741949349,2.827433388230814
2018-08-04 02:00:00,Summer,1.702613899699074,0.0835766040416696,3.141592653589793
2018-08-04 03:00:00,Summer,2.0229844988657413,0.08055347656515045,3.455751918948773
2018-08-04 04:00:00,Summer,2.3101362424074074,0.025182003794626637,2.4609142453120048
2018-08-04 05:00:00,Summer,2.487905722453704,0.020025121014238874,1.7278759594743864
2018-08-04 06:00:00,Summer,2.5056970592824075,0.015904345538993583,2.1467549799530254
2018-08-04 07:00:00,Summer,2.3740483602777775,0.11310927542212716,3.2463124087094526
2018-08-04 08:00:00,Summer,2.1048295556944443,0.18391684772335137,2.7750735106709836
2018-08-04 09:00:00,Summer,1.8060758585416667,0.17107234769998345,2.3038346126325147
2018-08-04 10:00:00,Summer,1.528236882175926,0.15654621489611265,2.356194490192345
2018-08-04 11:00:00,Summer,1.363878961111111,0.2002806269784013,2.6179938779914944
2018-08-04 12:00:00,Summer,1.3930365805787037,0.2109582022791349,2.7227136331111543
2018-08-04 13:00:00,Summer,1.6019406761111112,0.30662158873656153,2.3038346126325147
2018-08-04 14:00:00,Summer,1.963409916111111,0.34117350749346975,2.1467549799530254
2018-08-04 15:00:00,Summer,2.376627485208333,0.4705495575699313,2.0420352248333655
2018-08-04 16:00:00,Summer,2.7240168511574074,0.5414243076359815,2.0420352248333655
2018-08-04 17:00:00,Summer,2.983808092662037,0.5959949451531255,1.9373154697137058
2018-08-04 18:00:00,Summer,3.0400078422685186,0.5329667347556382,1.9373154697137058
2018-08-04 19:00:00,Summer,2.9832511767592593,0.47185495449717496,1.8325957145940461
2018-08-04 20:00:00,Summer,2.6804670617361115,0.32070443203955307,1.8849555921538759
2018-08-04 21:00:00,Summer,2.3136869440046297,0.2488053239467829,1.8325957145940461
2018-08-04 22:00:00,Summer,1.9107711693055556,0.30571227614457885,2.356194490192345
2018-08-04 23:00:00,Summer,1.566126865,0.19600865358674355,2.4609142453120048
2018-08-05 00:00:00,Summer,1.3301456044444446,0.2505471102567482,2.7227136331111543
2018-08-05 01:00:00,Summer,1.2180797224305557,0.1419903000620018,2.7750735106709836
2018-08-05 02:00:00,Summer,1.2865529735416665,0.14416741753135343,2.827433388230814
2018-08-05 03:00:00,Summer,1.5201451914120372,0.13042763998268136,2.4085543677521746
2018-08-05 04:00:00,Summer,1.8415308357175926,0.20813489890081158,2.4085543677521746
2018-08-05 05:00:00,Summer,2.161296231481481,0.17616382118721555,2.5132741228718345
2018-08-05 06:00:00,Summer,2.386255270069444,0.19760277747013102,2.5132741228718345
2018-08-05 07:00:00,Summer,2.4917534508333334,0.2321580519016505,2.3038346126325147
2018-08-05 08:00:00,Summer,2.427556985787037,0.1722738940631388,2.3038346126325147
2018-08-05 09:00:00,Summer,2.234828703425926,0.21723556867571875,2.0943951023931953
2018-08-05 10:00:00,Summer,1.9362141927314818,0.11617735106515079,2.0943951023931953
2018-08-05 11:00:00,Summer,1.6736108505092593,0.10154954172865338,2.3038346126325147
2018-08-05 12:00:00,Summer,1.4767659496064818,0.09871348395838975,2.251474735072685
2018-08-05 13:00:00,Summer,1.4842790803935184,0.09291999911229125,2.356194490192345
2018-08-05 14:00:00,Summer,1.6906418100462963,0.1675498505749021,2.5132741228718345
2018-08-05 15:00:00,Summer,2.0661286220833337,0.36373023952349814,2.356194490192345
2018-08-05 16:00:00,Summer,2.4496976965509254,0.34735895598171695,2.251474735072685
2018-08-05 17:00:00,Summer,2.8215677089351856,0.4071122840562391,2.356194490192345
2018-08-05 18:00:00,Summer,3.082389869027778,0.5334653613135395,2.0943951023931953
2018-08-05 19:00:00,Summer,3.160261261712963,0.44286371136892366,1.9896753472735356
2018-08-05 20:00:00,Summer,3.055322148819444,0.40637383728366416,1.9896753472735356
2018-08-05 21:00:00,Summer,2.7450614562731483,0.20810921590529027,1.8325957145940461
2018-08-05 22:00:00,Summer,2.314506052800926,0.12146276856848826,1.8849555921538759
2018-08-05 23:00:00,Summer,1.8702104022685186,0.20965459115483023,2.7227136331111543
2018-08-06 00:00:00,Summer,1.4834471517592591,0.1981795337718181,2.5656340004316642
2018-08-06 01:00:00,Summer,1.1814271624768518,0.1555853338630532,2.7750735106709836
2018-08-06 02:00:00,Summer,1.012196951550926,0.17577119265290342,3.4033920413889422
2018-08-06 03:00:00,Summer,1.0359763771296298,0.15904331944670674,3.7699111843077517
2018-08-06 04:00:00,Summer,1.2687356927777778,0.11376663665619938,3.560471674068432
2018-08-06 05:00:00,Summer,1.6346015424768519,0.1319215902614654,3.036872898470133
2018-08-06 06:00:00,Summer,2.0053081563657407,0.16009579807171215,2.9321531433504737
2018-08-06 07:00:00,Summer,2.3093936127777774,0.18675837549085358,2.8797932657906435
2018-08-06 08:00:00,Summer,2.5114294203009258,0.17892986050620985,2.670353755551324
2018-08-06 09:00:00,Summer,2.5139646668749998,0.11646043488124166,2.7227136331111543
2018-08-06 10:00:00,Summer,2.3879762575694445,0.05938647378907466,2.670353755551324
2018-08-06 11:00:00,Summer,2.0927522178935187,0.05121465607594619,2.8797932657906435
2018-08-06 12:00:00,Summer,1.8304637621990738,0.03345506979860317,3.089232776029963
2018-08-06 13:00:00,Summer,1.5923387171527779,0.18824392263033607,3.9269908169872414
2018-08-06 14:00:00,Summer,1.5893332643518518,0.2893242868256287,2.827433388230814
2018-08-06 15:00:00,Summer,1.7571751658796295,0.295651266881854,2.356194490192345
2018-08-06 16:00:00,Summer,2.1406602666203707,0.3504825454962974,2.356194490192345
2018-08-06 17:00:00,Summer,2.5590166578935185,0.43316029970529324,2.251474735072685
2018-08-06 18:00:00,Summer,2.929126489189815,0.43079166910727335,2.199114857512855
2018-08-06 19:00:00,Summer,3.1940937728240746,0.351481686009247,2.199114857512855
2018-08-06 20:00:00,Summer,3.2484261262037037,0.3466302095038229,2.1467549799530254
2018-08-06 21:00:00,Summer,3.1083378141435185,0.3045080071891413,2.0420352248333655
2018-08-06 22:00:00,Summer,2.741241805,0.17826360143951195,1.8849555921538759
2018-08-06 23:00:00,Summer,2.288009509050926,0.1222632731181025,1.9373154697137058
2018-08-07 00:00:00,Summer,1.7944982729861112,0.07634321360865172,1.9373154697137058
2018-08-07 01:00:00,Summer,1.3719448374074075,0.0754764624634599,2.7227136331111543
2018-08-07 02:00:00,Summer,1.0234942287962963,0.1413885031599217,3.560471674068432
2018-08-07 03:00:00,Summer,0.8295623992592593,0.0786881268550285,3.455751918948773
2018-08-07 04:00:00,Summer,0.8259908905092593,0.09211896175957043,3.8222710618675815
2018-08-07 05:00:00,Summer,1.0885597962731484,0.15240523497440298,4.136430327226561
2018-08-07 06:00:00,Summer,1.5090580890277776,0.1277049701900654,2.827433388230814
2018-08-07 07:00:00,Summer,1.9637005546527782,0.15656578425002984,2.9845130209103035
2018-08-07 08:00:00,Summer,2.331875387361111,0.2586132017689725,2.9845130209103035
2018-08-07 09:00:00,Summer,2.599568134791667,0.2709181906223509,2.670353755551324
2018-08-07 10:00:00,Summer,2.6516544921064815,0.27431576866671864,2.3038346126325147
2018-08-07 11:00:00,Summer,2.548136181018519,0.20805279334674662,2.1467549799530254
2018-08-07 12:00:00,Summer,2.2678003448379633,0.22269891339599707,2.0420352248333655
2018-08-07 13:00:00,Summer,1.959735761435185,0.20691719354867918,1.9373154697137058
2018-08-07 14:00:00,Summer,1.6945249980787038,0.1640327691938359,2.251474735072685
2018-08-07 15:00:00,Summer,1.6190297734259258,0.18935752798227315,2.199114857512855
2018-08-07 16:00:00,Summer,1.7876849930555556,0.30625191545696356,2.1467549799530254
2018-08-07 17:00:00,Summer,2.1502243005555557,0.3892191336047802,2.0943951023931953
2018-08-07 18:00:00,Summer,2.6249598072685183,0.477868953893411,2.1467549799530254
2018-08-07 19:00:00,Summer,3.0268938437037036,0.46123703508048797,2.199114857512855
2018-08-07 20:00:00,Summer,3.309209837037037,0.49751132653906394,2.0943951023931953
2018-08-07 21:00:00,Summer,3.3774372723611115,0.38184828541215016,1.9896753472735356
2018-08-07 22:00:00,Summer,3.205686994837963,0.3319886918974,1.9896753472735356
2018-08-07 23:00:00,Summer,2.815769053726852,0.18210791749736965,1.9373154697137058
2018-08-08 00:00:00,Summer,2.296391243726852,0.1360746721256388,1.9373154697137058
2018-08-08 01:00:00,Summer,1.765885368240741,0.15559574622786612,2.5656340004316642
2018-08-08 02:00:00,Summer,1.2952490851157408,0.12696403707337064,3.2463124087094526
2018-08-08 03:00:00,Summer,0.8912929588425926,0.10204287988445165,3.8746309394274117
2018-08-08 04:00:00,Summer,0.7938726289351853,0.0012381451910857483,1.2566370614359172
2018-08-08 05:00:00,Summer,0.7972822019907407,0.0002847290999778216,0.9948376736367678
2018-08-08 06:00:00,Summer,0.940167910925926,0.03721892691814946,2.9845130209103035
2018-08-08 07:00:00,Summer,1.462069438287037,0.06346166724249908,3.2463124087094526
2018-08-08 08:00:00,Summer,1.9808559382407407,0.09869415966952413,3.2463124087094526
2018-08-08 09:00:00,Summer,2.4285803905324075,0.04396837650327387,2.0943951023931953
2018-08-08 10:00:00,Summer,2.7155145491435184,0.04647820884747241,1.9373154697137058
2018-08-08 11:00:00,Summer,2.811629172222222,0.025507923918047244,1.9896753472735356
2018-08-08 12:00:00,Summer,2.6794193270833335,0.09756566839630079,2.4609142453120048
2018-08-08 13:00:00,Summer,2.3741290553472223,0.09550578891264508,2.4609142453120048
2018-08-08 14:00:00,Summer,2.0113771832407403,0.2311644463543973,2.8797932657906435
2018-08-08 15:00:00,Summer,1.7173631105324076,0.2664995748237611,2.5656340004316642
2018-08-08 16:00:00,Summer,1.6085056858796296,0.1892344595918055,2.0943951023931953
2018-08-08 17:00:00,Summer,1.7493879021990741,0.18248480341282575,2.0943951023931953
2018-08-08 18:00:00,Summer,2.1584760362268516,0.2648453520865801,2.251474735072685
2018-08-08 19:00:00,Summer,2.666586424837963,0.4208543674158812,2.0943951023931953
2018-08-08 20:00:00,Summer,3.122575909837963,0.473670879255444,2.0420352248333655
2018-08-08 21:00:00,Summer,3.432752618912037,0.4569429510041817,1.9896753472735356
2018-08-08 22:00:00,Summer,3.4960527782870368,0.3648309657494303,1.9896753472735356
2018-08-08 23:00:00,Summer,3.2963154059490747,0.2518999729493004,1.9896753472735356
2018-08-09 00:00:00,Summer,2.841726967939815,0.19269791614765336,2.0420352248333655
2018-08-09 01:00:00,Summer,2.270939132476852,0.11999481452883685,2.0420352248333655
2018-08-09 02:00:00,Summer,1.7158453069212964,0.10207842914540405,2.0420352248333655
2018-08-09 03:00:00,Summer,1.206778899212963,0.08647598930177787,3.5081117965086026
2018-08-09 04:00:00,Summer,0.8097057370370371,0.02600066647329295,4.031710572106901
2018-08-09 05:00:00,Summer,0.8046812290046298,0.0004874041083161951,0.9424777960769379
2018-08-09 06:00:00,Summer,0.8062712929861111,0.00028810085404130703,7.382742735936014
2018-08-09 07:00:00,Summer,0.8755150384722223,0.03271114292696026,4.241150082346221
2018-08-09 08:00:00,Summer,1.4552798230787036,0.054078379201821146,3.141592653589793
2018-08-09 09:00:00,Summer,2.035387026689815,0.027543762445022175,2.199114857512855
2018-08-09 10:00:00,Summer,2.4965991407638892,0.028661794615818786,1.8849555921538759
2018-08-09 11:00:00,Summer,2.8149868245833334,0.03202001961567144,2.3038346126325147
2018-08-09 12:00:00,Summer,2.8935779606944445,0.027788846434628964,1.7278759594743864
2018-08-09 13:00:00,Summer,2.749344370555556,0.012233081139379636,1.2566370614359172
2018-08-09 14:00:00,Summer,2.398833010439815,0.1140997289369292,3.141592653589793
2018-08-09 15:00:00,Summer,1.975203497893519,0.15018967557411816,2.9845130209103035
2018-08-09 16:00:00,Summer,1.6343455631944446,0.16331759872934154,2.827433388230814
2018-08-09 17:00:00,Summer,1.5042415249074075,0.10203239787010734,2.7750735106709836
2018-08-09 18:00:00,Summer,1.6993760315972222,0.1530561029108559,2.5132741228718345
2018-08-09 19:00:00,Summer,2.1741068663425924,0.22341983111429897,2.356194490192345
2018-08-09 20:00:00,Summer,2.740066418240741,0.4135848872085632,2.251474735072685
2018-08-09 21:00:00,Summer,3.2265247495370373,0.3173606576298882,2.1467549799530254
2018-08-09 22:00:00,Summer,3.5523254218981486,0.34590429898379205,2.356194490192345
2018-08-09 23:00:00,Summer,3.6041913997916666,0.38313074230493643,2.1467549799530254
2018-08-10 00:00:00,Summer,3.350495564652778,0.2990574076627442,1.9896753472735356
2018-08-10 01:00:00,Summer,2.854302632476852,0.19504062482289905,1.8325957145940461
2018-08-10 02:00:00,Summer,2.251713507893519,0.13988680435732675,2.1467549799530254
2018-08-10 03:00:00,Summer,1.666958089537037,0.0921239811870231,2.5656340004316642
2018-08-10 04:00:00,Summer,1.1418048942129633,0.051662065210953755,2.9321531433504737
2018-08-10 05:00:00,Summer,0.8125009592824075,0.0023750684205187645,1.1519173063162573
2018-08-10 06:00:00,Summer,0.8121373056018519,0.00013368277877068532,0.9948376736367678
2018-08-10 07:00:00,Summer,0.8158232011342593,0.00015344766273585718,1.1519173063162573
2018-08-10 08:00:00,Summer,0.9075342354629631,0.02448990484687815,3.455751918948773
2018-08-10 09:00:00,Summer,1.5521241541203705,0.04579863876088923,3.717551306747922
2018-08-10 10:00:00,Summer,2.1575055899537037,0.018054516172169466,2.199114857512855
2018-08-10 11:00:00,Summer,2.657781713888889,0.01959665028932239,2.0943951023931953
2018-08-10 12:00:00,Summer,2.9711472583796295,0.21081442462288388,2.5132741228718345
2018-08-10 13:00:00,Summer,3.0103071238425927,0.2966040064615233,2.356194490192345
2018-08-10 14:00:00,Summer,2.800677550740741,0.3100252274010251,2.0943951023931953
2018-08-10 15:00:00,Summer,2.381212270972222,0.2010811353696955,1.8849555921538759
2018-08-10 16:00:00,Summer,1.9368521749768517,0.2510315970828771,2.251474735072685
2018-08-10 17:00:00,Summer,1.5784728017361112,0.20856934074014355,2.3038346126325147
2018-08-10 18:00:00,Summer,1.4619980328935185,0.20664118925949881,2.356194490192345
2018-08-10 19:00:00,Summer,1.6690900953935184,0.17092193311358117,2.5656340004316642
2018-08-10 20:00:00,Summer,2.1757812713657407,0.17786254734294005,2.5132741228718345
2018-08-10 21:00:00,Summer,2.7479551611574076,0.23569783430947963,2.670353755551324
2018-08-10 22:00:00,Summer,3.2508002199074078,0.21397919718584257,2.8797932657906435
2018-08-10 23:00:00,Summer,3.5561447590740745,0.17656070857356837,2.7227136331111543
2018-08-11 00:00:00,Summer,3.6018143048842597,0.22940835929428044,2.5132741228718345
2018-08-11 01:00:00,Summer,3.3151590015046293,0.15384915951489933,2.199114857512855
2018-08-11 02:00:00,Summer,2.7805071237731482,0.09445684246024898,2.251474735072685
2018-08-11 03:00:00,Summer,2.166903187314815,0.08596731868893812,2.4609142453120048
2018-08-11 04:00:00,Summer,1.57853074125,0.039427416927990074,2.6179938779914944
2018-08-11 05:00:00,Summer,1.056185405486111,0.02220648741438221,3.089232776029963
2018-08-11 06:00:00,Summer,0.8171340234027777,0.0002370626388557858,0.9424777960769379
2018-08-11 07:00:00,Summer,0.8213447041666667,0.00027482482247596007,1.0471975511965976
2018-08-11 08:00:00,Summer,0.8224440324305556,0.0005362800136736475,7.173303225696694
2018-08-11 09:00:00,Summer,1.0826183856944442,0.0645511526642856,4.869468613064179
2018-08-11 10:00:00,Summer,1.7492633662962962,0.134585023847122,3.2986722862692828
2018-08-11 11:00:00,Summer,2.3689073150925926,0.13463398110630684,3.2986722862692828
2018-08-11 12:00:00,Summer,2.8303935781250003,0.19100015732136205,3.089232776029963
2018-08-11 13:00:00,Summer,3.0933141611805555,0.2524372985762135,2.3038346126325147
2018-08-11 14:00:00,Summer,3.0672209619212967,0.35684663938941896,2.1467549799530254
2018-08-11 15:00:00,Summer,2.7704229112500003,0.39465324193378765,1.9373154697137058
2018-08-11 16:00:00,Summer,2.3085867044444446,0.33760359951270624,1.9373154697137058
2018-08-11 17:00:00,Summer,1.8313371211805554,0.325613425284222,2.251474735072685
2018-08-11 18:00:00,Summer,1.4869424826851851,0.26378929424556974,2.5656340004316642
2018-08-11 19:00:00,Summer,1.3807026573842593,0.22679321764229385,2.7227136331111543
2018-08-11 20:00:00,Summer,1.634330283125,0.2536837178171235,2.6179938779914944
2018-08-11 21:00:00,Summer,2.1755625709953703,0.3076776154985698,2.4085543677521746
2018-08-11 22:00:00,Summer,2.7668111730092595,0.41871354793374504,2.4085543677521746
2018-08-11 23:00:00,Summer,3.2566776106481483,0.3146638660146033,2.5132741228718345
2018-08-12 00:00:00,Summer,3.5461407975231483,0.20217344429409279,2.5132741228718345
2018-08-12 01:00:00,Summer,3.5340021755324074,0.18726008761271695,2.3038346126325147
2018-08-12 02:00:00,Summer,3.217662130300926,0.13329259328682758,2.199114857512855
2018-08-12 03:00:00,Summer,2.6659079061574076,0.10052993631856098,2.1467549799530254
2018-08-12 04:00:00,Summer,2.0489855456018518,0.072520954354729,2.1467549799530254
2018-08-12 05:00:00,Summer,1.485955749027778,0.03888864038131956,2.9321531433504737
2018-08-12 06:00:00,Summer,0.9788016502777779,0.028297738311550413,4.34586983746588
2018-08-12 07:00:00,Summer,0.8053497686805556,0.00027577351813856427,0.9948376736367678
2018-08-12 08:00:00,Summer,0.8049899914120371,0.00022915485970521657,0.9948376736367678
2018-08-12 09:00:00,Summer,0.8044080979861111,0.0015966579294505957,6.178465552059926
2018-08-12 10:00:00,Summer,1.3241364242824074,0.051459172683679874,3.8222710618675815
2018-08-12 11:00:00,Summer,2.001963596226852,0.1012334451641069,3.560471674068432
2018-08-12 12:00:00,Summer,2.579713230347222,0.11425700228093462,2.7750735106709836
2018-08-12 13:00:00,Summer,2.9987738849074073,0.2751025581449675,2.6179938779914944
2018-08-12 14:00:00,Summer,3.1806958752314816,0.3932710844935817,2.251474735072685
2018-08-12 15:00:00,Summer,3.0707441309259256,0.4353611387488117,1.8325957145940461
2018-08-12 16:00:00,Summer,2.707726494976852,0.35239690170437876,1.6755160819145563
2018-08-12 17:00:00,Summer,2.193979943425926,0.25388404857230035,1.7278759594743864
2018-08-12 18:00:00,Summer,1.7389939787962965,0.27307044820258275,2.1467549799530254
2018-08-12 19:00:00,Summer,1.4147239006944445,0.2274207781979835,2.3038346126325147
2018-08-12 20:00:00,Summer,1.3234076008101852,0.2026131459042502,2.7750735106709836
2018-08-12 21:00:00,Summer,1.6041688512268517,0.22663995585342103,2.670353755551324
2018-08-12 22:00:00,Summer,2.155227886689815,0.2939868498482651,2.5132741228718345
2018-08-12 23:00:00,Summer,2.753130433310185,0.27630369014227124,2.670353755551324
2018-08-13 00:00:00,Summer,3.204642432708334,0.3318599767755968,2.5656340004316642
2018-08-13 01:00:00,Summer,3.473513395439815,0.23102299841758195,2.4085543677521746
2018-08-13 02:00:00,Summer,3.435296052407407,0.20369521862977083,2.3038346126325147
2018-08-13 03:00:00,Summer,3.0991617100694446,0.1352452463066236,2.0943951023931953
2018-08-13 04:00:00,Summer,2.5499401209722223,0.11424432258089814,2.0943951023931953
2018-08-13 05:00:00,Summer,1.9569806851851854,0.07052193436005516,2.0420352248333655
2018-08-13 06:00:00,Summer,1.414000892476852,0.06614885349953757,2.9845130209103035
2018-08-13 07:00:00,Summer,0.9440670302546297,0.05561663098749399,3.979350694547071
2018-08-13 08:00:00,Summer,0.8210889401388889,0.0005049524648109249,0.9948376736367678
2018-08-13 09:00:00,Summer,0.8216939039583333,0.000773996924391244,0.9424777960769379
2018-08-13 10:00:00,Summer,0.9798952739583333,0.17921626739137106,4.764748857944519
2018-08-13 11:00:00,Summer,1.6238766921527779,0.27045712511820247,2.4085543677521746
2018-08-13 12:00:00,Summer,2.2663480799999998,0.41172316060632475,2.4085543677521746
2018-08-13 13:00:00,Summer,2.8003053416203705,0.5293035842496696,2.4085543677521746
2018-08-13 14:00:00,Summer,3.1546305531481487,0.5562405216426767,2.1467549799530254
2018-08-13 15:00:00,Summer,3.241313376481482,0.5643596281452623,1.8849555921538759
2018-08-13 16:00:00,Summer,3.045532600462963,0.5298385080989629,1.7278759594743864
2018-08-13 17:00:00,Summer,2.5976846483564815,0.3686427315263443,1.780235837034216
2018-08-13 18:00:00,Summer,2.091435739861111,0.2958436482858275,1.8849555921538759
2018-08-13 19:00:00,Summer,1.6274544997916665,0.29069672645295513,2.356194490192345
2018-08-13 20:00:00,Summer,1.3366801475694445,0.26088450465473234,2.4609142453120048
2018-08-13 21:00:00,Summer,1.280989815023148,0.2584409971502091,2.9321531433504737
2018-08-13 22:00:00,Summer,1.5900526827546295,0.27192715955288166,2.9321531433504737
2018-08-13 23:00:00,Summer,2.1383833404166666,0.3561832781265539,2.6179938779914944
2018-08-14 00:00:00,Summer,2.682248505185185,0.3630792063777315,2.5656340004316642
2018-08-14 01:00:00,Summer,3.102068066851852,0.3574162992741845,2.5656340004316642
2018-08-14 02:00:00,Summer,3.3178884460185185,0.3142033810605994,2.356194490192345
2018-08-14 03:00:00,Summer,3.227711544490741,0.2123862577466157,2.3038346126325147
2018-08-14 04:00:00,Summer,2.8771020173148147,0.16395278599800855,2.356194490192345
2018-08-14 05:00:00,Summer,2.3482883915972224,0.0940922679331749,2.4085543677521746
2018-08-14 06:00:00,Summer,1.7917211820138887,0.0819286748218841,2.199114857512855
2018-08-14 07:00:00,Summer,1.3109008481712965,0.15702591014010672,3.193952531149623
2018-08-14 08:00:00,Summer,0.9139179993981482,0.17534486050814257,3.455751918948773
2018-08-14 09:00:00,Summer,0.8144900943518519,0.0019178296378587689,1.0995574287564276
2018-08-14 10:00:00,Summer,0.8352665362731481,0.08306442051349858,3.455751918948773
2018-08-14 11:00:00,Summer,1.3005942936574073,0.21286235649943575,3.2986722862692828
2018-08-14 12:00:00,Summer,1.931032709097222,0.3421097905060622,2.9845130209103035
2018-08-14 13:00:00,Summer,2.504206523287037,0.481156111868548,2.670353755551324
2018-08-14 14:00:00,Summer,2.9645489399537035,0.618318098675162,2.4085543677521746
2018-08-14 15:00:00,Summer,3.2310963386805556,0.5516322102070065,2.0943951023931953
2018-08-14 16:00:00,Summer,3.2408120435879635,0.5303889354056751,1.8849555921538759
2018-08-14 17:00:00,Summer,2.9533009511111112,0.41243455200928525,1.9373154697137058
2018-08-14 18:00:00,Summer,2.4912698787037035,0.35796233171662817,1.8849555921538759
2018-08-14 19:00:00,Summer,1.9761163080092594,0.30371564143647845,2.1467549799530254
2018-08-14 20:00:00,Summer,1.5376541464120372,0.2845737228352059,2.4609142453120048
2018-08-14 21:00:00,Summer,1.258302289212963,0.2514089704971227,2.670353755551324
2018-08-14 22:00:00,Summer,1.2510836955555553,0.26426772147909766,2.827433388230814
2018-08-14 23:00:00,Summer,1.546457680138889,0.24236338398353763,2.7750735106709836
2018-08-15 00:00:00,Summer,2.052540286365741,0.3013268239992654,2.7750735106709836
2018-08-15 01:00:00,Summer,2.5566194318287034,0.3780379008715011,2.670353755551324
2018-08-15 02:00:00,Summer,2.9288845117361118,0.37012421120719213,2.5656340004316642
2018-08-15 03:00:00,Summer,3.111008485416667,0.3216233389191719,2.5132741228718345
2018-08-15 04:00:00,Summer,3.0343703652546297,0.282158388135619,2.3038346126325147
2018-08-15 05:00:00,Summer,2.6962153214814815,0.23368986965074814,2.251474735072685
2018-08-15 06:00:00,Summer,2.2121565793981484,0.1755620317779337,2.3038346126325147
2018-08-15 07:00:00,Summer,1.716868861712963,0.1930583029293448,2.5656340004316642
2018-08-15 08:00:00,Summer,0.8129913169675925,0.010569784109195322,3.036872898470133
2018-08-15 09:00:00,Summer,0.8153838440972223,0.008390839436118387,3.3510321638291125
2018-08-15 10:00:00,Summer,0.8120868556018519,0.0032362747682590214,1.0995574287564276
2018-08-15 11:00:00,Summer,0.8172755475925926,0.001104796788278361,1.0995574287564276
2018-08-15 12:00:00,Summer,0.8154854367361112,0.001418700890580963,1.0471975511965976
2018-08-15 13:00:00,Summer,0.811255182638889,0.001249453894813805,0.9948376736367678
2018-08-15 14:00:00,Summer,0.8069132438888889,0.0009210913707148941,1.0471975511965976
2018-08-15 15:00:00,Summer,0.7884983608796297,0.01584207422228892,1.2566370614359172
2018-08-15 16:00:00,Summer,0.7665980638194445,0.00044182327095924044,0.9948376736367678
2018-08-15 17:00:00,Summer,0.763282384050926,0.0004814301855312742,0.9424777960769379
2018-08-15 18:00:00,Summer,0.7615467938194446,0.000572382221727133,0.9424777960769379
2018-08-15 19:00:00,Summer,0.7571297676851853,0.0004160316866405854,0.9948376736367678
2018-08-15 20:00:00,Summer,0.7583322512037037,0.0003753042601234575,0.9424777960769379
2018-08-15 21:00:00,Summer,0.7627403952777778,0.00026718322383252835,0.9948376736367678
2018-08-15 22:00:00,Summer,0.7667708100925926,0.00024417867077608724,0.9424777960769379
2018-08-15 23:00:00,Summer,0.7686036393055556,8.832184828129883e-05,0.9948376736367678
2018-08-16 00:00:00,Summer,0.7718856016666668,0.0001622662596670933,0.9424777960769379
2018-08-16 01:00:00,Summer,0.7730441143518518,0.00016533836739706414,0.9424777960769379
2018-08-16 02:00:00,Summer,0.7736988715046297,0.0002587601626849874,0.9424777960769379
2018-08-16 03:00:00,Summer,0.7734698129166667,0.0002375691070808536,0.9948376736367678
2018-08-16 04:00:00,Summer,0.7739230736574073,0.00021050686133725164,0.9948376736367678
2018-08-16 05:00:00,Summer,0.7811277749652779,0.002753742744789309,1.0471975511965976
2018-08-16 06:00:00,Summer,0.8103759317939815,0.00017034112813571877,0.9686577348568528
2018-08-16 09:00:00,Summer,0.8352059088888889,0.01105456689785496,1.413716694115407
2018-08-16 10:00:00,Summer,0.8033388725925926,0.0071626406599545,0.9424777960769379
2018-08-16 11:00:00,Summer,0.7948934479282407,0.009673806128095925,1.335176877775662
2018-08-16 12:00:00,Summer,0.8057306740046297,0.0022482785723846052,0.9424777960769379
2018-08-16 13:00:00,Summer,0.8109162866782409,0.0009158947592887346,0.9424777960769379
2018-08-16 14:00:00,Summer,0.810419081087963,0.0003480752410236485,1.0995574287564276
2018-08-16 15:00:00,Summer,0.8060545573611111,0.0002385319283057308,1.0995574287564276
2018-08-16 16:00:00,Summer,0.8023905959027777,0.00029096671867848064,0.9424777960769379
2018-08-16 17:00:00,Summer,0.8018931730787038,0.00020540479468331122,0.9424777960769379
2018-08-16 18:00:00,Summer,0.8016504380787037,0.0003240739114890264,0.9424777960769379
2018-08-16 19:00:00,Summer,0.8027195764120371,0.00018413767915545498,0.9424777960769379
2018-08-16 20:00:00,Summer,0.8066913543981482,0.00036829160233446234,0.9424777960769379
2018-08-16 21:00:00,Summer,0.8131162415046297,0.00021013878298528857,0.9948376736367678
2018-08-16 22:00:00,Summer,0.8168755308796297,0.00043079766839353135,1.0995574287564276
2018-08-16 23:00:00,Summer,0.8161639916435186,0.0003201023853591369,1.1519173063162573
2018-08-17 00:00:00,Summer,0.8168008407407409,0.00029236358396680787,0.9424777960769379
2018-08-17 01:00:00,Summer,0.8158918697685186,0.00040547283657041443,0.9948376736367678
2018-08-17 02:00:00,Summer,0.81654107125,0.00039266960219879637,0.9948376736367678
2018-08-17 03:00:00,Summer,0.8126966453240742,0.0002811902690365133,1.0471975511965976
2018-08-17 04:00:00,Summer,0.8122349345833333,0.00023113994165606985,0.9424777960769379
2018-08-17 05:00:00,Summer,0.8115672572916667,0.00017602472440326144,1.0995574287564276
2018-08-17 06:00:00,Summer,0.8113100141435184,0.00024189002569794023,1.0995574287564276
2018-08-17 07:00:00,Summer,0.8144699016435186,0.0002103081229977378,1.0995574287564276
2019-01-10 13:00:00,Winter,3.006551036884921,0.011978864954670751,1.0322375861795035
2019-01-10 14:00:00,Winter,2.9914237925099205,0.022092233715484175,1.3015169564872
2019-01-10 15:00:00,Winter,2.7845230870039686,0.11535637032626295,2.6030339129744
2019-01-10 16:00:00,Winter,2.3846292422123017,0.09445190508452117,2.670353755551324
2019-01-10 17:00:00,Winter,1.9919537709027777,0.0759779700645489,2.827433388230814
2019-01-10 18:00:00,Winter,1.5901433214087302,0.05406093682985115,2.9845130209103035
2019-01-10 19:00:00,Winter,1.2146339453373016,0.03468746627999414,3.0967127585385104
2019-01-10 20:00:00,Winter,0.9618829705853176,0.07775260045676438,5.609986881410345
2019-01-10 21:00:00,Winter,0.9342355916765874,0.0908937705508519,5.789506461615476
2019-01-10 22:00:00,Winter,1.1673440641071429,0.07356433789131904,5.026548245743669
2019-01-10 23:00:00,Winter,1.5605831203769842,0.0521780450461064,3.792351131833393
2019-01-11 00:00:00,Winter,1.9706621611805555,0.019202752327769235,2.7601135456538897
2019-01-11 01:00:00,Winter,2.356641282539682,0.033671960289007846,2.782553493179531
2019-01-11 02:00:00,Winter,2.6967919333928574,0.00498971748463739,1.615676221846179
2019-01-11 03:00:00,Winter,2.8520759516964285,0.006406674799087405,1.9298354872051586
2019-01-11 04:00:00,Winter,2.8276704664087307,0.0036257889586520566,1.121997376282069
2019-01-11 05:00:00,Winter,2.656227358730159,0.3408913397561142,4.308469924923145
2019-01-11 06:00:00,Winter,2.350877368948413,0.26964359446055247,4.263590029871862
2019-01-11 07:00:00,Winter,2.0790746376091267,0.010692748535029713,1.0995574287564276
2019-01-11 08:00:00,Winter,1.8505465855059522,0.015164896821053403,1.2566370614359172
2019-01-11 09:00:00,Winter,1.7661160317063493,0.02495846873507053,1.2566370614359172
2019-01-11 10:00:00,Winter,1.8768572667261905,0.020760525724364872,1.3688367990641241
2019-01-11 11:00:00,Winter,2.101481530595238,0.014969995408948486,1.189317218858993
2019-01-11 12:00:00,Winter,2.4237481969642856,0.01806045166154797,1.481036536692331
2019-01-11 13:00:00,Winter,2.704575260654762,0.01714521523224351,1.5259164317436138
2019-01-11 14:00:00,Winter,2.837541727668651,0.012987564305846803,1.0995574287564276
2019-01-11 15:00:00,Winter,2.8395485778373017,0.01819663236243753,1.6605561168974619
2019-01-11 16:00:00,Winter,2.616564107480159,0.1000165614321011,3.006952968435945
2019-01-11 17:00:00,Winter,2.254642173095238,0.08460024472736152,2.894753230807738
2019-01-11 18:00:00,Winter,1.8732702651984128,0.06965145208054084,2.6479138080256828
2019-01-11 19:00:00,Winter,1.4780228406944447,0.047707563254122655,2.782553493179531
2019-01-11 20:00:00,Winter,1.2016002332539684,0.1389691521296492,4.084070449666731
2019-01-11 21:00:00,Winter,1.0905362320634922,0.13541177227702073,3.9045508694616
2019-01-11 22:00:00,Winter,1.171657848839286,0.06600744223334754,3.4108720238974892
2019-01-11 23:00:00,Winter,1.4629819700000002,0.017836266266663684,2.4683942278205517
2019-01-12 00:00:00,Winter,1.8818006951091268,0.01981401066119291,2.6479138080256828
2019-01-12 01:00:00,Winter,2.261324935198413,0.026090520661241928,2.4683942278205517
2019-01-12 02:00:00,Winter,2.6189053858333335,0.01861154248907584,2.3337545426667035
2019-01-12 03:00:00,Winter,2.8474898981646826,0.013748365983193716,2.064475172359007
2019-01-12 04:00:00,Winter,2.9141280752380956,0.00947895936323959,1.7951958020513104
2019-01-12 05:00:00,Winter,2.8486568524007936,0.007320798753805174,1.772755854525669
2019-01-12 06:00:00,Winter,2.79397121125,0.0052864256257342725,0.9424777960769379
2019-01-12 07:00:00,Winter,2.4768983735912697,0.01651172471808942,0.9424777960769379
2019-01-12 08:00:00,Winter,2.2031674614186505,0.015168629996365614,0.9424777960769379
2019-01-12 09:00:00,Winter,1.990354287202381,0.010577907619829068,0.9424777960769379
2019-01-12 10:00:00,Winter,1.9290583370238097,0.001962099696416205,1.6156762218461793
2019-01-12 11:00:00,Winter,1.945806198154762,0.0004281755547538498,1.009797638653862
2019-01-12 12:00:00,Winter,2.058336960168651,0.0006100109497226441,1.0546775337051448
2019-01-12 13:00:00,Winter,2.345808570952381,0.0005880126703676219,1.0322375861795035
2019-01-12 14:00:00,Winter,2.595670623253968,0.0005897343057207979,1.009797638653862
2019-01-12 15:00:00,Winter,2.697724599950397,0.000638719876496086,1.6381161693718207
2019-01-12 16:00:00,Winter,2.649189168611111,0.0006511852643753383,1.5707963267948966
2019-01-12 17:00:00,Winter,2.4433085747420638,0.0017041983576306465,2.715233650602607
2019-01-12 18:00:00,Winter,2.162656360843254,0.0003172982305148075,1.7054360119487448
2019-01-12 19:00:00,Winter,2.016554346954365,0.0008309278266798814,0.9424777960769379
2019-01-12 20:00:00,Winter,1.7578824093253966,0.012529388711419674,0.9424777960769379
2019-01-12 21:00:00,Winter,1.498967895138889,0.009789084197897058,0.9649177436025793
2019-01-12 22:00:00,Winter,1.4515805933928574,0.0010113085362446006,3.6352714991539035
2019-01-12 23:00:00,Winter,1.4655740488492064,0.0005939126588316577,3.2762323387436414
2019-01-13 00:00:00,Winter,1.707046775793651,0.00020108786658636405,2.1542349624615724
2019-01-13 01:00:00,Winter,2.0490526449900797,0.0015954050663737822,0.9649177436025793
2019-01-13 02:00:00,Winter,2.41998813844246,0.004024257231731533,0.9873576911282207
2019-01-13 03:00:00,Winter,2.724939613234127,0.004889004555215644,0.9424777960769379
2019-01-13 04:00:00,Winter,2.9145522865376985,0.005146573517024633,1.1444373238077103
2019-01-13 05:00:00,Winter,2.949505813630952,0.005972780802580527,1.3239569040128414
2019-01-13 06:00:00,Winter,2.841362426587302,0.004457716877363248,1.5259164317436138
2019-01-13 07:00:00,Winter,2.5536555268253966,0.0020928835086593675,1.3463968515384828
2019-01-13 08:00:00,Winter,2.261387031378968,0.0021793503937474427,1.593236274320538
2019-01-13 09:00:00,Winter,1.9654972596924603,0.001949507650927273,1.121997376282069
2019-01-13 10:00:00,Winter,1.719919027718254,0.008269246705874865,3.814791079359034
2019-01-13 11:00:00,Winter,1.6333191549305555,0.003558356909638253,1.481036536692331
2019-01-13 12:00:00,Winter,1.6990931511309524,0.003852247784653475,0.9649177436025793
2019-01-13 13:00:00,Winter,1.930645695059524,0.004185788438165171,0.9424777960769379
2019-01-13 14:00:00,Winter,2.208518237093254,0.009607637341464016,0.9873576911282207
2019-01-13 15:00:00,Winter,2.4007060327678573,0.013383381949998135,1.481036536692331
2019-01-13 16:00:00,Winter,2.5234546343055557,0.010506440556151742,1.1668772713333517
2019-01-13 17:00:00,Winter,2.502128851765873,0.008580593477264453,1.121997376282069
2019-01-13 18:00:00,Winter,2.3648188600396827,0.005176082585431919,1.3463968515384828
2019-01-13 19:00:00,Winter,2.1308585100099204,0.004017711685349238,1.189317218858993
2019-01-13 20:00:00,Winter,1.8262544951785713,0.002529930380853772,1.4361566416410483
2019-01-13 21:00:00,Winter,1.5612317443650796,0.0014410002975807595,1.2790770089615586
2019-01-13 22:00:00,Winter,1.506015957668651,0.0003151106830521454,1.0771174812307862
2019-01-13 23:00:00,Winter,1.5049771554761904,0.00019140534329163287,1.7054360119487448
2019-01-14 00:00:00,Winter,1.5620666690873017,0.0018317724997884914,2.064475172359007
2019-01-14 01:00:00,Winter,1.8796376167063493,0.001956661799435969,1.9747153822564414
2019-01-14 02:00:00,Winter,2.230091169345238,0.003605670947508272,2.490834175346193
2019-01-14 03:00:00,Winter,2.6007458750198413,0.0034595963195875,2.378634437717986
2019-01-14 04:00:00,Winter,2.8735390407837302,0.0029730452527248494,1.593236274320538
2019-01-14 05:00:00,Winter,3.0142445388789687,0.003486180136727405,1.3912767465897655
2019-01-14 06:00:00,Winter,3.0291432643055556,0.005113423397353298,1.009797638653862
2019-01-14 07:00:00,Winter,2.853122519027778,0.00746574485695717,1.0771174812307862
2019-01-14 08:00:00,Winter,2.5394807705654765,0.013996106880038658,1.2341971139102759
2019-01-14 09:00:00,Winter,2.2067678810218254,0.009204027930040215,1.009797638653862
2019-01-14 10:00:00,Winter,1.8663467062896824,0.00924433477539208,0.9873576911282207
2019-01-14 11:00:00,Winter,1.6031477451686507,0.008186772232161353,1.0546775337051448
2019-01-14 12:00:00,Winter,1.533958387123016,0.020272213467527292,3.837231026884676
2019-01-14 13:00:00,Winter,1.5552038851190477,0.06736204315351578,2.715233650602607
2019-01-14 14:00:00,Winter,1.7303518813888892,0.18042384503600234,2.5132741228718345
2019-01-14 15:00:00,Winter,1.991460262480159,0.11242499326022429,2.423514332769269
2019-01-14 16:00:00,Winter,2.23299000703373,0.1278485206179351,2.849873335756455
2019-01-14 17:00:00,Winter,2.426190192638889,0.04120133081397438,1.660556116897462
2019-01-14 18:00:00,Winter,2.5108741059126984,0.03512505206773221,1.6381161693718207
2019-01-14 19:00:00,Winter,2.4467834659126986,0.02096933841684715,1.3463968515384828
2019-01-14 20:00:00,Winter,2.270835581765873,0.01667766227509934,1.2117571663846345
2019-01-14 21:00:00,Winter,1.9933291998412699,0.008972108503175797,1.0322375861795035
2019-01-14 22:00:00,Winter,1.7343637889682542,0.1052875051580267,3.500631814000055
2019-01-14 23:00:00,Winter,1.562935136547619,0.09706993587544646,3.3435521813205655
2019-01-15 00:00:00,Winter,1.5336983645436508,0.07675367220943456,3.186472548641076
2019-01-15 01:00:00,Winter,1.7065900767757938,0.1423775015660163,2.715233650602607
2019-01-15 02:00:00,Winter,1.9982930155456349,0.1562466827435504,2.5581540179231173
2019-01-15 03:00:00,Winter,2.331718970922619,0.19006251119826045,2.4010743852436276
2019-01-15 04:00:00,Winter,2.7090670143849205,0.2235253185128104,2.4235143327692685
2019-01-15 05:00:00,Winter,3.0206469796527777,0.2189266938347458,2.715233650602607
2019-01-15 06:00:00,Winter,3.1539478265476193,0.30088287991350215,2.670353755551324
2019-01-15 07:00:00,Winter,3.135052227777778,0.32572836643969394,2.6927937030769655
2019-01-15 08:00:00,Winter,2.8871271731150796,0.3245625166747902,2.8723132832820966
2019-01-15 09:00:00,Winter,2.5744227483035713,0.2260996888379788,2.9171931783333793
2019-01-15 10:00:00,Winter,2.1995098564285716,0.1286057864959518,3.1640326011154345
2019-01-15 11:00:00,Winter,1.7945284970833333,0.07780832356661145,3.545511709051338
2019-01-15 12:00:00,Winter,1.4885539832738097,0.016789196911655622,2.423514332769269
2019-01-15 13:00:00,Winter,1.418644499513889,0.0069203763512496914,3.5679516565769793
2019-01-15 14:00:00,Winter,1.4255456563492064,0.008710815547458605,3.9045508694616
2019-01-15 15:00:00,Winter,1.581862470684524,0.14536152794394558,2.894753230807738
2019-01-15 16:00:00,Winter,1.8637564428373017,0.25733354890926197,2.423514332769269
2019-01-15 17:00:00,Winter,2.1283380045436506,0.3435338626554785,2.2664347000897793
2019-01-15 18:00:00,Winter,2.3959419118253966,0.2949705582126399,2.4683942278205517
2019-01-15 19:00:00,Winter,2.576719851825397,0.29212412307590097,2.782553493179531
2019-01-15 20:00:00,Winter,2.58649409203373,0.2787012629210561,2.7601135456538897
2019-01-15 21:00:00,Winter,2.4498957138095236,0.22233729811962633,2.962073073384662
2019-01-15 22:00:00,Winter,2.231784722609127,0.18721982638211052,3.141592653589793
2019-01-15 23:00:00,Winter,1.965691380218254,0.16937695361067298,3.657711446679545
2019-01-16 00:00:00,Winter,1.7746232093551588,0.19091857275106677,3.1191527060641517
2019-01-16 01:00:00,Winter,1.715366278531746,0.13721758753802443,3.0518328634872276
2019-01-16 02:00:00,Winter,1.89779786890873,0.09757429224168497,3.006952968435945
2019-01-16 03:00:00,Winter,2.1974060568353178,0.12943233163196838,2.9396331258590207
2019-01-16 04:00:00,Winter,2.5999027483928567,0.24612239678176367,2.5132741228718345
2019-01-16 05:00:00,Winter,2.9882386538988097,0.27805776134525256,2.356194490192345
2019-01-16 06:00:00,Winter,3.2175331143055557,0.28378547917489705,2.2664347000897793
2019-01-16 07:00:00,Winter,3.309517759712302,0.38776072962943425,2.356194490192345
2019-01-16 08:00:00,Winter,3.2373132017261907,0.38702061665673626,2.7376735981282483
2019-01-16 09:00:00,Winter,2.9234710270238096,0.3131044463214977,2.849873335756455
2019-01-16 10:00:00,Winter,2.5480235927678567,0.28439194026707937,3.006952968435945
2019-01-16 11:00:00,Winter,2.0736991524206347,0.3266231204403815,2.5581540179231173
2019-01-16 12:00:00,Winter,1.6247134590972223,0.3134679428686983,2.5132741228718345
2019-01-16 13:00:00,Winter,1.3552291155257938,0.07645959460478348,2.5805939654487586
2019-01-16 14:00:00,Winter,1.269861232142857,0.021416309815453862,3.1640326011154345
2019-01-16 15:00:00,Winter,1.235227376825397,0.021923848137942997,3.141592653589793
2019-01-16 16:00:00,Winter,1.4596498451190478,0.2431914922266863,2.917193178333379
2019-01-16 17:00:00,Winter,1.7735784966964288,0.23184912921867218,2.356194490192345
2019-01-16 18:00:00,Winter,2.2351514588888888,0.2958469210348914,2.5132741228718345
2019-01-16 19:00:00,Winter,2.5825381073611116,0.32698716261114713,2.3337545426667035
2019-01-16 20:00:00,Winter,2.7135247077182543,0.2814483052105453,2.490834175346193
2019-01-16 21:00:00,Winter,2.7762777883630956,0.3495527268574942,2.4010743852436276
2019-01-16 22:00:00,Winter,2.670453865972222,0.4591539741686595,2.243994752564138
2019-01-16 23:00:00,Winter,2.4458912415376983,0.300476362750961,2.311314595141062
2019-01-17 00:00:00,Winter,2.1610942250694443,0.26837267475464144,2.6030339129744
2019-01-17 01:00:00,Winter,1.922226523968254,0.08928352835549301,2.1542349624615724
2019-01-17 02:00:00,Winter,1.8326697605357145,0.19297853139426996,2.6254738605000414
2019-01-17 03:00:00,Winter,1.9604028953174604,0.21551990304066593,2.6927937030769655
2019-01-17 04:00:00,Winter,2.256761417212301,0.15679163607435095,2.894753230807738
2019-01-17 05:00:00,Winter,2.702028137559524,0.12275044961963638,2.827433388230814
2019-01-17 06:00:00,Winter,3.130978968998016,0.13498777003345364,2.7376735981282483
2019-01-17 07:00:00,Winter,3.373212149027778,0.19134221437347276,2.9845130209103035
2019-01-17 08:00:00,Winter,3.480078821428572,0.039751075723332495,1.3015169564872
2019-01-17 09:00:00,Winter,3.3177361575992066,0.029313560798950835,1.121997376282069
2019-01-17 10:00:00,Winter,3.019654959900794,0.030598386094006315,1.6605561168974619
2019-01-17 11:00:00,Winter,2.58591861109127,0.09394192005306581,2.7376735981282483
2019-01-17 12:00:00,Winter,2.0617413688293653,0.13547151526595014,2.8723132832820966
2019-01-17 13:00:00,Winter,1.609580236041667,0.17125827144512806,2.6254738605000414
2019-01-17 14:00:00,Winter,1.2786480660813493,0.0664756097577178,2.6927937030769655
2019-01-17 15:00:00,Winter,1.11708858984127,0.0077193955773514145,3.365992128846207
2019-01-17 16:00:00,Winter,1.1201469735119047,0.021439714513955932,3.006952968435945
2019-01-17 17:00:00,Winter,1.3219124702083334,0.07104976336299645,3.365992128846207
2019-01-17 18:00:00,Winter,1.7225917040178573,0.044583078042444296,3.141592653589793
2019-01-17 19:00:00,Winter,2.2080699390476193,0.05559332108806324,3.006952968435945
2019-01-17 20:00:00,Winter,2.5819632610813494,0.01364029108255012,1.0322375861795035
2019-01-17 21:00:00,Winter,2.7963205632440475,0.018480865227505666,1.2566370614359172
2019-01-17 22:00:00,Winter,2.8155015206150797,0.012774539474042517,1.2117571663846343
2019-01-17 23:00:00,Winter,2.6412803265277778,0.0091876761742483,1.4361566416410483
2019-01-18 00:00:00,Winter,2.3536465267261906,0.0068671174088665,2.0869151198846483
2019-01-18 01:00:00,Winter,2.0581693737103173,0.004359017093752844,1.413716694115407
2019-01-18 02:00:00,Winter,1.795308488730159,0.005276379116255403,1.7951958020513104
2019-01-18 03:00:00,Winter,1.752140005406746,0.006729275004249149,1.5483563792692552
2019-01-18 04:00:00,Winter,1.9483665277876985,0.005844966378878811,1.481036536692331
2019-01-18 05:00:00,Winter,2.3523259690873015,0.005485351007382623,0.9424777960769379
2019-01-18 06:00:00,Winter,2.8441326478174607,0.007029828591128462,0.9424777960769379
2019-01-18 07:00:00,Winter,3.2256313145932545,0.015548064415797584,1.3239569040128414
2019-01-18 08:00:00,Winter,3.478685890873016,0.02484699651088319,1.2341971139102759
2019-01-18 09:00:00,Winter,3.5382677406944447,0.03319308603327503,1.2117571663846343
2019-01-18 10:00:00,Winter,3.292703109236111,0.024425958188792993,1.1668772713333517
2019-01-18 11:00:00,Winter,2.8942843220535712,0.012949557148745544,1.4585965891666897
2019-01-18 12:00:00,Winter,2.3238425953571427,0.0040270071223039395,1.121997376282069
2019-01-18 13:00:00,Winter,1.7439723555257938,0.00190277165939596,0.9424777960769379
2019-01-18 14:00:00,Winter,1.3003663686309523,0.0011188990266166174,1.121997376282069
2019-01-18 15:00:00,Winter,1.1418368093055555,0.00315015948087693,0.9424777960769379
2019-01-18 16:00:00,Winter,1.1148302460515873,0.008266915690831465,8.79645943005142
2019-01-18 17:00:00,Winter,1.0415940937301589,0.0013173097875694584,7.31542289335909
2019-01-18 18:00:00,Winter,1.084741631170635,0.0010201384569476842,1.2790770089615586
2019-01-18 19:00:00,Winter,1.6313782225793654,0.0016425123901672245,1.481036536692331
2019-01-18 20:00:00,Winter,2.187399539136905,0.0017758014561480846,1.2117571663846345
2019-01-18 21:00:00,Winter,2.599060287172619,0.003345250345324613,0.9424777960769379
2019-01-18 22:00:00,Winter,2.866217780853175,0.005597051493990264,1.1444373238077103
2019-01-18 23:00:00,Winter,2.936894954920635,0.005467738570647849,1.121997376282069
2019-01-19 00:00:00,Winter,2.7374858682043652,0.0034426183884122916,1.413716694115407
2019-01-19 01:00:00,Winter,2.4011106740376986,0.0012158260343155486,1.5707963267948966
2019-01-19 02:00:00,Winter,2.0168417933333336,0.0006794130124849787,1.481036536692331
2019-01-19 03:00:00,Winter,1.7206646503373015,0.0006247823599916428,2.6927937030769655
2019-01-19 04:00:00,Winter,1.6913864591666665,0.0006552099243384674,1.0771174812307862
2019-01-19 05:00:00,Winter,1.9431742319940477,0.0009291648042512278,1.009797638653862
2019-01-19 06:00:00,Winter,2.420629298888889,0.001907868015460474,1.7503159070000276
2019-01-19 07:00:00,Winter,2.974356008125,0.0072641058259173535,2.1093550674102897
2019-01-19 08:00:00,Winter,3.373391069226191,0.005367125938883119,1.593236274320538
2019-01-19 09:00:00,Winter,3.6266822168055555,0.007390203157169377,1.481036536692331
2019-01-19 10:00:00,Winter,3.5869697687103175,0.007488773132167458,1.2341971139102759
2019-01-19 11:00:00,Winter,3.2932755692757936,0.0051300726628900565,1.5707963267948966
2019-01-19 12:00:00,Winter,2.8107134832242067,0.0032005849297348774,1.8625156446282345
2019-01-19 13:00:00,Winter,2.1748055782738094,0.008001642929726105,1.0771174812307862
2019-01-19 14:00:00,Winter,1.5843177451091273,0.002379428194548255,1.3463968515384828
2019-01-19 15:00:00,Winter,1.132060753611111,0.002901762254592119,3.545511709051338
2019-01-19 16:00:00,Winter,1.0840327197023811,0.00097411229766948,6.8217440477949784
2019-01-19 17:00:00,Winter,1.0626172293749998,0.0013301675209803376,8.392540374589876
2019-01-19 18:00:00,Winter,1.0397147985714286,0.0006354609193766046,7.5398223686155035
2019-01-19 19:00:00,Winter,1.0873163623313493,0.0004914710436226403,1.3463968515384828
2019-01-19 20:00:00,Winter,1.642353779186508,0.0005239736839306253,1.5259164317436138
2019-01-19 21:00:00,Winter,2.249325421845238,0.000755214072475903,1.2790770089615586
2019-01-19 22:00:00,Winter,2.681043731299603,0.0011576931723535208,1.4585965891666897
2019-01-19 23:00:00,Winter,2.9738330671130955,0.0022075048779888347,1.3239569040128414
2019-01-20 00:00:00,Winter,2.9855672174404764,0.0022201487335250926,1.2790770089615586
2019-01-20 01:00:00,Winter,2.7392279774107147,0.0013176628151198536,1.3688367990641241
2019-01-20 02:00:00,Winter,2.3894532827579367,0.000628292377677032,1.5259164317436138
2019-01-20 03:00:00,Winter,1.961538143472222,0.0005612312251493839,1.0771174812307862
2019-01-20 04:00:00,Winter,1.6563717601091268,0.0004195787363496791,1.481036536692331
2019-01-20 05:00:00,Winter,1.6262642232242066,0.000586545491211165,1.3463968515384828
2019-01-20 06:00:00,Winter,1.9494850393055558,0.0010115778423965389,1.9298354872051584
2019-01-20 07:00:00,Winter,2.5051415550496032,0.002425061303827371,1.481036536692331
2019-01-20 08:00:00,Winter,3.0239635798511904,0.019696450223175073,2.0869151198846483
2019-01-20 09:00:00,Winter,3.441344145446429,0.005965161239180044,1.4585965891666897
2019-01-20 10:00:00,Winter,3.7025052669246032,0.019384004414193908,1.7951958020513104
2019-01-20 11:00:00,Winter,3.6151767296527777,0.13869063943596893,2.8723132832820966
2019-01-20 12:00:00,Winter,3.2812315516170636,0.2016131005456684,2.535714070397476
2019-01-20 13:00:00,Winter,2.692304623392857,0.17021010687364982,2.5132741228718345
2019-01-20 14:00:00,Winter,2.056575325496032,0.1729552410715115,2.2888746476154207
2019-01-20 15:00:00,Winter,1.524374915843254,0.11084037826431227,2.4683942278205517
2019-01-20 16:00:00,Winter,1.081367195436508,0.03036014450165178,2.894753230807738
2019-01-20 17:00:00,Winter,0.9468840365476191,0.0018358967165792326,1.2117571663846343
2019-01-20 18:00:00,Winter,0.8939881918948412,0.0012474803404362432,7.382742735936014
2019-01-20 19:00:00,Winter,0.8788707845436508,0.003422565901305674,3.635271499153903
2019-01-20 20:00:00,Winter,1.1568567547023811,0.017278973767498033,2.782553493179531
2019-01-20 21:00:00,Winter,1.8402120706845237,0.2956109645644734,2.5132741228718345
2019-01-20 22:00:00,Winter,2.386222254880953,0.372862832607756,2.2664347000897793
2019-01-20 23:00:00,Winter,2.8245340999305557,0.5096743157514685,2.131795014935931
2019-01-21 00:00:00,Winter,3.0675141162500004,0.48868834956193347,1.8849555921538759
2019-01-21 01:00:00,Winter,3.0081920940178577,0.31823480729719344,1.8625156446282345
2019-01-21 02:00:00,Winter,2.7192209460515873,0.3155341793743663,1.840075697102593
2019-01-21 03:00:00,Winter,2.25523743125,0.20143946407934069,1.7951958020513104
2019-01-21 04:00:00,Winter,1.8066174075694446,0.10708784260805337,1.9073955396795172
2019-01-21 05:00:00,Winter,1.5253350330059523,0.08559012662416426,2.1093550674102897
2019-01-21 06:00:00,Winter,1.5565601109821428,0.09961825330190516,2.5132741228718345
2019-01-21 07:00:00,Winter,1.8953772499404764,0.1877393762587949,2.7376735981282483
2019-01-21 08:00:00,Winter,2.5036272067658727,0.34391801855347015,2.715233650602607
2019-01-21 09:00:00,Winter,3.0264835778769843,0.38788504445231503,2.5132741228718345
2019-01-21 10:00:00,Winter,3.482034220773809,0.25850139198005867,2.5132741228718345
2019-01-21 11:00:00,Winter,3.675152744077381,0.21068974390019235,2.5805939654487586
2019-01-21 12:00:00,Winter,3.559799008125,0.1713466698674727,2.4459542802949104
2019-01-21 13:00:00,Winter,3.1802509345436514,0.10988648176323315,2.3337545426667035
2019-01-21 14:00:00,Winter,2.5429957130357144,0.08546025521216143,2.2888746476154207
2019-01-21 15:00:00,Winter,1.8834145735119048,0.05851490303992657,2.2215548050384966
2019-01-21 16:00:00,Winter,1.347269627876984,0.05076161496855137,3.0967127585385104
2019-01-21 17:00:00,Winter,0.9553513815674605,0.007129266017917819,3.455751918948772
2019-01-21 18:00:00,Winter,0.9413442415476191,0.0002210635896717173,1.1668772713333517
2019-01-21 19:00:00,Winter,0.9432882339880952,9.843690493778023e-05,1.0322375861795035
2019-01-21 20:00:00,Winter,0.940937457420635,0.00031973622593211686,7.225663103256523
2019-01-21 21:00:00,Winter,1.1935773671825396,0.05561701455752382,3.635271499153903
2019-01-21 22:00:00,Winter,1.8910735408432537,0.1040365042128596,3.2762323387436414
2019-01-21 23:00:00,Winter,2.441676809672619,0.15927948673344322,2.9845130209103035
2019-01-22 00:00:00,Winter,2.892135239246032,0.13899001527732827,2.782553493179531
2019-01-22 01:00:00,Winter,3.0592989744444443,0.08448052851135786,2.535714070397476
2019-01-22 02:00:00,Winter,2.97328919703373,0.09078225861033322,2.378634437717986
2019-01-22 03:00:00,Winter,2.6411678697023806,0.07307230590700176,2.2664347000897793
2019-01-22 04:00:00,Winter,2.163796435873016,0.03622247910139391,2.064475172359007
2019-01-22 05:00:00,Winter,1.703850884414683,0.029025777508968925,2.064475172359007
2019-01-22 06:00:00,Winter,1.4530211363690477,0.026260866932657653,2.1542349624615724
2019-01-22 07:00:00,Winter,1.5017932651984127,0.03273441243743143,2.5132741228718345
2019-01-22 08:00:00,Winter,1.9356802011507939,0.02010104861147498,1.8176357495769517
2019-01-22 09:00:00,Winter,2.4883634278670637,0.012205797042551661,1.0995574287564276
2019-01-22 10:00:00,Winter,3.0115062211805554,0.012442630359990874,1.2341971139102759
2019-01-22 11:00:00,Winter,3.4647015685317455,0.010167132531675309,1.3015169564872
2019-01-22 12:00:00,Winter,3.6090382978174604,0.013497160207064783,1.3912767465897655
2019-01-22 13:00:00,Winter,3.4766263545932543,0.01098145135160455,1.3688367990641241
2019-01-22 14:00:00,Winter,2.997046125138889,0.005188672342378289,1.1668772713333517
2019-01-22 15:00:00,Winter,2.3535046724900797,0.012784040293888101,2.9396331258590207
2019-01-22 16:00:00,Winter,1.774982771051587,0.008402937171575212,3.186472548641076
2019-01-22 17:00:00,Winter,1.252494226220238,0.0028274265808301232,3.321112233794924
2019-01-22 18:00:00,Winter,0.9744151045238095,7.188082429185383e-05,0.9424777960769379
2019-01-22 19:00:00,Winter,0.9740235034325397,8.005036568150967e-05,0.9424777960769379
2019-01-22 20:00:00,Winter,0.9755697166567461,4.133780981089953e-05,0.9873576911282207
2019-01-22 21:00:00,Winter,0.9749126191269841,0.002471857144425082,1.2117571663846343
2019-01-22 22:00:00,Winter,1.3999852014087302,0.0032064676394252534,3.006952968435945
2019-01-22 23:00:00,Winter,2.0882479532142852,0.0019271372795084257,1.6156762218461793
2019-01-23 00:00:00,Winter,2.6245303088293648,0.001212909720866968,1.7054360119487448
2019-01-23 01:00:00,Winter,3.0455951149206353,0.0011501279321128304,1.0771174812307862
2019-01-23 02:00:00,Winter,3.1303444844543655,0.001616708053204061,1.660556116897462
2019-01-23 03:00:00,Winter,2.9497621090773807,0.0012539140838098441,1.4585965891666897
2019-01-23 04:00:00,Winter,2.523789881190476,0.0006113126072724902,0.9873576911282207
2019-01-23 05:00:00,Winter,2.008504536001984,0.0004558257551312107,1.2341971139102759
2019-01-23 06:00:00,Winter,1.6221170537996032,0.0003791730258932601,0.9873576911282207
2019-01-23 07:00:00,Winter,1.377911428125,0.0016580378305950986,1.1444373238077103
2019-01-23 08:00:00,Winter,1.4599543998611113,0.004433550143753049,0.9873576911282207
2019-01-23 09:00:00,Winter,1.908511341577381,0.004547248532200401,1.009797638653862
2019-01-23 10:00:00,Winter,2.441942257480159,0.004187689833514509,1.009797638653862
2019-01-23 11:00:00,Winter,3.0065720198412698,0.004367674626669602,1.3015169564872
2019-01-23 12:00:00,Winter,3.3844210671924606,0.0045773534398914914,1.2117571663846345
2019-01-23 13:00:00,Winter,3.4933567429761903,0.008453173760950432,1.0322375861795035
2019-01-23 14:00:00,Winter,3.3249890530059525,0.040896730310691645,2.378634437717986
2019-01-23 15:00:00,Winter,2.8503762878769847,0.03612811707380735,2.3337545426667035
2019-01-23 16:00:00,Winter,2.228194422222222,0.029533523232590897,2.378634437717986
2019-01-23 17:00:00,Winter,1.6781522885615079,0.03125685729447619,2.131795014935931
2019-01-23 18:00:00,Winter,1.1247809043650794,0.008789343340268003,1.9747153822564414
2019-01-23 19:00:00,Winter,0.9514449124206349,0.04293141270560359,14.024967203525861
2019-01-23 20:00:00,Winter,0.9459081154464286,5.9078749426651e-05,1.121997376282069
2019-01-23 21:00:00,Winter,0.9421564817063492,0.0008875001137577721,10.030656543961697
2019-01-23 22:00:00,Winter,1.127818039454365,0.005547261649878066,3.725031289256469
2019-01-23 23:00:00,Winter,1.725814281815476,0.002470164992697795,1.7951958020513104
2019-01-24 00:00:00,Winter,2.302955789384921,0.005116164926260628,3.0967127585385104
2019-01-24 01:00:00,Winter,2.835697091190476,0.002134692425120413,0.9873576911282207
2019-01-24 02:00:00,Winter,3.1360954005059525,0.002895238531678987,1.5034764842179724
2019-01-24 03:00:00,Winter,3.1528864402976193,0.0034403439591375717,1.009797638653862
2019-01-24 04:00:00,Winter,2.9274485352876987,0.0023738464455748723,1.3239569040128414
2019-01-24 05:00:00,Winter,2.4590514299801587,0.0010040488700663996,1.5707963267948966
2019-01-24 06:00:00,Winter,1.9505783869047622,0.0006475381883702438,0.9873576911282207
2019-01-24 07:00:00,Winter,1.5411693820238095,0.0582875442252339,0.9649177436025793
2019-01-24 08:00:00,Winter,1.3786837556944445,0.0056730431732871026,1.0322375861795035
2019-01-24 09:00:00,Winter,1.506589832123016,0.0067970581192690095,1.0546775337051448
2019-01-24 10:00:00,Winter,1.892181383234127,0.006624301310008056,1.3912767465897655
2019-01-24 11:00:00,Winter,2.3996854350694443,0.009143952640118871,1.5034764842179724
2019-01-24 12:00:00,Winter,2.908064165416667,0.011150248166024864,1.5259164317436138
2019-01-24 13:00:00,Winter,3.263319120357143,0.007068141122060726,1.2790770089615586
2019-01-24 14:00:00,Winter,3.345534589652778,0.00657205337241141,1.189317218858993
2019-01-24 15:00:00,Winter,3.1549370852976195,0.00540667043152159,1.3912767465897655
2019-01-24 16:00:00,Winter,2.658804125654762,0.003412235254406772,1.0546775337051448
2019-01-24 17:00:00,Winter,2.132589608809524,0.0030742750443061954,1.2566370614359172
2019-01-24 18:00:00,Winter,1.5663223516468254,0.001927946094347486,1.0322375861795035
2019-01-24 19:00:00,Winter,1.1348171354761907,0.0037688219465463963,0.9873576911282207
2019-01-24 20:00:00,Winter,0.9197516581448413,0.00041374371047041546,0.9649177436025793
2019-01-24 21:00:00,Winter,0.911296346111111,0.0007985179566859519,7.741781896346276
2019-01-24 22:00:00,Winter,0.9407488835912698,0.0011795276525969171,2.019595277307724
2019-01-24 23:00:00,Winter,1.4871614679464287,0.0013555270210347124,1.772755854525669
2019-01-25 00:00:00,Winter,2.0519058075496033,0.0014758858268695205,2.849873335756455
2019-01-25 01:00:00,Winter,2.5846144014384924,0.0012457950925941095,1.9073955396795172
2019-01-25 02:00:00,Winter,3.036694608531746,0.0012765702661131672,1.8849555921538759
2019-01-25 03:00:00,Winter,3.2876578069345244,0.0021556890688097705,0.9424777960769379
2019-01-25 04:00:00,Winter,3.2203456486607145,0.0014856936638687976,1.121997376282069
2019-01-25 05:00:00,Winter,2.89802384125,0.007839714368091435,2.1093550674102897
2019-01-25 06:00:00,Winter,2.4022182138293653,0.008516730828478414,2.4010743852436276
2019-01-25 07:00:00,Winter,1.9432752661111112,0.003474915203192984,2.356194490192345
2019-01-25 08:00:00,Winter,1.5743099210714286,0.0020942145507222847,1.009797638653862
2019-01-25 09:00:00,Winter,1.3602314649801588,0.004411773763258292,1.0771174812307862
2019-01-25 10:00:00,Winter,1.4658243732440477,0.002465314562439664,1.0771174812307862
2019-01-25 11:00:00,Winter,1.8103393968452381,0.0021273562288572235,1.0995574287564276
2019-01-25 12:00:00,Winter,2.3096729073809525,0.0028064533576634154,1.2117571663846343
2019-01-25 13:00:00,Winter,2.770477604672619,0.002986430277497145,0.9873576911282207
2019-01-25 14:00:00,Winter,3.0359347099305554,0.0026823754047324254,0.9873576911282207
2019-01-25 15:00:00,Winter,3.126762819573413,0.003018451317546301,1.0995574287564276
2019-01-25 16:00:00,Winter,2.9566820771825397,0.002663155521113258,1.0771174812307862
2019-01-25 17:00:00,Winter,2.5414616343948415,0.0022742520468556114,1.1444373238077103
2019-01-25 18:00:00,Winter,2.086888884861111,0.0010560704394103207,1.1668772713333517
2019-01-25 19:00:00,Winter,1.5711189733333333,0.000555209092474066,0.9873576911282207
2019-01-25 20:00:00,Winter,1.1197252927777779,0.0005084454019101962,1.0771174812307862
2019-01-25 21:00:00,Winter,0.9360412670436509,0.0005349944391158697,1.1444373238077103
2019-01-25 22:00:00,Winter,0.9455831033928572,0.0010620566596745884,1.3912767465897655
2019-01-25 23:00:00,Winter,1.2932539272023809,0.0008247041258921055,1.9298354872051584
2019-01-26 00:00:00,Winter,1.8263228602678572,0.001109119401582797,2.8723132832820966
2019-01-26 01:00:00,Winter,2.327816690019841,0.0010954539506703247,0.9649177436025793
2019-01-26 02:00:00,Winter,2.8458039470833336,0.001571997186901163,1.615676221846179
2019-01-26 03:00:00,Winter,3.212890490257937,0.002481040555432969,0.9424777960769379
2019-01-26 04:00:00,Winter,3.3008793705257933,0.002593625472372475,1.8625156446282345
2019-01-26 05:00:00,Winter,3.217158674017857,0.001557173447996098,1.481036536692331
2019-01-26 06:00:00,Winter,2.8724535782936513,0.000950279123229474,1.121997376282069
2019-01-26 07:00:00,Winter,2.392856973373016,0.0005958906508653477,1.9298354872051584
2019-01-26 08:00:00,Winter,1.9501913550496033,0.000907843993234137,2.311314595141062
2019-01-26 09:00:00,Winter,1.546055392638889,0.000361395019847355,2.019595277307724
2019-01-26 10:00:00,Winter,1.3397407902777778,0.00041080399259171667,1.0995574287564276
2019-01-26 11:00:00,Winter,1.4104375522619046,0.00042802338269304775,0.9649177436025793
2019-01-26 12:00:00,Winter,1.6944543728472223,0.00034429628178109256,1.593236274320538
2019-01-26 13:00:00,Winter,2.1321279088095237,0.000476907502605264,0.9424777960769379
2019-01-26 14:00:00,Winter,2.5361415655059525,0.003194274217653339,1.772755854525669
2019-01-26 15:00:00,Winter,2.79651861578373,0.0027740352649761263,1.5259164317436138
2019-01-26 16:00:00,Winter,2.869974248154762,0.0014778053813390723,0.9424777960769379
2019-01-26 17:00:00,Winter,2.745291366200397,0.0007249725582239082,1.0771174812307862
2019-01-26 18:00:00,Winter,2.4368734975,0.0003560145236112279,1.9298354872051584
2019-01-26 19:00:00,Winter,2.071559649027778,0.0003120109236362658,1.2566370614359172
2019-01-26 20:00:00,Winter,1.6285240158928571,0.00017553851158060892,1.840075697102593
2019-01-26 21:00:00,Winter,1.2761377401488094,0.00018383626385830429,1.0546775337051448
2019-01-26 22:00:00,Winter,1.1388243428273812,0.0005015332614788167,1.2790770089615586
2019-01-26 23:00:00,Winter,1.2569752029563492,0.0005836149555263043,2.1542349624615724
2019-01-27 00:00:00,Winter,1.643428009315476,0.0006453826665056953,2.8049934407051724
2019-01-27 01:00:00,Winter,2.0827253971031747,0.0007615452212177317,3.0967127585385104
2019-01-27 02:00:00,Winter,2.528124329623016,0.0004230880609875314,2.4683942278205517
2019-01-27 03:00:00,Winter,2.996547931785714,0.0005434180334350416,0.9424777960769379
2019-01-27 04:00:00,Winter,3.2248453672619046,0.0006816936772847241,0.9424777960769379
2019-01-27 05:00:00,Winter,3.290505160763889,0.0008446393909579018,0.9873576911282207
2019-01-27 06:00:00,Winter,3.133571223888889,0.0005358370657774352,0.9873576911282207
2019-01-27 07:00:00,Winter,2.757249656041667,0.00033768918164678806,1.5259164317436138
2019-01-27 08:00:00,Winter,2.3385320528571425,0.00030527304893910754,3.0518328634872276
2019-01-27 09:00:00,Winter,1.9109276272718254,0.00016478261275285424,1.2790770089615586
2019-01-27 10:00:00,Winter,1.5020668617658732,0.0002497501637870473,1.3912767465897655
2019-01-27 11:00:00,Winter,1.270592333392857,0.0005343277418280591,1.7278759594743862
2019-01-27 12:00:00,Winter,1.3168213828472224,0.0006551238282085634,1.0546775337051448
2019-01-27 13:00:00,Winter,1.5788513646626985,0.0007398736378673298,2.2888746476154207
2019-01-27 14:00:00,Winter,1.9691760803075395,0.0009834797849294337,1.9298354872051586
2019-01-27 15:00:00,Winter,2.3061825777579363,0.0009896670799198017,1.1668772713333517
2019-01-27 16:00:00,Winter,2.560283926855159,0.001300600721455315,1.2341971139102759
2019-01-27 17:00:00,Winter,2.7002268927281747,0.0013101913084725674,1.0995574287564276
2019-01-27 18:00:00,Winter,2.642044847748016,0.0013875199433985778,2.8049934407051724
2019-01-27 19:00:00,Winter,2.447940036061508,0.0006401336996072415,1.840075697102593
2019-01-27 20:00:00,Winter,2.1267102523015877,0.0003654459469236585,2.019595277307724
2019-01-27 21:00:00,Winter,1.7689738315277777,0.0013933563882755338,3.2313524436923586
2019-01-27 22:00:00,Winter,1.5201026816071428,0.0036040445789688367,2.4683942278205517
2019-01-27 23:00:00,Winter,1.4122213539583335,0.0034456540582789583,2.782553493179531
2019-01-28 00:00:00,Winter,1.5356933102380952,0.0019875386793117324,1.3912767465897655
2019-01-28 01:00:00,Winter,1.8393271846924604,0.001098447240890023,2.176674909987214
2019-01-28 02:00:00,Winter,2.2218625962599208,0.0009341714674302514,2.5132741228718345
2019-01-28 03:00:00,Winter,2.669430383690476,0.0007031613067620477,1.5259164317436138
2019-01-28 04:00:00,Winter,3.0349120520039685,0.0008662198604156501,1.2117571663846345
2019-01-28 05:00:00,Winter,3.242312637916667,0.0011629845285755186,1.0771174812307862
2019-01-28 06:00:00,Winter,3.268092363075397,0.0016282737006813016,1.481036536692331
2019-01-28 07:00:00,Winter,3.1071689293650797,0.002019659700085015,1.0322375861795035
2019-01-28 08:00:00,Winter,2.737636009126984,0.0009877386638716772,1.0771174812307862
2019-01-28 09:00:00,Winter,2.332951488670635,0.0007233102447299193,1.009797638653862
2019-01-28 10:00:00,Winter,1.8448306453968255,0.00044225410980571156,1.1668772713333517
2019-01-28 11:00:00,Winter,1.4441511923412698,0.00040973339885257295,1.0546775337051448
2019-01-28 12:00:00,Winter,1.2119133505257937,0.0003734745658993061,1.1444373238077103
2019-01-28 13:00:00,Winter,1.1862739504761906,0.0008459790515300564,1.1444373238077103
2019-01-28 14:00:00,Winter,1.3858546684920634,0.0008820541821330083,1.7503159070000276
2019-01-28 15:00:00,Winter,1.745948989940476,0.005281782390598216,1.9073955396795172
2019-01-28 16:00:00,Winter,2.0890921534523805,0.007603674945191813,1.0546775337051448
2019-01-28 17:00:00,Winter,2.4193857000198413,0.005596982792581768,1.121997376282069
2019-01-28 18:00:00,Winter,2.618909684007937,0.006683646231868179,1.0546775337051448
2019-01-28 19:00:00,Winter,2.6469262986706346,0.019999523443750156,1.772755854525669
2019-01-28 20:00:00,Winter,2.5450259180753965,0.015270769707035559,1.9747153822564414
2019-01-28 21:00:00,Winter,2.283083131388889,0.007270900671047137,1.2117571663846343
2019-01-28 22:00:00,Winter,1.9737309986904763,0.00645422593585581,2.7376735981282483
2019-01-28 23:00:00,Winter,1.7268795643849209,0.0026273021852705907,1.7054360119487448
2019-01-29 00:00:00,Winter,1.6082375805555558,0.0026961117224693506,1.5259164317436138
2019-01-29 01:00:00,Winter,1.709492391309524,0.028446962455193327,3.3884320763718483
2019-01-29 02:00:00,Winter,1.958855487668651,0.028301410720718033,2.715233650602607
2019-01-29 03:00:00,Winter,2.2874151301289682,0.027123258494339754,2.9845130209103035
2019-01-29 04:00:00,Winter,2.7080396412698415,0.016373457017356784,3.321112233794924
2019-01-29 05:00:00,Winter,3.049209263492064,0.0022288634679493305,1.7951958020513104
2019-01-29 06:00:00,Winter,3.229629895853175,0.002653906933542569,1.1668772713333517
2019-01-29 07:00:00,Winter,3.2483348324404764,0.007822126190485898,0.9873576911282207
2019-01-29 08:00:00,Winter,3.0330774203075395,0.007426865187531298,1.2341971139102759
2019-01-29 09:00:00,Winter,2.687440986884921,0.005502231550277466,1.121997376282069
2019-01-29 10:00:00,Winter,2.261982221230159,0.002607995366872901,1.0995574287564276
2019-01-29 11:00:00,Winter,1.7658074946825395,0.0007221533095858093,1.0322375861795035
2019-01-29 12:00:00,Winter,1.3371030690674603,0.0006439146425216703,1.009797638653862
2019-01-29 13:00:00,Winter,1.0901252974603175,0.00165909175896721,1.0771174812307862
2019-01-29 14:00:00,Winter,1.022205340892857,0.002467476272193387,1.1668772713333517
2019-01-29 15:00:00,Winter,1.2353818280059525,0.004510185951570966,1.2566370614359172
2019-01-29 16:00:00,Winter,1.5767336910019842,0.054201149605504345,2.962073073384662
2019-01-29 17:00:00,Winter,1.9259795169444445,0.07158213734423757,2.5581540179231173
2019-01-29 18:00:00,Winter,2.319223038353175,0.08706082623271892,2.827433388230814
2019-01-29 19:00:00,Winter,2.5842918829464283,0.0942977444298722,2.6927937030769655
2019-01-29 20:00:00,Winter,2.70073294671627,0.12251690912316288,2.5581540179231173
2019-01-29 21:00:00,Winter,2.6398367644246035,0.04700323660162325,2.3337545426667035
2019-01-29 22:00:00,Winter,2.4356262951587304,0.028416946213710284,2.4683942278205517
2019-01-29 23:00:00,Winter,2.157837207559524,0.021207489294959133,2.5805939654487586
2019-01-30 00:00:00,Winter,1.9151242076587303,0.010861648790586195,2.6479138080256828
2019-01-30 01:00:00,Winter,1.71712880125,0.009353327269099777,3.141592653589793
2019-01-30 02:00:00,Winter,1.7522678282936506,0.0022024437160912966,1.3688367990641241
2019-01-30 03:00:00,Winter,1.9595420823412697,0.001841281389944861,2.1542349624615724
2019-01-30 04:00:00,Winter,2.321226324206349,0.0016125446368142212,2.019595277307724
2019-01-30 05:00:00,Winter,2.734501931944445,0.0015563052930361715,1.6829960644231035
2019-01-30 06:00:00,Winter,3.0576948113988096,0.0015349459983893458,1.189317218858993
2019-01-30 07:00:00,Winter,3.250910846378968,0.008113061354597226,1.0546775337051448
2019-01-30 08:00:00,Winter,3.262006725119048,0.015336216404546493,1.1668772713333517
2019-01-30 09:00:00,Winter,3.0474132872420636,0.016489707600621694,1.1444373238077103
2019-01-30 10:00:00,Winter,2.678038673392857,0.007525894169713868,1.2566370614359172
2019-01-30 11:00:00,Winter,2.174867446646825,0.002272399084260091,0.9873576911282207
2019-01-30 12:00:00,Winter,1.6532053346329365,0.001601222990570562,1.0546775337051448
2019-01-30 13:00:00,Winter,1.2649324149801588,0.002912022835334054,0.9424777960769379
2019-01-30 14:00:00,Winter,0.9856112082043651,0.0011544767013890445,1.0995574287564276
2019-01-30 15:00:00,Winter,0.9391695277777777,0.00023564157422903325,1.1668772713333517
2019-01-30 16:00:00,Winter,1.0910462196626984,0.0008580724274540033,1.5483563792692552
2019-01-30 17:00:00,Winter,1.4369800313095238,0.0006405447882853116,0.9873576911282207
2019-01-30 18:00:00,Winter,1.8907634510912696,0.0005698235097806627,0.9873576911282207
2019-01-30 19:00:00,Winter,2.3284213356746033,0.001242144477878565,1.0771174812307862
2019-01-30 20:00:00,Winter,2.607127461646826,0.00564128601035253,2.064475172359007
2019-01-30 21:00:00,Winter,2.7775963872916667,0.007359041409825158,0.9649177436025793
2019-01-30 22:00:00,Winter,2.758960289940476,0.023545436819672774,2.6479138080256828
2019-01-30 23:00:00,Winter,2.5620439871428573,0.01728469874264895,2.6254738605000414
2019-01-31 00:00:00,Winter,2.284569017748016,0.013285255029974508,2.670353755551324
2019-01-31 01:00:00,Winter,1.974433479623016,0.008925152177620906,2.6030339129744
2019-01-31 02:00:00,Winter,1.7689933689285713,0.00514504285801243,2.9845130209103035
2019-01-31 03:00:00,Winter,1.776931912420635,0.005319115457887009,3.500631814000055
2019-01-31 04:00:00,Winter,1.9606387252380952,0.012016193361507646,3.2986722862692828
2019-01-31 05:00:00,Winter,2.3286274382738097,0.009476618317189907,2.962073073384662
2019-01-31 06:00:00,Winter,2.7455055719742063,0.003181812660709201,1.660556116897462
2019-01-31 07:00:00,Winter,3.0821472786111115,0.004308638530651747,1.009797638653862
2019-01-31 08:00:00,Winter,3.300715022222222,0.007594538408658628,0.9873576911282207
2019-01-31 09:00:00,Winter,3.2729721898809525,0.007733838498198227,1.0995574287564276
2019-01-31 10:00:00,Winter,3.0337854034424607,0.004241323498450167,1.2566370614359172
2019-01-31 11:00:00,Winter,2.640274965218254,0.0014084849665790848,1.1444373238077103
2019-01-31 12:00:00,Winter,2.0969051991269843,0.0006502608218578571,1.0771174812307862
2019-01-31 13:00:00,Winter,1.5669542344642857,0.001728632838716034,2.670353755551324
2019-01-31 14:00:00,Winter,1.187177450515873,0.0024329938805742078,4.5553093477052
2019-01-31 15:00:00,Winter,0.9291806921825398,0.000589208775426104,4.9367884556411035
2019-01-31 16:00:00,Winter,0.9175511387301588,0.00017245683872747075,0.9424777960769379
2019-01-31 17:00:00,Winter,1.0205015454365078,0.0005461150036757239,1.121997376282069
2019-01-31 18:00:00,Winter,1.4006864748115082,0.0003038675129258101,1.0771174812307862
2019-01-31 19:00:00,Winter,1.8895767946825395,0.00046512629937893533,0.9873576911282207
2019-01-31 20:00:00,Winter,2.3597706265079363,0.000570119380443492,1.7054360119487448
2019-01-31 21:00:00,Winter,2.6658426821726193,0.000669473379443986,1.2341971139102759
2019-01-31 22:00:00,Winter,2.8437358689285714,0.0006008882892240241,1.121997376282069
2019-01-31 23:00:00,Winter,2.788937170793651,0.0005395684169590535,1.0771174812307862
2019-02-01 00:00:00,Winter,2.5910799794047623,0.0007767991371872894,2.6479138080256828
2019-02-01 01:00:00,Winter,2.2944252529265876,0.0004828540619160746,2.894753230807738
2019-02-01 02:00:00,Winter,1.967269603015873,0.0002615263379886727,1.3015169564872
2019-02-01 03:00:00,Winter,1.7578583188789683,0.0006213834042662829,2.6254738605000414
2019-02-01 04:00:00,Winter,1.7820042731646826,0.0009906556201448756,3.3435521813205655
2019-02-01 05:00:00,Winter,2.0278638149007935,0.0016779664645402122,2.827433388230814
2019-02-01 06:00:00,Winter,2.4468571619642856,0.00454261848778299,2.670353755551324
2019-02-01 07:00:00,Winter,2.8435699860515875,0.002185282403995195,1.0322375861795035
2019-02-01 08:00:00,Winter,3.1455020591369047,0.002644053151205997,1.189317218858993
2019-02-01 09:00:00,Winter,3.316864652619048,0.003681173228176467,1.3015169564872
2019-02-01 10:00:00,Winter,3.2305037757539683,0.0032754746939428012,1.2117571663846345
2019-02-01 11:00:00,Winter,2.937411634950397,0.011315453645406148,2.849873335756455
2019-02-01 12:00:00,Winter,2.4258443789087303,0.05218533619430647,2.8723132832820966
2019-02-01 13:00:00,Winter,1.8516786228670636,0.05443694465593894,2.782553493179531
2019-02-01 14:00:00,Winter,1.3871741233928572,0.03466423452275359,2.849873335756455
2019-02-01 15:00:00,Winter,1.017704469325397,0.02302603712243505,3.6352714991539035
2019-02-01 16:00:00,Winter,0.8175983349603174,0.0026148289961315688,4.353349819974428
2019-02-01 17:00:00,Winter,0.8162640414880953,0.006752091928589964,4.039190554615448
2019-02-01 18:00:00,Winter,1.0753793904166669,0.028864659431400153,2.423514332769269
2019-02-01 19:00:00,Winter,1.5786720499007938,0.04360433859782347,2.6479138080256828
2019-02-01 20:00:00,Winter,2.071905575248016,0.0711960877051428,2.176674909987214
2019-02-01 21:00:00,Winter,2.4274848712103174,0.14378543597989957,2.0869151198846483
2019-02-01 22:00:00,Winter,2.686850725575397,0.16785459306028355,2.0420352248333655
2019-02-01 23:00:00,Winter,2.776514175873016,0.14841431960708115,2.019595277307724
2019-02-02 00:00:00,Winter,2.689520559732143,0.13357025931559047,1.9971553297820828
2019-02-02 01:00:00,Winter,2.446241859623016,0.09243222469691557,2.1093550674102897
2019-02-02 02:00:00,Winter,2.112928078690476,0.06179795663142532,2.243994752564138
2019-02-02 03:00:00,Winter,1.8204943471527777,0.03691401523030824,1.593236274320538
2019-02-02 04:00:00,Winter,1.7932775556051586,0.024260931082351025,2.4235143327692685
2019-02-02 05:00:00,Winter,1.9759796030753969,0.010276061106728952,1.593236274320538
2019-02-02 06:00:00,Winter,2.2581101706547617,0.030012996964623343,2.5132741228718345
2019-02-02 07:00:00,Winter,2.7339912972123015,0.029312863460854877,2.199114857512855
2019-02-02 08:00:00,Winter,3.1026459695039685,0.019946644115179837,2.2664347000897793
2019-02-02 09:00:00,Winter,3.373917785,0.011632740590299511,1.5259164317436138
2019-02-02 10:00:00,Winter,3.4163098412797623,0.010817908950867448,1.5259164317436138
2019-02-02 11:00:00,Winter,3.222592152609127,0.027887435763268256,2.6030339129744
2019-02-02 12:00:00,Winter,2.847747654871032,0.023726194535292844,2.782553493179531
2019-02-02 13:00:00,Winter,2.271545779623016,0.030024353269121163,2.6479138080256828
2019-02-02 14:00:00,Winter,1.698320527857143,0.03600871043280069,2.490834175346193
2019-02-02 15:00:00,Winter,1.2749870435218253,0.024006487227352998,2.490834175346193
2019-02-02 16:00:00,Winter,0.8721411332539681,0.02018236424313323,0.9873576911282207
2019-02-02 17:00:00,Winter,0.7677582292559524,0.005751901195701521,0.9424777960769379
2019-02-02 18:00:00,Winter,0.8699920293948413,0.020921998976030344,0.9649177436025793
2019-02-02 19:00:00,Winter,1.1871476030654762,0.031677511916550875,0.9424777960769379
2019-02-02 20:00:00,Winter,1.7154234577777778,0.03836920905217521,1.0322375861795035
2019-02-02 21:00:00,Winter,2.149737951498016,0.04773569264294472,1.4585965891666897
2019-02-02 22:00:00,Winter,2.493514901755953,0.05061478423986605,0.9649177436025793
2019-02-02 23:00:00,Winter,2.7643680172420635,0.034350125084510276,1.121997376282069
2019-02-03 00:00:00,Winter,2.847433250952381,0.030224407450593023,1.2566370614359172
2019-02-03 01:00:00,Winter,2.7435433058829366,0.03606453749414219,2.4010743852436276
2019-02-03 02:00:00,Winter,2.4971661149007938,0.028027290731765818,2.6254738605000414
2019-02-03 03:00:00,Winter,2.1706220000198413,0.018526588356465534,2.6927937030769655
2019-02-03 04:00:00,Winter,1.8937965961309522,0.012432093588150707,2.2215548050384966
2019-02-03 05:00:00,Winter,1.8361469779265875,0.005719445073808152,1.6381161693718207
2019-02-03 06:00:00,Winter,2.0140193189880957,0.009268637397213229,1.5707963267948966
2019-02-03 07:00:00,Winter,2.4150728664880954,0.010925586140166628,1.8849555921538759
2019-02-03 08:00:00,Winter,2.8415872007837306,0.006873434956084109,1.189317218858993
2019-02-03 09:00:00,Winter,3.2155747750099213,0.006534348943675327,2.0869151198846483
2019-02-03 10:00:00,Winter,3.458099679920635,0.009740822728264348,2.6927937030769655
2019-02-03 11:00:00,Winter,3.4222195695436506,0.025662086162823904,2.5132741228718345
2019-02-03 12:00:00,Winter,3.162509515,0.031646952727605385,2.311314595141062
2019-02-03 13:00:00,Winter,2.673392933809524,0.026109575191441067,2.064475172359007
2019-02-03 14:00:00,Winter,2.087281811577381,0.028449358833875536,2.356194490192345
2019-02-03 15:00:00,Winter,1.61195751484127,0.03147680218108234,2.3337545426667035
2019-02-03 16:00:00,Winter,1.2071884766468255,0.022561234303198716,1.8176357495769517
2019-02-03 17:00:00,Winter,0.8807845858134921,0.015111988389936696,0.9424777960769379
2019-02-03 18:00:00,Winter,0.7860143892361111,0.008498703026050955,0.9424777960769379
2019-02-03 19:00:00,Winter,1.0211351065376983,0.010256497129844184,1.009797638653862
2019-02-03 20:00:00,Winter,1.5014218426587302,0.006601212346885003,0.9873576911282207
2019-02-03 21:00:00,Winter,2.0448031230357144,0.014155548710132231,2.535714070397476
2019-02-03 22:00:00,Winter,2.458450193988095,0.02463768911429095,2.356194490192345
2019-02-03 23:00:00,Winter,2.7597944786607145,0.026413168123594802,2.243994752564138
2019-02-04 00:00:00,Winter,2.9224268113492067,0.030983992946975143,2.3337545426667035
2019-02-04 01:00:00,Winter,2.8457131365773813,0.0286245429887604,2.535714070397476
2019-02-04 02:00:00,Winter,2.621230766577381,0.028186634320944183,2.5132741228718345
2019-02-04 03:00:00,Winter,2.295435101904762,0.018020600687542517,2.6927937030769655
2019-02-04 04:00:00,Winter,1.9772104882242065,0.01798147144192183,2.8049934407051724
2019-02-04 05:00:00,Winter,1.809986764970238,0.024906537398718925,1.5483563792692552
2019-02-04 06:00:00,Winter,1.8508254279166665,0.030823519910405675,1.4585965891666897
2019-02-04 07:00:00,Winter,2.1236567810119045,0.02415238999965459,1.9298354872051584
2019-02-04 08:00:00,Winter,2.533219101448413,0.014673665457663968,1.7054360119487448
2019-02-04 09:00:00,Winter,2.941146143621032,0.038277832190569794,2.1542349624615724
2019-02-04 10:00:00,Winter,3.265916151785714,0.05916010738008868,1.9747153822564414
2019-02-04 11:00:00,Winter,3.391071896954365,0.03760198543738523,1.9522754347308
2019-02-04 12:00:00,Winter,3.280813610079365,0.036481240660615685,1.9522754347308
2019-02-04 13:00:00,Winter,2.907172033948413,0.03878391816542752,1.7503159070000276
2019-02-04 14:00:00,Winter,2.3702371191071427,0.04171362058927005,1.7054360119487446
2019-02-04 15:00:00,Winter,1.8105679047321428,0.02536515591484105,1.6381161693718207
2019-02-04 16:00:00,Winter,1.3985112084623017,0.027782985096023387,1.009797638653862
2019-02-04 17:00:00,Winter,1.007455488670635,0.02486518344613014,0.9873576911282207
2019-02-04 18:00:00,Winter,0.7963276769047619,0.010941285937486556,0.9873576911282207
2019-02-04 19:00:00,Winter,0.8624713946825397,0.012068371806186293,0.9873576911282207
2019-02-04 20:00:00,Winter,1.1854706835714286,0.016819976385830295,0.9649177436025793
2019-02-04 21:00:00,Winter,1.7139227738690477,0.01631868888225505,0.9873576911282207
2019-02-04 22:00:00,Winter,2.273151600416667,0.022443181214973903,2.311314595141062
2019-02-04 23:00:00,Winter,2.6597305771626982,0.0244467393236403,2.176674909987214
2019-02-05 00:00:00,Winter,2.9805197062103175,0.013163450235101794,2.3337545426667035
2019-02-05 01:00:00,Winter,2.951530872847222,0.00987568423025138,2.5581540179231173
2019-02-05 02:00:00,Winter,2.7770102961111114,0.012782503438027303,2.356194490192345
2019-02-05 03:00:00,Winter,2.441497481825397,0.007401545238093862,2.3337545426667035
2019-02-05 04:00:00,Winter,2.060288777678571,0.015378461482623978,2.827433388230814
2019-02-05 05:00:00,Winter,1.738211472787699,0.013751442404487463,0.9649177436025793
2019-02-05 06:00:00,Winter,1.6555196121924605,0.019336480031937546,0.9649177436025793
2019-02-05 07:00:00,Winter,1.8062693686706346,0.022832877306997706,2.378634437717986
2019-02-05 08:00:00,Winter,2.1978463840277778,0.017847729139377183,1.7503159070000276
2019-02-05 09:00:00,Winter,2.6173403265575397,0.013816489670272708,1.6381161693718207
2019-02-05 10:00:00,Winter,2.9801389446825395,0.012973465962901273,2.4235143327692685
2019-02-05 11:00:00,Winter,3.266617380119048,0.006697515899198524,1.3912767465897655
2019-02-05 12:00:00,Winter,3.2681381430853174,0.004642068015195162,0.9649177436025793
2019-02-05 13:00:00,Winter,3.066825371121032,0.003717139959836072,1.121997376282069
2019-02-05 14:00:00,Winter,2.6017804702579364,0.0034693300698131002,2.6479138080256828
2019-02-05 15:00:00,Winter,2.063027834652778,0.004970790735729365,2.5581540179231173
2019-02-05 16:00:00,Winter,1.5940014616964286,0.0034604615895220212,1.121997376282069
2019-02-05 17:00:00,Winter,1.194068044642857,0.00951100952936891,1.0546775337051448
2019-02-05 18:00:00,Winter,0.8715575651388888,0.008766400692253781,0.9873576911282207
2019-02-05 19:00:00,Winter,0.8512344995932539,0.0006301199050930074,1.2566370614359172
2019-02-05 20:00:00,Winter,1.038296238234127,0.0069635579667370676,1.0546775337051448
2019-02-05 21:00:00,Winter,1.4990993993650792,0.0056633533181987125,1.0322375861795035
2019-02-05 22:00:00,Winter,2.0292936809126987,0.008228030884806206,2.7601135456538897
2019-02-05 23:00:00,Winter,2.465804509861111,0.00965931984658117,2.7376735981282483
2019-02-06 00:00:00,Winter,2.7976193759226193,0.006270955447080933,2.535714070397476
2019-02-06 01:00:00,Winter,2.957042901666667,0.010126738169155582,2.378634437717986
2019-02-06 02:00:00,Winter,2.8689610170833335,0.009590217588505635,2.4010743852436276
2019-02-06 03:00:00,Winter,2.6098044787301586,0.011360246630398838,2.2215548050384966
2019-02-06 04:00:00,Winter,2.353453384960318,0.01050547741032426,2.131795014935931
2019-04-17 12:00:00,Spring,2.955290246746032,0.008348313872665018,1.121997376282069
2019-04-17 13:00:00,Spring,2.7001931026488095,0.04914155056507569,2.9845130209103035
2019-04-17 14:00:00,Spring,2.1301209372222223,0.12340380370857473,3.2762323387436414
2019-04-17 15:00:00,Spring,1.535700131299603,0.11493454508083531,3.3884320763718483
2019-04-17 16:00:00,Spring,1.1072970533829365,0.050842976276012676,3.6352714991539035
2019-04-17 17:00:00,Spring,1.0825114804166664,0.014750180341443039,0.9424777960769379
2019-04-17 18:00:00,Spring,1.0450442294642857,0.0056977475667143885,3.006952968435945
2019-04-17 19:00:00,Spring,1.3629557947519841,0.013842965429366189,2.715233650602607
2019-04-17 20:00:00,Spring,1.8994108657341269,0.028688832874719187,2.378634437717986
2019-04-17 21:00:00,Spring,2.5204343948809522,0.014118392064544284,2.378634437717986
2019-04-17 22:00:00,Spring,3.037258818333333,0.010066349353613072,2.5132741228718345
2019-04-17 23:00:00,Spring,3.3134290685912697,0.008509964868701324,2.356194490192345
2019-04-18 00:00:00,Spring,3.3654362096626986,0.006362729182808921,2.2664347000897793
2019-04-18 01:00:00,Spring,3.0940232845238094,0.006509726820914512,2.2888746476154207
2019-04-18 02:00:00,Spring,2.5693028222123018,0.0028531649736512426,2.243994752564138
2019-04-18 03:00:00,Spring,2.0133776041964286,0.0018379286973018907,2.2664347000897793
2019-04-18 04:00:00,Spring,1.4111372121230157,0.001514057558482128,2.2888746476154207
2019-04-18 05:00:00,Spring,1.1080481216964286,0.06460146129316376,8.30278058448731
2019-04-18 07:00:00,Spring,1.1269518643253968,0.0006275566255712938,1.7503159070000276
2019-04-18 08:00:00,Spring,1.5426212523809522,0.0002878971016325847,1.2566370614359172
2019-04-18 09:00:00,Spring,2.151983378720238,0.0003458438515683782,1.0322375861795035
2019-04-18 10:00:00,Spring,2.6566402306051584,0.0005336318201883569,1.009797638653862
2019-04-18 11:00:00,Spring,3.0757778370436504,0.0008187194877646469,1.4361566416410483
2019-04-18 12:00:00,Spring,3.2161758395833333,0.0007606695810335557,1.593236274320538
2019-04-18 13:00:00,Spring,3.080272307519841,0.0007748051593172281,1.0771174812307862
2019-04-18 14:00:00,Spring,2.7003537883630955,0.0006864714481996958,3.2762323387436414
2019-04-18 15:00:00,Spring,2.1349729508134923,0.0006058949768511409,3.0967127585385104
2019-04-18 16:00:00,Spring,1.543380773174603,0.0009421710662046441,3.478191866474414
2019-04-18 17:00:00,Spring,1.2982557124503966,0.001505114538194448,3.2313524436923586
2019-04-18 18:00:00,Spring,1.2696142477380952,0.0018712163153425212,4.577749295230841
2019-04-18 19:00:00,Spring,1.3070592936706351,0.002107340323148627,4.151390292243655
2019-04-18 20:00:00,Spring,1.5870836465178573,0.00089249883328496,2.670353755551324
2019-04-18 21:00:00,Spring,2.1437926210317455,0.0008547770730166751,2.6927937030769655
2019-04-18 22:00:00,Spring,2.7684908050992063,0.0010530744370608393,2.917193178333379
2019-04-18 23:00:00,Spring,3.2252128986011903,0.0006014657998259305,2.6254738605000414
2019-04-19 00:00:00,Spring,3.3856426554960324,0.0005226681144833883,2.827433388230814
2019-04-19 01:00:00,Spring,3.363093794384921,0.00030465211466749743,2.3337545426667035
2019-04-19 02:00:00,Spring,2.9603838058234127,0.00031075316669391354,2.311314595141062
2019-04-19 03:00:00,Spring,2.4418738528075394,0.0002160653473747164,2.5132741228718345
2019-04-19 04:00:00,Spring,1.8900580833134921,0.0001281190345602295,2.6254738605000414
2019-04-19 05:00:00,Spring,1.3141821034920635,0.0006786768000784449,4.802148770487255
2019-04-19 07:00:00,Spring,1.190271221964286,0.0077419029443972975,0.9424777960769379
2019-04-19 08:00:00,Spring,1.043493572718254,0.0009669789136199693,3.859670974410317
2019-04-19 09:00:00,Spring,1.498406007013889,0.0002172595455349939,3.814791079359034
2019-04-19 10:00:00,Spring,2.092508790902778,0.00129571514015042,4.106510397192372
2019-04-19 11:00:00,Spring,2.6190432527678573,0.0011903728874665632,3.365992128846207
2019-04-19 12:00:00,Spring,3.045276807460317,0.0006717316023745157,2.8723132832820966
2019-04-19 13:00:00,Spring,3.1904528641269843,0.0006734570527709707,2.782553493179531
2019-04-19 14:00:00,Spring,3.054362691636905,0.0024597769151853467,2.131795014935931
2019-04-19 15:00:00,Spring,2.586394217579365,0.008958111006288171,1.840075697102593
2019-04-19 16:00:00,Spring,2.0408766441369046,0.018309579389537287,1.7503159070000276
2019-04-19 17:00:00,Spring,1.5839692158531746,0.006954358185564989,1.7054360119487446
2019-04-19 18:00:00,Spring,1.2312695073115079,0.0017602200949800775,2.5581540179231173
2019-04-19 19:00:00,Spring,1.1170219725000001,0.001894886287784532,2.6927937030769655
2019-04-19 20:00:00,Spring,1.4313200569345237,0.01220240589044683,2.4010743852436276
2019-04-19 21:00:00,Spring,1.9011012196428572,0.0022038463725095785,2.4683942278205517
2019-04-19 22:00:00,Spring,2.5203848989880955,0.002250531299259899,2.6030339129744
2019-04-19 23:00:00,Spring,3.071631933263889,0.001593073938069167,2.6927937030769655
2019-04-20 00:00:00,Spring,3.389227057916667,0.0007975566620926053,2.535714070397476
2019-04-20 01:00:00,Spring,3.4870819047519843,0.001543761473813206,2.4010743852436276
2019-04-20 02:00:00,Spring,3.2781178084920635,0.0025608440501381433,2.1093550674102897
2019-04-20 03:00:00,Spring,2.7647722177579364,0.003133998697709035,2.019595277307724
2019-04-20 04:00:00,Spring,2.205384566904762,0.0011353401631091593,2.1093550674102897
2019-04-20 05:00:00,Spring,1.5803132271825397,0.0013444356445569425,2.782553493179531
2019-04-20 06:00:00,Spring,1.0666043261805558,0.001164105026369967,2.9845130209103035
2019-04-20 07:00:00,Spring,0.8857737703075397,0.06442892985502904,14.294246573833558
2019-04-20 08:00:00,Spring,0.8861333442857142,0.1173467543547966,15.14696457980793
2019-04-20 09:00:00,Spring,1.072406459890873,0.0023881403011200997,2.5581540179231173
2019-04-20 10:00:00,Spring,1.6553665375793654,0.005536680596291657,2.0420352248333655
2019-04-20 11:00:00,Spring,2.215218890188492,0.014840863009262557,1.9747153822564414
2019-04-20 12:00:00,Spring,2.753128727123016,0.022631851050999015,1.8849555921538759
2019-04-20 13:00:00,Spring,3.0664423776488094,0.03836417360774193,1.7278759594743862
2019-04-20 14:00:00,Spring,3.158511872549603,0.033713785609243214,1.660556116897462
2019-04-20 15:00:00,Spring,2.9675503832341263,0.026737735268843724,1.5483563792692552
2019-04-20 16:00:00,Spring,2.5551742742063492,0.029444958960798212,1.481036536692331
2019-04-20 17:00:00,Spring,2.040943352331349,0.02986233405241498,1.413716694115407
2019-04-20 18:00:00,Spring,1.6777930950000002,0.014752633254861421,1.413716694115407
2019-04-20 19:00:00,Spring,1.409974232936508,0.01458071980887573,1.5259164317436138
2019-04-20 20:00:00,Spring,1.4349681870734126,0.015044170666178506,1.593236274320538
2019-04-20 21:00:00,Spring,1.710929223829365,0.01485211389433042,1.7278759594743862
2019-04-20 22:00:00,Spring,2.1716099746031743,0.014534837108397442,2.1093550674102897
2019-04-20 23:00:00,Spring,2.7267401113690473,0.015874564396652954,2.064475172359007
2019-04-21 00:00:00,Spring,3.185459285734127,0.0065592103156366065,2.131795014935931
2019-04-21 01:00:00,Spring,3.4112999919444444,0.004750362794758697,2.2888746476154207
2019-04-21 02:00:00,Spring,3.3641538584920636,0.002220414234674946,2.3337545426667035
2019-04-21 03:00:00,Spring,3.006276568293651,0.0011667465265220805,2.4010743852436276
2019-04-21 04:00:00,Spring,2.5140119385714286,0.0004501825459180984,2.356194490192345
2019-04-21 05:00:00,Spring,1.956122031309524,0.0002890719816466339,2.5581540179231173
2019-04-21 06:00:00,Spring,1.3489478474801586,0.0003206582304532872,3.321112233794924
2019-04-21 07:00:00,Spring,0.9433445843452379,0.2604394089356073,16.11188232341051
2019-04-21 08:00:00,Spring,1.072518621031746,0.0017907243074528683,0.9873576911282207
2019-04-21 09:00:00,Spring,1.3692764116765872,0.0052170120078133715,3.837231026884676
2019-04-21 10:00:00,Spring,1.142220186904762,0.0018995539636423812,1.009797638653862
2019-04-21 11:00:00,Spring,1.6755821608928572,9.250243771387922e-05,1.2117571663846343
2019-04-21 12:00:00,Spring,2.1547242592857145,0.0001196814317375962,1.3688367990641241
2019-04-21 13:00:00,Spring,2.69632505077381,0.0020244799363912805,2.4235143327692685
2019-04-21 14:00:00,Spring,2.98282495171627,0.007761398649322956,1.9522754347308
2019-04-21 15:00:00,Spring,3.0407208787003968,0.009095769476876837,1.840075697102593
2019-04-21 16:00:00,Spring,2.8156640895833336,0.01398606807310783,1.840075697102593
2019-04-21 17:00:00,Spring,2.394323805575397,0.014165757144285144,1.7951958020513104
2019-04-21 18:00:00,Spring,1.9783656312301585,0.013017977447263683,1.7503159070000276
2019-04-21 19:00:00,Spring,1.6154518288988093,0.011515543986888914,1.8176357495769517
2019-04-21 20:00:00,Spring,1.4590919204166666,0.00909948536884705,1.9298354872051584
2019-04-21 21:00:00,Spring,1.5923790466865078,0.008890397428999598,2.2664347000897793
2019-04-21 22:00:00,Spring,1.9294025044742065,0.008003992736851071,2.199114857512855
2019-04-21 23:00:00,Spring,2.429929669365079,0.004564418212746698,2.378634437717986
2019-04-22 00:00:00,Spring,2.9092571765972224,0.0035899603133322756,2.423514332769269
2019-04-22 01:00:00,Spring,3.220882102470238,0.0018224995883543578,2.5805939654487586
2019-04-22 02:00:00,Spring,3.3370079189384922,0.0011702658161010177,2.7376735981282483
2019-04-22 03:00:00,Spring,3.205735504761905,0.0021778714111979737,2.378634437717986
2019-04-22 04:00:00,Spring,2.794779929444444,0.0017328424664303417,2.311314595141062
2019-04-22 05:00:00,Spring,2.2818354941666668,0.0009444907298154334,2.4459542802949104
2019-04-22 06:00:00,Spring,1.6629978276388888,0.0005490099895045813,2.5132741228718345
2019-04-22 07:00:00,Spring,1.1632136739285714,0.00034665379179826545,2.6479138080256828
2019-04-22 08:00:00,Spring,1.0336080044841272,0.0020769966381834863,0.9873576911282207
2019-04-22 09:00:00,Spring,1.2486319375198411,0.0005594862427635386,0.9873576911282207
2019-04-22 10:00:00,Spring,1.1239089972123015,0.09770422693558391,8.48230016469244
2019-04-22 11:00:00,Spring,1.1822790434920636,0.0004216511003107871,2.5581540179231173
2019-04-22 12:00:00,Spring,1.6810255509325396,0.00015374219602259963,1.4361566416410483
2019-04-22 13:00:00,Spring,2.223456342718254,0.00015039320637443164,1.5707963267948966
2019-04-22 14:00:00,Spring,2.659792467470238,0.00068202138927538,2.176674909987214
2019-04-22 15:00:00,Spring,2.865224857132936,0.007621063689757278,2.199114857512855
2019-04-22 16:00:00,Spring,2.8923504453075397,0.006755776041646986,2.0420352248333655
2019-04-22 17:00:00,Spring,2.6985128157539684,0.009638322550480666,1.9298354872051584
2019-04-22 18:00:00,Spring,2.3169994093353177,0.010513777642189054,1.7503159070000276
2019-04-22 19:00:00,Spring,1.969731502003968,0.0062251702416101,1.7278759594743862
2019-04-22 20:00:00,Spring,1.6741422727777775,0.0037433802043752937,1.840075697102593
2019-04-22 21:00:00,Spring,1.6438674120238095,0.001586612314156788,2.1542349624615724
2019-04-22 22:00:00,Spring,1.8105231051785715,0.0007672019727027414,2.5805939654487586
2019-04-22 23:00:00,Spring,2.1323033382440477,0.000580373372432117,2.894753230807738
2019-04-23 00:00:00,Spring,2.5451279206349207,0.0004967646267934971,3.365992128846207
2019-04-23 01:00:00,Spring,2.9365674901190477,0.0002828346342683166,2.5581540179231173
2019-04-23 02:00:00,Spring,3.1514009342460314,0.0002631597850186701,2.243994752564138
2019-04-23 03:00:00,Spring,3.1760662262599206,0.0004025898826016017,0.9873576911282207
2019-04-23 07:00:00,Spring,1.722012905972222,0.00011528949690948639,1.009797638653862
2019-04-23 08:00:00,Spring,0.979838408888889,0.0004115883643875221,0.9873576911282207
2019-04-23 09:00:00,Spring,1.1324930777083333,0.0014683165610937976,0.9873576911282207
2019-04-23 10:00:00,Spring,1.487315673095238,0.07351095107185121,0.9424777960769379
2019-04-23 11:00:00,Spring,0.8874959140773809,0.003353311259387089,0.9873576911282207
2019-04-23 12:00:00,Spring,1.3199017614781745,0.0006451456696722542,1.009797638653862
2019-04-23 13:00:00,Spring,1.7659572439980158,0.00022271922406012472,1.1444373238077103
2019-04-23 14:00:00,Spring,2.2418730431349205,7.792505333871865e-05,0.9873576911282207
2019-04-23 15:00:00,Spring,2.608239905694444,0.000124448615740018,0.9649177436025793
2019-04-23 16:00:00,Spring,2.778453269880952,0.00017507316861931047,0.9424777960769379
2019-04-23 17:00:00,Spring,2.810098242876984,0.0008563956742169443,2.6927937030769655
2019-04-23 18:00:00,Spring,2.6186899357738094,0.0007783956750278551,2.356194490192345
2019-04-23 19:00:00,Spring,2.330659415634921,0.0007137400168771952,2.2888746476154207
2019-04-23 20:00:00,Spring,2.0440074458829365,0.00043820753518218625,2.5132741228718345
2019-04-23 21:00:00,Spring,1.8174389067063492,0.00038523746446446886,3.0967127585385104
2019-04-23 22:00:00,Spring,1.803686031061508,0.0005295255836182257,3.4557519189487724
2019-04-23 23:00:00,Spring,1.9770038491269841,0.00040920385829455535,3.186472548641076
2019-04-24 00:00:00,Spring,2.2877449137103176,0.000386298703333171,3.231352443692358
2019-04-24 01:00:00,Spring,2.6461981055257935,0.0005802609817045717,3.657711446679545
2019-04-24 02:00:00,Spring,2.9031598232539686,0.00046878281496034763,3.635271499153903
2019-04-24 03:00:00,Spring,3.0461509948809518,0.00045322332859526433,3.5903916041026207
2019-04-24 04:00:00,Spring,2.9714148528174604,0.0002434336443014874,3.0967127585385104
2019-04-24 05:00:00,Spring,2.821588738650794,0.0002802257785668971,3.006952968435945
2019-04-24 06:00:00,Spring,2.4662749022420636,0.00031262438472868387,3.006952968435945
2019-04-24 07:00:00,Spring,1.9554218320436507,0.0004726629006139822,2.5581540179231173
2019-04-24 08:00:00,Spring,1.4645561651984127,0.0003098674888296118,2.490834175346193
2019-04-24 09:00:00,Spring,1.1478297705753968,0.0002484589949099768,2.4235143327692685
2019-04-24 10:00:00,Spring,0.9093076720238094,0.12016419816208654,16.9197204343336
2019-04-24 11:00:00,Spring,0.9253574695833333,0.02195977812229207,10.524335389525806
2019-04-24 12:00:00,Spring,1.1461960292460318,0.0007638591420045511,5.318267563577007
2019-04-24 13:00:00,Spring,1.4361470309325397,0.0010071227792652496,4.6450691378077655
2019-04-24 14:00:00,Spring,1.8535292083531745,0.0011317951913281858,3.814791079359034
2019-04-24 15:00:00,Spring,2.2656938904166664,0.0007716840326305192,2.5132741228718345
2019-04-24 16:00:00,Spring,2.52061515875,0.0019308256267524641,2.4235143327692685
2019-04-24 17:00:00,Spring,2.7179147565079367,0.005169020958125353,2.0420352248333655
2019-04-24 18:00:00,Spring,2.7306437613492065,0.006212702120422556,1.8849555921538759
2019-04-24 19:00:00,Spring,2.585383340734127,0.006284457606484116,1.9073955396795172
2019-04-24 20:00:00,Spring,2.3719576346428575,0.005208290173496892,1.9522754347308
2019-04-24 21:00:00,Spring,2.1126460799603173,0.0035005108076991815,1.9747153822564414
2019-04-24 22:00:00,Spring,1.973950295982143,0.0030817088594226327,1.9747153822564414
2019-04-24 23:00:00,Spring,1.97443777375,0.002785013399895,2.0420352248333655
2019-04-25 00:00:00,Spring,2.1043926382242066,0.0016839974412541196,2.176674909987214
2019-04-25 01:00:00,Spring,2.3484957212896824,0.0011530705041667823,2.3337545426667035
2019-04-25 02:00:00,Spring,2.6008883915178576,0.001067591234930213,2.4459542802949104
2019-04-25 03:00:00,Spring,2.802647344464286,0.001114536911852419,2.3337545426667035
2019-04-25 04:00:00,Spring,2.9108510165674604,0.0006759659137615415,2.4683942278205517
2019-04-25 05:00:00,Spring,2.8601961175099206,0.0005235027572121262,2.4459542802949104
2019-04-25 06:00:00,Spring,2.6481088247916666,0.0006462054371722231,2.2888746476154207
2019-04-25 07:00:00,Spring,2.3307301079166667,0.0006632900006128838,2.176674909987214
2019-04-25 08:00:00,Spring,1.8965817001190475,0.00048041739370557174,2.1542349624615724
2019-04-25 09:00:00,Spring,1.484316158988095,0.0003151856137254232,2.3337545426667035
2019-04-25 10:00:00,Spring,1.1937047453373015,0.0002251325481051482,2.4459542802949104
2019-04-25 11:00:00,Spring,1.0561537199404762,0.0009469062262255256,4.9367884556411035
2019-04-25 12:00:00,Spring,1.1171917637698412,0.0010425594360877152,4.084070449666731
2019-04-25 13:00:00,Spring,1.2979031434920634,0.0009186137459494877,3.612831551628262
2019-04-25 14:00:00,Spring,1.580796852251984,0.0007978826073101733,2.4683942278205517
2019-04-25 15:00:00,Spring,1.9421075510119048,0.0013780526840349258,2.199114857512855
2019-04-25 16:00:00,Spring,2.2971104704761904,0.00162715579051404,1.9971553297820828
2019-04-25 17:00:00,Spring,2.558138279672619,0.004135582945662693,1.9971553297820828
2019-04-25 18:00:00,Spring,2.725653684761905,0.006747736517984612,1.7951958020513104
2019-04-25 19:00:00,Spring,2.7435520150892856,0.006890398892901243,1.8176357495769517
2019-04-25 20:00:00,Spring,2.6425088710119047,0.008137570452139356,1.8625156446282345
2019-04-25 21:00:00,Spring,2.45584883140873,0.004772639678498219,1.9298354872051586
2019-04-25 22:00:00,Spring,2.21661863515873,0.003936351851440086,2.1093550674102897
2019-04-25 23:00:00,Spring,2.058289306011905,0.0031695219839147364,2.199114857512855
2019-04-26 00:00:00,Spring,2.012004114156746,0.0023467525322912125,2.4010743852436276
2019-04-26 01:00:00,Spring,2.110079444484127,0.001155055970512736,2.6927937030769655
2019-04-26 02:00:00,Spring,2.282050186984127,0.0005129658518978745,2.715233650602607
2019-04-26 03:00:00,Spring,2.4932678576388887,0.0004573936052869581,2.782553493179531
2019-04-26 04:00:00,Spring,2.6509350959920637,0.0004138397317452442,2.9171931783333793
2019-04-26 05:00:00,Spring,2.7886585023015877,0.0002358355259410129,3.0518328634872276
2019-04-26 06:00:00,Spring,2.7464380308333336,0.00019295894048788317,2.1093550674102897
2019-04-26 07:00:00,Spring,2.558530730416667,0.0003339486749010035,0.9873576911282207
2019-04-26 08:00:00,Spring,2.2646321612103177,0.00031537444960709536,1.2117571663846343
2019-04-26 09:00:00,Spring,1.8916615943353174,0.000260663012848271,1.0322375861795035
2019-04-26 10:00:00,Spring,1.56716162828373,0.00024030001059984447,1.1444373238077103
2019-04-26 11:00:00,Spring,1.3093421390476188,0.00023493357945767018,0.9873576911282207
2019-04-26 12:00:00,Spring,1.1981825269642858,0.00088755810776092,5.071428140794952
2019-04-26 13:00:00,Spring,1.2243089562400793,0.001112496388140026,4.667509085333407
2019-04-26 14:00:00,Spring,1.4140275641269842,0.0011038383515331854,4.218710134820579
2019-04-26 15:00:00,Spring,1.6672562863690477,0.0012892777830033012,3.545511709051338
2019-04-26 16:00:00,Spring,2.0265485764682536,0.00219186817441359,2.378634437717986
2019-04-26 17:00:00,Spring,2.3117076789384923,0.002626597883620357,2.0869151198846483
2019-04-26 18:00:00,Spring,2.588072833700397,0.0022115966862146603,2.2215548050384966
2019-04-26 19:00:00,Spring,2.753871625119048,0.00279132459795272,2.1542349624615724
2019-04-26 20:00:00,Spring,2.7882065943452385,0.002383943488805642,2.243994752564138
2019-04-26 21:00:00,Spring,2.67450275390873,0.0017515637216050997,2.311314595141062
2019-04-26 22:00:00,Spring,2.4520539452976187,0.0013307551176965123,2.4235143327692685
2019-04-26 23:00:00,Spring,2.219321386021825,0.0009783608979736756,2.8723132832820966
2019-04-27 00:00:00,Spring,2.053413135228175,0.0008224101930501596,2.7601135456538897
2019-04-27 01:00:00,Spring,1.9912631205753968,0.0006003891512350245,2.6254738605000414
2019-04-27 02:00:00,Spring,2.034489394126984,0.00038102618835202703,2.6030339129744
2019-04-27 03:00:00,Spring,2.1830259976190476,0.0004091420211766929,2.894753230807738
2019-04-27 04:00:00,Spring,2.3728154213789683,0.0003916179030980149,2.9396331258590207
2019-04-27 05:00:00,Spring,2.5806633165873016,0.0004209233267214303,3.0518328634872276
2019-04-27 06:00:00,Spring,2.7143507443253965,0.00043792332532525285,2.8723132832820966
2019-04-27 07:00:00,Spring,2.7297326435813494,0.00016532596378825628,2.176674909987214
2019-04-27 08:00:00,Spring,2.603422793035714,0.00022914259703176753,2.243994752564138
2019-04-27 09:00:00,Spring,2.3217525542063493,0.0002903109958751213,2.827433388230814
2019-04-27 10:00:00,Spring,1.9647216533234126,0.0002801659418016966,1.2566370614359172
2019-04-27 11:00:00,Spring,1.6536688113988096,0.00014309516684308415,1.0546775337051448
2019-04-27 12:00:00,Spring,1.3769384659126982,0.0005529269956507365,2.7376735981282483
2019-04-27 13:00:00,Spring,1.2355518413690476,0.0008378617220220083,4.06163050214109
2019-04-27 14:00:00,Spring,1.270404382638889,0.0008490076729774296,5.1163080358462345
2019-04-27 15:00:00,Spring,1.4035334080059525,0.0010340812126815385,3.971870712038524
2019-04-27 16:00:00,Spring,1.684057609623016,0.0007273780388594062,2.962073073384662
2019-04-27 17:00:00,Spring,2.0225204430257935,0.0006841282406765015,2.894753230807738
2019-04-27 18:00:00,Spring,2.3465962467857144,0.0007861074408730372,2.7601135456538897
2019-04-27 19:00:00,Spring,2.6515699503373016,0.0007003292062330237,2.5132741228718345
2019-04-27 20:00:00,Spring,2.8454087899206346,0.0007540154612507097,2.4459542802949104
2019-04-27 21:00:00,Spring,2.878200780029762,0.000776667988069153,2.490834175346193
2019-04-27 22:00:00,Spring,2.7695805955853174,0.0007248693024274139,2.7601135456538897
2019-04-27 23:00:00,Spring,2.5448651445634916,0.0010177129222839732,2.4683942278205517
2019-04-28 00:00:00,Spring,2.232572306488095,0.0011187360098601751,2.535714070397476
2019-04-28 01:00:00,Spring,2.0022993187599205,0.000840132614727665,2.715233650602607
2019-04-28 02:00:00,Spring,1.8459864751984125,0.0007611913595149403,3.0967127585385104
2019-04-28 03:00:00,Spring,1.8614471310416665,0.000706352747805856,3.0967127585385104
2019-04-28 04:00:00,Spring,2.00940800515873,0.0006744892792790887,3.074272811012869
2019-04-28 05:00:00,Spring,2.233663967430555,0.0005159842365012936,2.782553493179531
2019-04-28 06:00:00,Spring,2.502226110555555,0.0005514413645468423,2.917193178333379
2019-04-28 07:00:00,Spring,2.694874515605159,0.0006335253085369157,3.253792391218
2019-04-28 08:00:00,Spring,2.745708524375,0.00019046994364824182,2.670353755551324
2019-04-28 09:00:00,Spring,2.648220850793651,0.00013193811562205448,2.6479138080256828
2019-04-28 10:00:00,Spring,2.3650253750198416,0.00014228935021813553,2.827433388230814
2019-04-28 11:00:00,Spring,1.9771108662896828,0.00014236527448088454,2.1093550674102897
2019-04-28 12:00:00,Spring,1.6841610585416666,0.0003342926688943543,4.016750607089806
2019-04-28 13:00:00,Spring,1.355676299107143,0.0010787368158537674,4.084070449666731
2019-04-28 14:00:00,Spring,1.2300837857440476,0.0009876623346873141,3.5679516565769793
2019-04-28 15:00:00,Spring,1.2714262754960317,0.0010974309747268354,3.523071761525696
2019-04-28 16:00:00,Spring,1.4571972530952382,0.0009501348972484729,3.4108720238974892
2019-04-28 17:00:00,Spring,1.773132659593254,0.0005956476099297799,2.5805939654487586
2019-04-28 18:00:00,Spring,2.1142410595833336,0.0006896376098150159,2.4459542802949104
2019-04-28 19:00:00,Spring,2.4604519837599206,0.0006947614014882464,2.311314595141062
2019-04-28 20:00:00,Spring,2.765143095575397,0.0006204360079128322,2.4235143327692685
2019-04-28 21:00:00,Spring,2.9304069899603173,0.0006800391108199371,2.5132741228718345
2019-04-28 22:00:00,Spring,2.924536506448413,0.000476234589556875,2.6254738605000414
2019-04-28 23:00:00,Spring,2.748844219801587,0.0003466945875461013,2.827433388230814
2019-04-29 00:00:00,Spring,2.436539739414682,0.0003677338875723936,2.9396331258590207
2019-04-29 01:00:00,Spring,2.1216128037599207,0.0003433705390602223,3.074272811012869
2019-04-29 02:00:00,Spring,1.841884782718254,0.0005145179762680657,3.006952968435945
2019-04-29 03:00:00,Spring,1.6693504449900793,0.0004492518990053871,3.0518328634872276
2019-04-29 04:00:00,Spring,1.7173338150892856,0.0005247711715991628,3.612831551628262
2019-04-29 05:00:00,Spring,1.872340445654762,0.000607022524897758,3.231352443692358
2019-04-29 06:00:00,Spring,2.2161053709325396,0.000531660699627555,3.0518328634872276
2019-04-29 07:00:00,Spring,2.0549560447222226,0.044187188322901576,2.0869151198846483
2019-04-29 08:00:00,Spring,2.7584295133035712,0.000654985298456837,1.2341971139102759
2019-04-29 09:00:00,Spring,2.8037740994543654,0.0006655768079006322,0.9424777960769379
2019-04-29 10:00:00,Spring,2.674073693769841,0.0003625281997889571,1.481036536692331
2019-04-29 11:00:00,Spring,2.3975354997916667,0.0002225609428584387,1.2341971139102759
2019-04-29 12:00:00,Spring,2.065532586200397,0.00012924005848040637,1.8625156446282345
2019-04-29 13:00:00,Spring,1.6609073618650791,0.00024906696568128254,3.635271499153903
2019-04-29 14:00:00,Spring,1.3417716443948413,0.0003426071087571955,3.523071761525696
2019-04-29 15:00:00,Spring,1.2371350834325394,0.0003648767315711466,3.321112233794924
2019-04-29 16:00:00,Spring,1.3119929996031745,0.000464195959840307,2.9396331258590207
2019-04-29 17:00:00,Spring,1.5740422729365078,0.0007439481416728545,2.7376735981282483
2019-04-29 18:00:00,Spring,1.966286362589286,0.000783283280218331,2.6927937030769655
2019-04-29 19:00:00,Spring,2.353554780515873,0.0008467349746274157,2.535714070397476
2019-04-29 20:00:00,Spring,2.731569173313492,0.0009158122994936945,2.5132741228718345
2019-04-29 21:00:00,Spring,2.9845356169146826,0.0007675420177369382,2.4010743852436276
2019-04-29 22:00:00,Spring,3.0389877360416673,0.00036040111590278964,2.6254738605000414
2019-04-29 23:00:00,Spring,2.9630670414880953,0.00034684361789278164,2.6479138080256828
2019-04-30 00:00:00,Spring,2.688363072103175,0.0004061526356137607,2.378634437717986
2019-04-30 01:00:00,Spring,2.311198807787698,0.00018211745517432155,2.4010743852436276
2019-04-30 02:00:00,Spring,1.961905779097222,0.00012443303600581738,2.6479138080256828
2019-04-30 03:00:00,Spring,1.6469626278968252,0.00021320091501885095,3.635271499153903
2019-04-30 04:00:00,Spring,1.5287553190277776,0.00017233869662651864,3.4108720238974892
2019-04-30 05:00:00,Spring,1.6118940507837303,0.0001537963749333817,3.657711446679545
2019-04-30 06:00:00,Spring,1.8779129290178571,0.0001983037239978604,2.849873335756455
2019-04-30 07:00:00,Spring,2.2378386449007936,0.0002476418903832777,2.827433388230814
2019-04-30 08:00:00,Spring,2.583651818313492,0.00017615606540682252,1.1444373238077103
2019-04-30 09:00:00,Spring,2.7956389352876982,0.00019087052196470447,1.2566370614359172
2019-04-30 10:00:00,Spring,2.8710058038888886,0.00017560671197884619,2.4235143327692685
2019-04-30 11:00:00,Spring,2.7742505378968256,0.000173839666723757,2.4459542802949104
2019-04-30 12:00:00,Spring,2.5274434337896823,0.00017537829134378513,2.2888746476154207
2019-04-30 13:00:00,Spring,2.1809136204960318,0.00018365488974757762,2.2664347000897793
2019-04-30 14:00:00,Spring,1.7375298850992063,0.0002215644675040903,2.3337545426667035
2019-04-30 15:00:00,Spring,1.4242772646329365,0.00027134424754346313,3.500631814000055
2019-04-30 16:00:00,Spring,1.3053105930059523,0.00031493589057522676,3.8821109219359586
2019-04-30 17:00:00,Spring,1.4056601977579366,0.00041537463585649136,2.782553493179531
2019-04-30 18:00:00,Spring,1.733799845625,0.0003467981397056517,2.378634437717986
2019-04-30 19:00:00,Spring,2.1151302792361113,0.000391595811569691,2.5132741228718345
2019-04-30 20:00:00,Spring,2.5076133940575396,0.0003476847016961768,2.5581540179231173
2019-04-30 21:00:00,Spring,2.879834827043651,0.00029995417494452513,2.5581540179231173
2019-04-30 22:00:00,Spring,3.092801767063492,0.00020489834275411398,2.4235143327692685
2019-04-30 23:00:00,Spring,3.0992849992460316,0.00014227318452936298,2.3337545426667035
2019-05-01 00:00:00,Spring,2.9070533449007936,8.147140068416623e-05,2.3337545426667035
2019-05-01 01:00:00,Spring,2.539040542797619,4.974464689170659e-05,2.4010743852436276
2019-05-01 02:00:00,Spring,2.156563458531746,4.5531980870580256e-05,2.535714070397476
2019-05-01 03:00:00,Spring,1.7910402483035712,4.74152742284971e-05,2.6479138080256828
2019-05-01 04:00:00,Spring,1.4855528992063491,0.00029518352022342323,5.744626566564193
2019-05-01 05:00:00,Spring,1.3779987447420634,0.00026991084021651474,4.847028665538538
2019-05-01 06:00:00,Spring,1.5218468770535716,0.0001130347802126086,4.353349819974428
2019-05-01 07:00:00,Spring,1.8865506106944445,7.462815222655595e-05,3.2762323387436414
2019-05-01 08:00:00,Spring,2.2988403489484126,5.363318417067965e-05,1.0546775337051448
2019-05-01 09:00:00,Spring,2.6211132493253966,6.98013309580534e-05,1.1444373238077103
2019-05-01 10:00:00,Spring,2.8206808615972223,8.76378454567303e-05,1.2790770089615586
2019-05-01 11:00:00,Spring,2.88447232359127,7.931470531427059e-05,1.121997376282069
2019-05-01 12:00:00,Spring,2.7156298450297616,6.0734200523513204e-05,1.0995574287564276
2019-05-01 13:00:00,Spring,2.505015888452381,0.00010527903064676866,2.356194490192345
2019-05-01 14:00:00,Spring,2.083114111349206,0.0001415025548938924,3.455751918948772
2019-05-01 15:00:00,Spring,1.689019642470238,0.00015732011752284634,3.2762323387436414
2019-05-01 16:00:00,Spring,1.424850953174603,0.00018911477331335356,3.0518328634872276
2019-05-01 17:00:00,Spring,1.3394009202876984,0.000289075238111154,3.792351131833393
2019-05-01 18:00:00,Spring,1.4983448506547619,0.0001897224383509647,2.6479138080256828
2019-05-01 19:00:00,Spring,1.9051153635416664,0.00023040548878231143,2.2215548050384966
2019-05-01 20:00:00,Spring,2.3379074147817462,0.0003087510126415879,2.3337545426667035
2019-05-01 21:00:00,Spring,2.784099744623016,0.0002813425243585068,2.4235143327692685
2019-05-01 22:00:00,Spring,3.083464496329365,0.00021269348400622973,2.6254738605000414
2019-05-01 23:00:00,Spring,3.1697950921527775,0.0001347477383731537,2.5805939654487586
2019-05-02 00:00:00,Spring,3.1260457396329366,7.404218317744662e-05,2.5581540179231173
2019-05-02 01:00:00,Spring,2.88686820343254,8.269028894166539e-05,2.243994752564138
2019-05-02 02:00:00,Spring,2.452349335109127,4.402081326351114e-05,2.176674909987214
2019-05-02 03:00:00,Spring,2.038373617390873,0.00011246768710379264,3.74747123678211
2019-05-02 04:00:00,Spring,1.5913171562698414,0.0001424166964191959,4.173830239769297
2019-05-02 05:00:00,Spring,1.3011098672519843,0.00040074443332949075,5.789506461615476
2019-05-02 06:00:00,Spring,1.2449970243055555,0.00013510965054397794,5.408027353679572
2019-05-02 07:00:00,Spring,1.4365079148412698,8.008623457699402e-05,4.577749295230841
2019-05-02 08:00:00,Spring,1.8656811314484125,3.9765303404480016e-05,1.0771174812307862
2019-05-02 09:00:00,Spring,2.3050427807638885,6.477457213872618e-05,1.121997376282069
2019-05-02 10:00:00,Spring,2.627144488740079,4.662655024697968e-05,1.2566370614359172
2019-05-02 11:00:00,Spring,2.849123448392857,7.775957642141783e-05,1.2117571663846343
2019-05-02 12:00:00,Spring,2.8915529383531746,5.393026565858427e-05,1.3463968515384828
2019-05-02 13:00:00,Spring,2.7842263267460314,0.00010150919864471512,3.0518328634872276
2019-05-02 14:00:00,Spring,2.542981407480158,0.00012474504704719375,2.423514332769269
2019-05-02 15:00:00,Spring,2.0602509737599206,0.00013718833789841075,2.131795014935931
2019-05-02 16:00:00,Spring,1.6904474555952382,0.00022835720232543342,3.1191527060641517
2019-05-02 17:00:00,Spring,1.4525721000297618,0.0002538947456658876,3.478191866474414
2019-05-02 18:00:00,Spring,1.406749360813492,0.00024978580338324836,3.455751918948772
2019-05-02 19:00:00,Spring,1.6692741599404763,0.00018519073863618624,2.2664347000897793
2019-05-02 20:00:00,Spring,2.0346370420238094,0.00022030085731655804,2.199114857512855
2019-05-02 21:00:00,Spring,2.547207331190476,0.000220553958868913,2.2215548050384966
2019-05-02 22:00:00,Spring,2.9693946332142853,0.0002176950762582648,2.3337545426667035
2019-05-02 23:00:00,Spring,3.192608570218254,0.0001633659575544771,2.2664347000897793
2019-05-03 00:00:00,Spring,3.2096954542857143,8.238934386362292e-05,2.378634437717986
2019-05-03 01:00:00,Spring,3.073199330119047,7.090731609106969e-05,2.3337545426667035
2019-05-03 02:00:00,Spring,2.6915990195932538,7.120126583055925e-05,2.2888746476154207
2019-05-03 03:00:00,Spring,2.1617060871825395,7.334237084166845e-05,2.4235143327692685
2019-05-03 04:00:00,Spring,1.7253460489285715,0.00014374641761798998,3.545511709051338
2019-05-03 05:00:00,Spring,1.3331391456349206,0.0002376380365246539,4.039190554615448
2019-05-03 06:00:00,Spring,1.1250544783630954,0.00032188782846150543,4.9367884556411035
2019-05-03 07:00:00,Spring,1.1246278010119046,0.00017916171562131853,5.273387668525724
2019-05-03 08:00:00,Spring,1.4579710981349208,7.719944229580937e-05,3.186472548641076
2019-05-03 09:00:00,Spring,1.9370674954166667,9.736588195930762e-05,3.3435521813205655
2019-05-03 10:00:00,Spring,2.351723984117063,4.6583548280776084e-05,1.481036536692331
2019-05-03 11:00:00,Spring,2.6936402242261908,5.162743297730513e-05,1.2117571663846345
2019-05-03 12:00:00,Spring,2.8943550586111106,5.7605649452301496e-05,1.0322375861795035
2019-05-03 13:00:00,Spring,2.9130020725198413,9.519970391741806e-05,3.074272811012869
2019-05-03 14:00:00,Spring,2.8208424918055552,9.534039111770697e-05,2.423514332769269
2019-05-03 15:00:00,Spring,2.420171710595238,0.00022285318589248507,1.7503159070000276
2019-05-03 16:00:00,Spring,1.9074751565376986,0.00018409764479196048,1.8176357495769517
2019-05-03 17:00:00,Spring,1.6026895893154762,0.00032395224688895965,3.478191866474414
2019-05-03 18:00:00,Spring,1.4568191320238095,0.0003157218547304615,3.680151394205186
2019-05-03 19:00:00,Spring,1.5408759021031746,0.00025454226136881745,3.365992128846207
2019-05-03 20:00:00,Spring,1.904650434970238,0.0001950626196386778,2.311314595141062
2019-05-03 21:00:00,Spring,2.359614007222222,0.00023708557423583713,2.199114857512855
2019-05-03 22:00:00,Spring,2.828463727222222,0.00020877892157728458,2.3337545426667035
2019-05-03 23:00:00,Spring,3.1788430752579364,0.0002162681534485801,2.243994752564138
2019-05-04 00:00:00,Spring,3.277250841101191,0.0001384001344880446,2.2215548050384966
2019-05-04 01:00:00,Spring,3.2308240972916664,9.993932089819846e-05,2.243994752564138
2019-05-04 02:00:00,Spring,2.946122992222222,8.30809240326835e-05,2.1542349624615724
2019-05-04 03:00:00,Spring,2.432952324672619,9.428185161825287e-05,2.0869151198846483
2019-05-04 04:00:00,Spring,1.9889848534523804,0.00011405442365793107,3.006952968435945
2019-05-04 05:00:00,Spring,1.4471999281150794,0.000217322563397503,3.680151394205186
2019-05-04 06:00:00,Spring,1.1081997308829366,0.0002874044538692619,4.577749295230841
2019-05-04 07:00:00,Spring,0.9663706370734126,0.00023849421826581721,4.891908560589821
2019-05-04 08:00:00,Spring,1.0639329838194445,0.00018069302746608908,5.004108298218028
2019-05-04 09:00:00,Spring,1.4844411931150792,6.923019845160924e-05,3.725031289256469
2019-05-04 10:00:00,Spring,1.924894820138889,4.717110654996252e-05,2.6479138080256828
2019-05-04 11:00:00,Spring,2.4151721930555556,3.487628548018876e-05,1.413716694115407
2019-05-04 12:00:00,Spring,2.7784265169841267,6.061504212927996e-05,1.840075697102593
2019-05-04 13:00:00,Spring,2.9365662974801587,9.474082076344034e-05,2.7376735981282483
2019-05-04 14:00:00,Spring,2.9310097605257934,7.751737631021819e-05,2.0869151198846483
2019-05-04 15:00:00,Spring,2.7926047344146823,9.759498892729585e-05,1.772755854525669
2019-05-04 16:00:00,Spring,2.4202433395238097,9.469667256525356e-05,1.7054360119487446
2019-05-04 17:00:00,Spring,2.0152754959821433,0.00014033739401278776,2.243994752564138
2019-05-04 18:00:00,Spring,1.7355489413392857,0.00033209298360386457,3.500631814000055
2019-05-04 19:00:00,Spring,1.6165763436507936,0.0002248874677156435,3.231352443692358
2019-05-04 20:00:00,Spring,1.7529947720138885,0.00022153763928617725,3.0967127585385104
2019-05-04 21:00:00,Spring,2.1444318874900796,0.0001735848132088606,2.6030339129744
2019-05-04 22:00:00,Spring,2.5938811452281745,0.00019719385302000903,2.490834175346193
2019-05-04 23:00:00,Spring,3.0334199687698415,0.00014056546052971245,2.6479138080256828
2019-05-05 00:00:00,Spring,3.299612786230159,0.0001753107744699613,2.715233650602607
2019-05-05 01:00:00,Spring,3.325651713928571,0.00017086047377826846,2.782553493179531
2019-05-05 02:00:00,Spring,3.1776851084126987,0.0001412015590234463,2.782553493179531
2019-05-05 03:00:00,Spring,2.7746990575992063,0.00013088670308056304,2.6479138080256828
2019-05-05 04:00:00,Spring,2.281522123015873,0.00013144207525804337,2.535714070397476
2019-05-05 05:00:00,Spring,1.7726004448511907,0.00021309639647886164,3.1191527060641517
2019-05-05 06:00:00,Spring,1.2855757261309524,0.00038590943852284166,3.859670974410317
2019-05-05 07:00:00,Spring,0.981200577986111,0.0004053840113677662,4.824588718012897
2019-05-05 08:00:00,Spring,0.922044243065476,0.000307284766709116,4.959228403166745
2019-05-05 09:00:00,Spring,1.1093961868849207,0.00023323122347757068,4.487989505128276
2019-05-05 10:00:00,Spring,1.6138071747123015,0.00010184108597063293,4.173830239769297
2019-05-05 11:00:00,Spring,2.0917403814781745,0.00016368918844778587,4.443109610076993
2019-05-05 12:00:00,Spring,2.5125985220833336,0.00021028263923615013,3.1640326011154345
2019-05-05 13:00:00,Spring,2.7935912884126983,0.00017848513260387204,2.5581540179231173
2019-05-05 14:00:00,Spring,2.9701146603968254,0.00014713152314093443,2.490834175346193
2019-05-05 15:00:00,Spring,2.9343222837103173,0.000108648799050373,1.9522754347308
2019-05-05 16:00:00,Spring,2.6199754242658733,0.00012915318627760807,2.1542349624615724
2019-05-05 17:00:00,Spring,2.2098343994345235,0.00011234808897580551,2.176674909987214
2019-05-05 18:00:00,Spring,1.8822067080555556,0.00020751251894807703,2.962073073384662
2019-05-05 19:00:00,Spring,1.6782503607638888,0.0002131466084542464,2.9396331258590207
2019-05-05 20:00:00,Spring,1.6507763008134921,0.00021689950817989467,3.0518328634872276
2019-05-05 21:00:00,Spring,1.9401281691369046,0.00019799007784385592,2.894753230807738
2019-05-05 22:00:00,Spring,2.388670695257937,0.0002147576362686191,2.535714070397476
2019-05-05 23:00:00,Spring,2.886868411547619,0.00021999399060915588,2.4683942278205517
2019-05-06 00:00:00,Spring,3.2639002702083335,0.00017798940323012277,2.6479138080256828
2019-05-06 01:00:00,Spring,3.376107336706349,7.730343738745406e-05,2.5805939654487586
2019-05-06 02:00:00,Spring,3.3289282788888888,9.052748697258161e-05,2.6254738605000414
2019-05-06 03:00:00,Spring,3.0264060027579367,0.00011829621988811864,3.0967127585385104
2019-05-06 04:00:00,Spring,2.495081093829365,0.00014426350376096192,3.253792391218
2019-05-06 05:00:00,Spring,1.9810964316765873,0.00018354891077192653,3.523071761525696
2019-05-06 06:00:00,Spring,1.4652468980357143,0.0002189748915373398,3.9045508694616
2019-05-06 07:00:00,Spring,1.0470926978869044,0.0002520709305277957,3.971870712038524
2019-05-06 08:00:00,Spring,0.8874555975297618,0.0001426084968721334,5.5875469338847035
2019-05-06 09:00:00,Spring,0.9056196089980157,0.00016312846656659175,5.565106986359062
2019-05-06 10:00:00,Spring,1.2584093307936508,0.0003072503957658896,3.859670974410317
2019-05-06 11:00:00,Spring,1.775742347579365,0.000257104176921563,3.5679516565769793
2019-05-06 12:00:00,Spring,2.2558638159325395,0.0002639330268233708,3.2089124961667173
2019-05-06 13:00:00,Spring,2.6977629703373016,0.00026406943847799596,2.6479138080256828
2019-05-06 14:00:00,Spring,2.9343153273611113,0.00032522204660281233,2.4459542802949104
2019-05-06 15:00:00,Spring,2.97903075265873,0.00016390031262747688,2.378634437717986
2019-05-06 16:00:00,Spring,2.8537628024007935,0.0001366522223641789,2.2664347000897793
2019-05-06 17:00:00,Spring,2.539733964404762,0.00012147880428672868,2.3337545426667035
2019-05-06 18:00:00,Spring,2.168871901825397,0.00010982240662948945,2.311314595141062
2019-05-06 19:00:00,Spring,1.8932835043948413,0.00021328056655506772,3.141592653589793
2019-05-06 20:00:00,Spring,1.753999343611111,0.0002173439284230541,3.321112233794924
2019-05-06 21:00:00,Spring,1.8412678590277776,0.00024060830698190855,3.478191866474414
2019-05-06 22:00:00,Spring,2.202447843343254,0.0002055985363478622,3.0967127585385104
2019-05-06 23:00:00,Spring,2.6363975394047623,0.0002470470079320888,3.141592653589793
2019-05-07 00:00:00,Spring,3.089242699761905,0.0001996849680137198,3.006952968435945
2019-05-07 01:00:00,Spring,3.365183543174603,0.0001469832280379356,2.894753230807738
2019-05-07 02:00:00,Spring,3.4046773862797624,0.00010040122573284578,2.7376735981282483
2019-05-07 03:00:00,Spring,3.245215476190476,9.008695921879211e-05,2.827433388230814
2019-05-07 04:00:00,Spring,2.7994474881051588,6.721015024740428e-05,3.0518328634872276
2019-05-07 05:00:00,Spring,2.307227827718254,0.00011554957641673733,3.2313524436923586
2019-05-07 06:00:00,Spring,1.8253574841369047,0.00019493600763887623,3.680151394205186
2019-05-07 07:00:00,Spring,1.3439222776488093,0.0003240045886031003,4.420669662551352
2019-05-07 08:00:00,Spring,1.0422067208531747,0.00019787387613648925,5.250947721000083
2019-05-07 09:00:00,Spring,1.0874718794642857,0.0004434841961162964,6.507584782435999
2019-05-07 10:00:00,Spring,0.9286626241071428,0.00044920719446325054,5.385587406153931
2019-05-07 11:00:00,Spring,1.270639972638889,0.00013124863715323538,4.196270187294938
2019-05-07 12:00:00,Spring,1.7714522032142859,0.0005078055395924903,4.375789767500069
2019-05-07 13:00:00,Spring,2.284177009801587,0.0005405154676278738,4.218710134820579
2019-05-07 14:00:00,Spring,2.6360959156547614,0.0008658063544890783,3.455751918948772
2019-05-07 15:00:00,Spring,2.8926064329265877,0.0005099128750875651,2.4235143327692685
2019-05-07 16:00:00,Spring,2.9535804401190475,0.0004923003972751935,2.1093550674102897
2019-05-07 17:00:00,Spring,2.8515606992857143,0.0005178816749475343,1.9747153822564414
2019-05-07 18:00:00,Spring,2.5490315183333334,0.0005937697202595337,2.5581540179231173
2019-05-07 19:00:00,Spring,2.249467034305556,0.0005566981462410473,2.670353755551324
2019-05-07 20:00:00,Spring,2.000682171656746,0.0006333438565447481,2.8049934407051724
2019-05-07 21:00:00,Spring,1.9075702165873014,0.0006144238760527918,3.186472548641076
2019-05-07 22:00:00,Spring,2.0170730692261905,0.00035112508159238935,2.7601135456538897
2019-05-07 23:00:00,Spring,2.3576673975892857,0.000407096850035039,2.7601135456538897
2019-05-08 00:00:00,Spring,2.8082310888690474,0.0004961947475288449,2.6927937030769655
2019-05-08 01:00:00,Spring,3.176921243392857,0.0005290073767441067,2.5581540179231173
2019-05-08 02:00:00,Spring,3.349880095674603,0.0003688498307812216,2.5805939654487586
2019-05-08 03:00:00,Spring,3.352882278561508,0.0004908922033120708,2.490834175346193
2019-05-08 04:00:00,Spring,3.146962861547619,0.00048715579390702104,2.4683942278205517
2019-05-08 05:00:00,Spring,2.6647797011507937,0.0003438229703877732,2.5805939654487586
2019-05-08 06:00:00,Spring,2.166323861924603,0.00034751614562260265,3.1640326011154345
2019-05-08 07:00:00,Spring,1.6557933264285718,0.0008915597916004366,4.487989505128276
2019-05-08 08:00:00,Spring,1.207042321001984,0.001847790854251,5.722186619038552
2019-05-08 09:00:00,Spring,1.0036553260416667,0.00022337456461580542,5.004108298218028
2019-05-08 10:00:00,Spring,1.008653759454365,0.05291789179680289,10.367255756846317
2019-05-08 11:00:00,Spring,0.9722704494246031,0.00012719020155192148,4.577749295230841
2019-05-08 12:00:00,Spring,1.3706968885912698,0.00011071443905618191,3.478191866474414
2019-05-08 13:00:00,Spring,1.596715972718254,9.966999010257589e-05,3.725031289256469
2019-05-08 14:00:00,Spring,2.33148856843254,0.0007778843763945354,3.657711446679545
2019-05-08 15:00:00,Spring,2.676764164206349,0.000698161361658541,2.5132741228718345
2019-05-08 16:00:00,Spring,2.88002947343254,0.0005141181197770187,2.0420352248333655
2019-05-08 17:00:00,Spring,2.9320194937202384,0.0006634277874467507,1.8849555921538759
2019-05-08 18:00:00,Spring,2.8294624104563493,0.00044469129983252864,1.8849555921538759
2019-05-08 19:00:00,Spring,2.563130904484127,0.00037044344035246134,1.9747153822564414
2019-05-08 20:00:00,Spring,2.297699951964286,0.00024737300006238196,2.1093550674102897
2019-05-08 21:00:00,Spring,2.0426029195039686,0.0003777023111141678,2.199114857512855
2019-05-08 22:00:00,Spring,1.998313114503968,0.0003154514035331123,2.3337545426667035
2019-05-08 23:00:00,Spring,2.132451009831349,0.00027280604501431026,2.5132741228718345
2019-05-09 00:00:00,Spring,2.4502971308134924,0.0003455966423512939,2.715233650602607
2019-05-09 01:00:00,Spring,2.852718438829365,0.0005280396898568017,2.6927937030769655
2019-05-09 02:00:00,Spring,3.171938533313492,0.0005664359230060873,2.670353755551324
2019-05-09 03:00:00,Spring,3.3007109584424605,0.0004866372047655843,2.5805939654487586
2019-05-09 04:00:00,Spring,3.2780691706150793,0.0006234983230204326,2.378634437717986
2019-05-09 05:00:00,Spring,3.0100468961904765,0.00046268028394428717,2.423514332769269
2019-05-09 06:00:00,Spring,2.595683075138889,0.0005738380596288632,2.4683942278205517
2019-05-09 07:00:00,Spring,2.1315471130555554,0.0004924836899494658,2.6927937030769655
2019-05-09 08:00:00,Spring,1.628353300277778,0.000445082700643912,3.0967127585385104
2019-05-09 09:00:00,Spring,1.2510011588095238,0.003915598980204056,6.8217440477949784
2019-05-09 10:00:00,Spring,1.072630555019841,0.0009796112823048588,4.039190554615448
2019-05-09 11:00:00,Spring,0.8934290411111111,0.0007763369631135519,6.507584782435999
2019-05-09 12:00:00,Spring,1.0240054844246032,0.00041924906346860045,3.657711446679545
2019-05-09 13:00:00,Spring,1.3986514360218254,0.0005081971882474321,3.4557519189487724
2019-05-09 14:00:00,Spring,1.8283150544246034,0.0006652114783715527,3.2313524436923586
2019-05-09 15:00:00,Spring,2.2901731616666665,0.0006925509676842994,3.006952968435945
2019-05-09 16:00:00,Spring,2.6479214092559524,0.0007602796793272841,2.827433388230814
2019-05-09 17:00:00,Spring,2.8178536315079366,0.0007433939900447668,2.6030339129744
2019-05-09 18:00:00,Spring,2.888149435357143,0.0007465231556709643,2.3337545426667035
2019-05-09 19:00:00,Spring,2.8270855242261907,0.0005809042255743545,2.2888746476154207
2019-05-09 20:00:00,Spring,2.642660475922619,0.0004924827382868373,2.670353755551324
2019-05-09 21:00:00,Spring,2.4086021804464286,0.0005742842444351141,2.9396331258590207
2019-05-09 22:00:00,Spring,2.186338296845238,0.0007043177771704906,2.962073073384662
2019-05-09 23:00:00,Spring,2.111211306785714,0.0005567490934345462,2.8049934407051724
2019-05-10 00:00:00,Spring,2.183352143859127,0.0005839096333550429,3.029392915961586
2019-05-10 01:00:00,Spring,2.482218324702381,0.0004693190743312815,3.0518328634872276
2019-05-10 02:00:00,Spring,2.8360201658432542,0.0005428990054331349,2.827433388230814
2019-05-10 03:00:00,Spring,3.0882975946924605,0.00039861298828046686,2.535714070397476
2019-05-10 04:00:00,Spring,3.1890757628075397,0.00041729275524564845,2.4010743852436276
2019-05-10 05:00:00,Spring,3.1687791936507934,0.0005411374759111737,2.243994752564138
2019-05-10 06:00:00,Spring,2.958820464861111,0.00045973934375927877,2.243994752564138
2019-05-10 07:00:00,Spring,2.6527243206944444,0.000348440425855791,2.243994752564138
