hour,d50,sigma2,temperature,season,depth_mean,Hsig,omega
2018-07-18 12:00:00,26.820727390805462,2793.1429301362905,22.065265,Summer,1.0710520546527778,0.1779464468432248,4.5553093477052
2018-07-18 13:00:00,72.75098607409058,3561.7235086858464,22.190191666666667,Summer,1.4986348743981484,0.2248309864420397,3.5081117965086026
2018-07-18 14:00:00,72.86271254158754,3638.172733036563,22.17214166666667,Summer,2.0396243479166665,0.324077127982257,3.089232776029963
2018-07-18 15:00:00,44.69224979244528,2204.6186457146714,22.260851666666667,Summer,2.549671899074074,0.3826689265221902,2.7227136331111543
2018-07-18 16:00:00,47.27302447603816,2327.2168066684944,22.49640833333333,Summer,2.9676394049537036,0.5198147695714905,2.3038346126325147
2018-07-18 17:00:00,47.08541606035341,2324.0249036961095,22.50634,Summer,3.2254308758101855,0.4922641608841852,2.0420352248333655
2018-07-18 18:00:00,46.91827414280167,2377.5296287171604,22.526186666666668,Summer,3.274604210277778,0.4056291159430634,1.884955592153876
2018-07-18 19:00:00,48.26140423444595,2421.7850191302887,22.466959999999997,Summer,3.0816241461574077,0.3229707199906528,1.884955592153876
2018-07-18 20:00:00,47.12975336221925,2348.0102988559975,22.185763333333337,Summer,2.706960186736111,0.2784841771154482,1.780235837034216
2018-07-18 21:00:00,49.73920390163855,2645.9159034844374,21.823781666666665,Summer,2.2406042164583333,0.1653318058036441,1.832595714594046
2018-07-18 22:00:00,65.07770044008487,3532.0882752443904,21.87207,Summer,1.852641149398148,0.0854078641632277,1.884955592153876
2018-07-18 23:00:00,63.64438214605478,3509.523306819953,21.924035,Summer,1.5340789340046297,0.1199264119251198,2.827433388230814
2018-07-19 00:00:00,60.6639391466755,3436.0533050728486,22.02484,Summer,1.4168581264351852,0.0776725234176887,2.4085543677521746
2018-07-19 01:00:00,53.590066094192075,3384.4208886526744,21.937698333333337,Summer,1.5266173871064816,0.0851605811206223,2.7227136331111543
2018-07-19 02:00:00,52.78261020719542,3320.638427492346,21.633103333333334,Summer,1.846752568078704,0.1320837638499816,2.8797932657906435
2018-07-19 03:00:00,51.95790501847176,3048.3585196904537,21.834595,Summer,2.2575938086111114,0.141536460947633,3.036872898470133
2018-07-19 04:00:00,56.9688922350618,3279.2225877367296,21.887316666666667,Summer,2.600977762361111,0.1578129285331233,3.141592653589793
2018-07-19 05:00:00,53.32354931898492,3067.3993093138997,21.875625,Summer,2.826984292800926,0.1490651375919653,3.2986722862692828
2018-07-19 06:00:00,54.61857891732487,2961.6755197214684,21.80040166666667,Summer,2.8583997531712964,0.1204721221801284,2.9845130209103035
2018-07-19 07:00:00,51.63486824665583,2793.9880951720006,21.557636666666667,Summer,2.669861602384259,0.1116619007386862,2.8797932657906435
2018-07-19 08:00:00,49.97970757662631,2869.228506099079,21.48789833333333,Summer,2.3190643693287036,0.0885455458102418,2.9321531433504737
2018-07-19 09:00:00,62.12982256743983,3449.0500609390865,21.577926666666663,Summer,1.90286222125,0.068032588149291,2.7750735106709836
2018-07-19 10:00:00,63.7654404313858,3978.533306166811,21.610906666666665,Summer,1.5304333458564816,0.0330873455032866,2.6179938779914944
2018-07-19 11:00:00,70.76233703156183,4602.296000466586,21.74253333333333,Summer,1.270847090671296,0.1230366647394592,4.50294947014537
2018-07-19 12:00:00,69.57202839726543,4451.550289071674,21.986593333333335,Summer,1.199804210300926,0.1922221399718224,3.979350694547071
2018-07-19 13:00:00,102.71433881676882,4633.179116789906,22.29817,Summer,1.4015608196064815,0.1935714766870758,3.5081117965086026
2018-07-19 14:00:00,126.2902518536249,4310.261833951369,22.361125,Summer,1.8005494824537036,0.321190071869297,2.9321531433504737
2018-07-19 15:00:00,122.73442316885064,4206.198085654451,22.444790163934428,Summer,2.28970147025463,0.4105535716057493,2.7750735106709836
2018-07-19 16:00:00,108.50467671085852,3833.9269244493657,22.757074576271187,Summer,2.7368447997916667,0.4608797624613981,2.4609142453120048
2018-07-19 17:00:00,103.5463326785766,3792.02557740434,22.91465,Summer,3.0770402524074076,0.5115319075977897,2.199114857512855
2018-07-19 18:00:00,95.06100507775233,3630.8468035260007,22.919047540983605,Summer,3.289486532337963,0.4887743837231728,2.0943951023931953
2018-07-19 19:00:00,100.3504001214811,3632.186093214866,22.86904745762712,Summer,3.265985575069444,0.4811614819435016,1.9896753472735356
2018-07-19 20:00:00,104.92666790875263,3692.200078306204,22.638963333333333,Summer,3.0321981723148146,0.3557127854545253,1.9373154697137056
2018-07-19 21:00:00,88.06385628617107,3630.0570932888286,22.332785,Summer,2.6405614854166672,0.2301282080638891,1.9373154697137056
2018-07-19 22:00:00,101.70396344164686,3888.5485843333354,22.12163,Summer,2.2031214227083336,0.1836613953649127,2.0943951023931953
2018-07-19 23:00:00,98.21632169648748,4021.552477294076,22.270306666666663,Summer,1.793050752013889,0.1384018073703311,2.4609142453120048
2018-07-20 00:00:00,89.91752479351186,4124.061619464983,22.300435,Summer,1.4865699295833334,0.1044336669552319,2.7750735106709836
2018-07-20 01:00:00,71.22014132565549,3978.3890082695225,22.327616666666664,Summer,1.3255656955555557,0.0847343801582256,3.193952531149623
2018-07-20 02:00:00,67.39327512262426,3868.9773122045217,22.134153333333337,Summer,1.3899001612731483,0.1335232779899764,3.560471674068432
2018-07-20 03:00:00,65.46066407755585,3515.228816220638,22.12365833333333,Summer,1.672193913865741,0.1709115948336242,3.141592653589793
2018-07-20 04:00:00,59.97057396652366,3272.115282748977,22.045408333333334,Summer,2.066931132939815,0.2028486871089063,3.036872898470133
2018-07-20 05:00:00,59.47229273971936,3187.5662417243534,21.941845,Summer,2.424782943680556,0.2382397667024245,2.9321531433504737
2018-07-20 06:00:00,61.46121027343509,3107.7978731000994,22.02308833333333,Summer,2.678234168726852,0.1735327478778432,3.036872898470133
2018-07-20 07:00:00,63.13496624437903,3232.9710347984205,21.959423333333337,Summer,2.7656474984953707,0.1375967528182343,2.9845130209103035
2018-07-20 08:00:00,97.58320011307754,4167.0875475298435,21.756901666666668,Summer,2.659153134236111,0.0297149843769527,1.2042771838760873
2018-07-20 09:00:00,108.405806595086,4238.1585970731885,21.699166666666667,Summer,2.3824833964583334,0.0376386637049124,1.9896753472735356
2018-07-20 10:00:00,111.23477695862776,4550.090505847728,21.897188333333336,Summer,2.044170318425926,0.133162729415442,3.4033920413889422
2018-07-20 11:00:00,111.48067048731376,4771.150715435824,22.041256666666666,Summer,1.7128063397916666,0.1474480974494052,3.193952531149623
2018-07-20 12:00:00,107.35507540092917,4861.850394621621,22.127006666666663,Summer,1.482437079375,0.1319745980828016,2.7750735106709836
2018-07-20 13:00:00,89.60867939622139,4675.5094748948195,22.372735,Summer,1.4509035644675925,0.1475768525695581,2.5132741228718345
2018-07-20 14:00:00,78.67561232736182,4008.410004794031,22.668375,Summer,1.6588702622222222,0.2274710173152332,2.4609142453120048
2018-07-20 15:00:00,78.71834607584964,3821.686069996981,22.684363333333337,Summer,2.033193188472222,0.3273352078058629,2.4085543677521746
2018-07-20 16:00:00,104.0601032401688,3832.499619797249,22.76071166666667,Summer,2.4900634975000004,0.3838204580705717,2.5132741228718345
2018-07-20 17:00:00,46.53308684229404,2370.9281461964774,23.091701666666665,Summer,2.8790621294444447,0.525612666856792,2.4085543677521746
2018-07-20 18:00:00,43.18247003099023,2169.832080681035,23.347325,Summer,3.166524106666667,0.5490783396547293,2.251474735072685
2018-07-20 19:00:00,38.14193292360133,1782.341737349196,23.378498333333333,Summer,3.3155918296990743,0.5024764436830322,2.0420352248333655
2018-07-20 20:00:00,41.310705179303014,2109.460045028465,23.171333333333333,Summer,3.235008682962963,0.3951361573196554,2.0420352248333655
2018-07-20 21:00:00,42.5811290122413,2143.921785352849,22.781973333333333,Summer,2.9708443992592595,0.315684311422134,1.9896753472735356
2018-07-20 22:00:00,48.93880422316941,2612.237458786759,22.53747666666667,Summer,2.5777409647685188,0.2343594676175324,2.0420352248333655
2018-07-20 23:00:00,58.1399880670964,3152.1919358374216,22.56199666666667,Summer,2.1285760167361114,0.1767927064531078,2.0943951023931953
2018-07-21 00:00:00,85.61348206154938,3871.7655087301473,22.620866666666664,Summer,1.7322333991203709,0.1458599983635515,2.3038346126325147
2018-07-21 01:00:00,96.7816603742638,4119.826794106365,22.615865,Summer,1.4185217121527778,0.0703678317470722,2.199114857512855
2018-07-21 02:00:00,64.89804689603528,3797.360399343067,22.56692,Summer,1.2465716061574077,0.1683629889527355,3.5081117965086026
2018-07-21 03:00:00,72.53683066359758,3873.0384507728313,22.527316666666664,Summer,1.2809197643981485,0.1939502691228597,3.717551306747922
2018-07-21 04:00:00,97.01575554566416,3970.201914670277,22.40688833333333,Summer,1.5315132201388888,0.2463376827212218,3.769911184307752
2018-07-21 05:00:00,92.89103743646268,3846.2293832592136,22.263975,Summer,1.9219761923148149,0.1367511473352156,2.9845130209103035
2018-07-21 06:00:00,72.00689728729279,3900.413372627283,22.20041666666667,Summer,2.2965017666666667,0.1350268118720155,3.036872898470133
2018-07-21 07:00:00,92.65557310818228,4117.97178641384,22.254178333333336,Summer,2.5822612029629632,0.0922443166426557,3.036872898470133
2018-07-21 08:00:00,104.14962834854458,4192.0599470461675,22.255978333333335,Summer,2.7236189069675927,0.0828811330128581,3.141592653589793
2018-07-21 09:00:00,75.28572122090367,3660.461388064885,22.12105081967213,Summer,2.675100635601852,0.0821940179013905,3.141592653589793
2018-07-21 10:00:00,71.86094952990396,3782.539700954196,22.060710169491525,Summer,2.4727370798148147,0.0874676872219212,2.9321531433504737
2018-07-21 11:00:00,77.21676186609136,4140.217166816793,22.353495,Summer,2.178197018912037,0.1744768728548252,2.7227136331111543
2018-07-21 12:00:00,95.10341925273104,4444.253446990464,22.52582131147541,Summer,1.866172601388889,0.1750165821731193,2.251474735072685
2018-07-21 13:00:00,127.402711162767,4412.85566745589,22.776483050847457,Summer,1.6606144062962964,0.1959983052881555,2.1467549799530254
2018-07-21 14:00:00,156.0904160867317,4413.069354084513,22.976631666666663,Summer,1.6040025908564817,0.1695983943289322,2.0943951023931953
2018-07-21 15:00:00,72.71493399770878,3728.220070717606,23.063004918032785,Summer,1.803366974722222,0.2869946190413966,2.3038346126325147
2018-07-21 16:00:00,67.68102147903127,3307.305486091791,23.07341525423729,Summer,2.160492730324074,0.3958600319983368,2.1467549799530254
2018-07-21 17:00:00,82.55682118539431,3294.689870941192,23.15198333333333,Summer,2.5958989866435185,0.4962537651715357,1.9373154697137056
2018-07-21 18:00:00,115.08976839382998,3351.827782489886,23.259128333333333,Summer,2.9808058922685183,0.5772305637678107,1.9896753472735356
2018-07-21 19:00:00,128.0063312360988,3073.364758504721,23.109985,Summer,3.2464379270601853,0.6302878220477398,1.9896753472735356
2018-07-21 20:00:00,132.10011324813098,3163.281274364348,23.035533333333333,Summer,3.356473947986111,0.448608071349275,2.0420352248333655
2018-07-21 21:00:00,139.37176619928005,3511.547706783405,23.07051,Summer,3.250364213449074,0.4456493284135492,1.9896753472735356
2018-07-21 22:00:00,141.60274370104696,3554.1400295105186,23.069243333333336,Summer,2.962029884884259,0.3013257850446035,1.9373154697137056
2018-07-21 23:00:00,126.14017274325626,3637.865907478689,22.822158333333338,Summer,2.521601753402778,0.2214863007971758,1.884955592153876
2018-07-22 00:00:00,126.02152764218764,3984.6857507169207,22.782441666666667,Summer,2.068422324861111,0.1138039764067819,2.0420352248333655
2018-07-22 01:00:00,97.2142189803862,4103.80728492878,22.720630000000003,Summer,1.64581044625,0.0885235699165961,2.565634000431664
2018-07-22 02:00:00,102.07988747087816,4100.373793894774,22.764078333333337,Summer,1.3224979781712964,0.0734312822663207,2.670353755551324
2018-07-22 03:00:00,60.95252012494737,3588.2067108780593,22.77278,Summer,1.1328367388425926,0.1411261930654462,3.8222710618675815
2018-07-22 04:00:00,65.227711306879,3669.3213429691905,22.835385,Summer,1.1450342475462962,0.1137657207346833,3.2463124087094526
2018-07-22 05:00:00,79.73840414090137,3739.5991542940537,22.610831666666662,Summer,1.400118854513889,0.0814553685199071,2.9321531433504737
2018-07-22 06:00:00,93.18991852162848,3743.393846415458,22.451275000000003,Summer,1.7978728975925926,0.151538573306979,2.9845130209103035
2018-07-22 07:00:00,94.32481948418348,3727.339261555383,22.614463333333333,Summer,2.2073592334722223,0.188900816867556,3.036872898470133
2018-07-22 08:00:00,102.88642764320726,3956.103505011578,22.607923333333336,Summer,2.5247512971527777,0.2364295971600231,3.089232776029963
2018-07-22 09:00:00,121.84338706287303,4308.173686382268,22.564078333333335,Summer,2.7332974692824075,0.2055363144713833,2.7750735106709836
2018-07-22 10:00:00,137.17367452887328,4098.848030219351,22.593056666666666,Summer,2.744036499050926,0.1867027565077743,2.6179938779914944
2018-07-22 11:00:00,141.5643793032119,3941.97277152046,22.472065,Summer,2.578474333472222,0.198933507691885,2.565634000431664
2018-07-22 12:00:00,122.1265189508498,4333.904303341963,22.686556666666668,Summer,2.2960347801620373,0.228318592349616,2.4085543677521746
2018-07-22 13:00:00,106.80610195616076,4411.735854774466,22.87008,Summer,1.984082062453704,0.1983211799684139,2.3038346126325147
2018-07-22 14:00:00,76.73615414853646,4361.826223980727,23.046746666666664,Summer,1.7717204322453703,0.2097777769613425,2.1467549799530254
2018-07-22 15:00:00,80.33796482017286,3999.1994869423593,23.17903,Summer,1.719086856550926,0.2642755896995543,2.199114857512855
2018-07-22 16:00:00,68.91512810697802,3678.816099163326,23.24764,Summer,1.88829491087963,0.2482733037378386,2.0420352248333655
2018-07-22 17:00:00,58.76497931982104,3241.5397364856412,23.246165,Summer,2.235758874583333,0.4862663358837966,2.199114857512855
2018-07-22 18:00:00,47.79591575650996,2489.129657144121,23.217801666666663,Summer,2.657765334328704,0.5086512594432976,2.0943951023931953
2018-07-22 19:00:00,63.268674871761775,2959.3393468783797,23.033040000000003,Summer,3.012633487986111,0.5679560671971213,2.1467549799530254
2018-07-22 20:00:00,71.55534525127092,3269.3216250610385,22.92459,Summer,3.2622796905324076,0.5199108008908299,2.1467549799530254
2018-07-22 21:00:00,67.74424775751365,3390.3665181037036,22.851845,Summer,3.3379515092824072,0.3740205550635003,2.0943951023931953
2018-07-22 22:00:00,69.93124593588743,3202.8228662230854,22.855331666666665,Summer,3.205470783333334,0.3409077329014821,1.9896753472735356
2018-07-22 23:00:00,67.09014298561033,3248.263100822621,22.893790000000003,Summer,2.8603391508564813,0.267039704709255,1.9896753472735356
2018-07-23 00:00:00,67.52692152931377,3174.9070507133774,22.86359666666667,Summer,2.386680187268518,0.226854746722277,2.0420352248333655
2018-07-23 01:00:00,70.81846477974157,3575.312028464765,22.797385,Summer,1.918134233726852,0.180106160295135,2.251474735072685
2018-07-23 02:00:00,92.05522456093615,4082.318750643152,22.66889666666667,Summer,1.5040391634490742,0.1599148701057517,2.7227136331111543
2018-07-23 03:00:00,107.23836255841294,4222.067355864918,22.5089262295082,Summer,1.1859716609953703,0.1546033129700766,3.3510321638291125
2018-07-23 04:00:00,64.59094571277797,3841.641650568766,22.33066440677966,Summer,0.978294325578704,0.1570058180106955,3.665191429188092
2018-07-23 05:00:00,63.84988336090234,4041.0522371558254,22.261428333333335,Summer,1.019198960601852,0.1776487198015647,3.874630939427412
2018-07-23 06:00:00,78.32093164348332,4062.1411658437937,22.095768852459013,Summer,1.318296237523148,0.1575295209340114,3.717551306747922
2018-07-23 07:00:00,85.67286889068086,4096.4591819623565,22.13502372881356,Summer,1.7628352948611112,0.1538115301707818,2.9321531433504737
2018-07-23 08:00:00,78.30718814807139,3775.9542533348736,22.163753333333332,Summer,2.197075662662037,0.2129879808824429,3.141592653589793
2018-07-23 09:00:00,94.72688720911626,4123.779974116946,22.136967213114755,Summer,2.5287693324074074,0.2145476145011793,3.036872898470133
2018-07-23 10:00:00,101.51968454802778,4134.462475475941,22.11112542372881,Summer,2.737287330902778,0.0352544051264887,1.5184364492350666
2018-07-23 11:00:00,69.69909445484396,3619.810299153043,22.101706666666665,Summer,2.763217413449074,0.0219267897181397,1.9373154697137056
2018-07-23 12:00:00,58.792179569443576,3412.8483997053772,22.2412737704918,Summer,2.6034651227083336,0.1325769718384422,2.7227136331111543
2018-07-23 13:00:00,57.982670221720795,3671.7461770822993,22.488318644067796,Summer,2.3260633765277774,0.2116711363262379,2.7227136331111543
2018-07-23 14:00:00,59.03250246614151,4052.073307215837,22.698083333333333,Summer,2.054808514421296,0.3015550042536897,2.356194490192345
2018-07-23 15:00:00,71.88018897126788,4541.88288781954,22.89261,Summer,1.8268771952546297,0.2171028673956926,1.9896753472735356
2018-07-23 16:00:00,85.20975995290102,4557.273732625961,23.211883333333333,Summer,1.7915816625462964,0.2310603560710282,2.199114857512855
2018-07-23 17:00:00,70.16582292939654,4271.474816766789,23.187111666666667,Summer,1.9598147110879625,0.3147723328511941,2.0943951023931953
2018-07-23 18:00:00,52.45863686295718,3557.5660930628073,22.932981666666667,Summer,2.3170006027777776,0.4142694002263024,2.0420352248333655
2018-07-23 19:00:00,34.69874836543026,2425.865659250996,22.683775,Summer,2.7227186039120372,0.5153876905602115,2.0943951023931953
2018-07-23 20:00:00,37.59420885071768,2496.4427600617087,22.40308,Summer,3.076864646064815,0.4968939899872356,2.0420352248333655
2018-07-23 21:00:00,39.424327050584154,3471.0842432433983,22.23532833333333,Summer,3.2961977171296297,0.4948390731282223,2.1467549799530254
2018-07-23 22:00:00,39.81524196452403,2738.471405153262,22.15149166666667,Summer,3.32179941837963,0.4218621792503387,2.0943951023931953
2018-07-23 23:00:00,38.59267311439453,2518.1913859375336,22.174875,Summer,3.114386060439815,0.2765644482233576,1.9896753472735356
2018-07-24 00:00:00,40.1851428964207,2492.740759323045,22.184003333333333,Summer,2.722627395833334,0.2795209150074522,1.9373154697137056
2018-07-24 01:00:00,38.810008097790515,2426.9823772833233,22.224896666666663,Summer,2.2271775919444443,0.2138274325827654,1.9896753472735356
2018-07-24 02:00:00,61.37311811546921,3853.545444715723,22.335503333333335,Summer,1.7490275872916663,0.1608393468261054,2.565634000431664
2018-07-24 03:00:00,114.29176193000538,4337.953997411631,22.352915,Summer,1.3361223312731485,0.1034686513472485,2.5132741228718345
2018-07-24 04:00:00,116.58363186519756,4364.43362173003,22.23913,Summer,1.019074161412037,0.0795306339267715,4.031710572106901
2018-07-24 05:00:00,103.7974179634686,4475.143211217257,22.062965,Summer,0.8587683124305555,0.0727310850773195,5.288347633542818
2018-07-24 06:00:00,100.81057329019184,4493.840347216894,21.98548,Summer,0.9625361618055556,0.1659172381041175,5.183627878423159
2018-07-24 07:00:00,114.93797912971736,4465.3744844014145,21.832335,Summer,1.3359838394907408,0.1060115686747946,3.560471674068432
2018-07-24 08:00:00,107.1755680023748,4536.349411405506,21.783399999999997,Summer,1.8121387044444444,0.136558102149987,3.141592653589793
2018-07-24 09:00:00,67.36094668732859,3510.793602231417,21.83133666666667,Summer,2.265756354375,0.155248048783309,3.141592653589793
2018-07-24 10:00:00,87.1456316051415,3876.863413446168,21.84713,Summer,2.609425621041667,0.027615699291356,1.6231562043547263
2018-07-24 11:00:00,78.35500991053071,3796.315458810812,21.828638333333338,Summer,2.8133655435648155,0.0303787936722786,1.9896753472735356
2018-07-24 12:00:00,63.57200013538416,3579.1541087081205,21.791108333333337,Summer,2.817103575347222,0.1761589652335226,2.8797932657906435
2018-07-24 13:00:00,63.02540964185341,3659.712950584721,22.006085,Summer,2.63815084363426,0.2391804090155883,2.3038346126325147
2018-07-24 14:00:00,56.60411431178342,3804.7166990415913,22.552251666666667,Summer,2.3347733698611113,0.2961985283712253,1.884955592153876
2018-07-24 15:00:00,50.38323890758414,3756.077812266385,22.72292,Summer,2.012636411435185,0.2284279878274428,1.9373154697137056
2018-07-24 16:00:00,71.92872879223513,4100.960814716909,22.90856,Summer,1.7999267835185184,0.252849281932779,2.3038346126325147
2018-07-24 17:00:00,71.54099507361201,4016.36940561373,23.025125,Summer,1.7678578733101853,0.2993295357619741,2.1467549799530254
2018-07-24 18:00:00,62.894833191824446,3840.6936365231904,22.81185833333333,Summer,1.9761303008333335,0.3128494336412258,2.251474735072685
2018-07-24 19:00:00,43.72915414671895,3204.6355621790926,22.426843333333338,Summer,2.3754947417824077,0.4176983917759707,2.199114857512855
2018-07-24 20:00:00,37.757111583559976,2790.6110461967623,22.206866666666667,Summer,2.8114838807638893,0.4344438821850747,2.1467549799530254
2018-07-24 21:00:00,40.897067283322315,2802.746022659391,21.98653770491803,Summer,3.1497556138194445,0.4452413633521838,2.251474735072685
2018-07-24 22:00:00,52.4764046636932,3263.9040685441955,21.91232881355932,Summer,3.344306113773148,0.3446754327576271,2.251474735072685
2018-07-24 23:00:00,45.86595126999133,2886.707057032109,21.859045,Summer,3.276932801134259,0.3272739356198796,2.1467549799530254
2018-07-25 00:00:00,41.98159018163201,2620.609789917854,21.791726229508196,Summer,3.019378754560185,0.2619952287040504,1.9896753472735356
2018-07-25 01:00:00,39.91939879914615,2489.490607293364,21.978961016949153,Summer,2.538630956828704,0.1319047300503891,1.9896753472735356
2018-07-25 02:00:00,56.765588338540624,3379.310968856971,22.048348333333333,Summer,2.0373785967824074,0.0910954381689546,2.1467549799530254
2018-07-25 03:00:00,87.9718901382521,3757.143851551981,22.282716393442623,Summer,1.5582522736111113,0.1040398471210448,3.036872898470133
2018-07-25 04:00:00,107.47624573685914,3747.29805759146,22.271205084745763,Summer,1.164998177847222,0.1225087167531059,2.9845130209103035
2018-07-25 05:00:00,108.66739421806808,3803.0532304736153,22.117303333333332,Summer,0.8709080084027778,0.0680468502655765,3.9269908169872414
2018-07-25 06:00:00,101.52134742880024,3956.913647913493,21.90199016393443,Summer,0.8515513386805557,0.0023008590626351,1.2042771838760873
2018-07-25 07:00:00,102.72122223211235,3931.3696942298584,21.781757627118647,Summer,0.9937800037037038,0.1693293492425785,4.136430327226561
2018-07-25 08:00:00,105.5085095838393,4039.005598260396,21.534746666666667,Summer,1.4418036397453704,0.0968496168044393,3.036872898470133
2018-07-25 09:00:00,90.5945598412256,3888.6095832853143,21.612008333333332,Summer,1.9492226515972224,0.1423315239811902,3.141592653589793
2018-07-25 10:00:00,68.23083533056102,3591.584526199653,21.70658,Summer,2.297928856087963,0.1522447635490393,3.089232776029963
2018-07-25 11:00:00,79.25336212612376,3540.729133758561,21.82479,Summer,2.591135968263889,0.2244868488206925,2.565634000431664
2018-07-25 12:00:00,73.19800065779148,3410.1460476468733,21.823013333333332,Summer,2.744258878101852,0.1630556591080525,2.565634000431664
2018-07-25 13:00:00,58.93730560959086,2957.160192137145,21.747205,Summer,2.702073660486111,0.1519746993740434,2.356194490192345
2018-07-25 14:00:00,43.353602922847315,2076.779853541334,22.065111666666667,Summer,2.477587484699074,0.3580187745246289,1.9896753472735356
2018-07-25 15:00:00,38.20771686891624,2053.120432361744,22.568253333333335,Summer,2.164182406458333,0.319761380807584,1.780235837034216
2018-07-25 16:00:00,36.80964204079187,2126.558679492543,22.747545,Summer,1.8751727920138888,0.3341263351744284,2.0420352248333655
2018-07-25 17:00:00,36.71181575881823,2164.0567207656823,22.880536666666668,Summer,1.6825924923842592,0.3445026492363865,2.4085543677521746
2018-07-25 18:00:00,42.71415779423636,2478.2959453148683,22.78179833333333,Summer,1.7184469824768518,0.2281314898960527,2.1467549799530254
2018-07-25 19:00:00,44.05586490574304,2398.5435275780246,22.277291666666667,Summer,1.9916937929398144,0.2365570813565802,2.1467549799530254
2018-07-25 20:00:00,37.85868814054659,1734.0706954716438,22.14654833333333,Summer,2.417753898495371,0.3418069516865957,2.251474735072685
2018-07-25 21:00:00,39.1999026235772,1909.9172867705552,21.912006666666667,Summer,2.825920820185185,0.4542211723828762,2.0943951023931953
2018-07-25 22:00:00,36.813053495174245,1791.0387962293676,21.81684166666667,Summer,3.141088977546296,0.4908946968326316,2.0420352248333655
2018-07-25 23:00:00,45.22793354493277,2465.3720578689235,21.700791666666664,Summer,3.2355712351620376,0.417252033815602,2.0943951023931953
2018-07-26 00:00:00,48.71711600360736,2453.0796482285577,21.646345,Summer,3.1127791203009263,0.3404394627116937,2.0420352248333655
2018-07-26 01:00:00,43.993100916213045,2078.845634214494,21.515758333333338,Summer,2.7346551071527783,0.2510310155844787,1.9373154697137056
2018-07-26 02:00:00,44.339561832030874,2098.4552538075154,21.638121666666667,Summer,2.233007756921296,0.2285732997733371,1.9896753472735356
2018-07-26 03:00:00,41.98530368119728,1870.4557453843424,21.648413333333338,Summer,1.726268515185185,0.18145720109433,2.4609142453120048
2018-07-26 04:00:00,44.190993666745825,2220.0628987383475,21.817568333333337,Summer,1.2766991087037038,0.1750950460161799,3.089232776029963
2018-07-26 05:00:00,50.70486984741873,2666.2935663841463,21.805936666666664,Summer,0.9100977477314816,0.1267592024035109,3.3510321638291125
2018-07-26 06:00:00,38.25973797438775,2000.304258604509,21.40441666666667,Summer,0.831525351412037,0.0004574864653312,1.0995574287564276
2018-07-26 07:00:00,24.71763520959025,1247.2142637665388,21.276885,Summer,0.837596282662037,0.0004608811494662,0.942477796076938
2018-07-26 08:00:00,29.891399163991007,1900.4125815205916,21.188158333333337,Summer,0.995121125,0.1731142796514308,4.66002910282486
2018-07-26 09:00:00,48.33001597605531,2296.318815940419,21.20213,Summer,1.5005892359027777,0.1809565203882287,3.089232776029963
2018-07-26 10:00:00,45.421562889862344,1819.468093945036,21.369685,Summer,2.0096156872453705,0.2573105303864845,2.7750735106709836
2018-07-26 11:00:00,55.315766423213134,2577.030264532003,21.525233333333333,Summer,2.4307381606944443,0.2941084439923471,2.6179938779914944
2018-07-26 12:00:00,60.19758878587933,3004.4616073001353,21.59189,Summer,2.7064203392824076,0.3031681453849035,2.4085543677521746
2018-07-26 13:00:00,44.78721516170103,2149.7291237901663,21.704878333333333,Summer,2.793543065486111,0.352590669199079,2.0943951023931953
2018-07-26 14:00:00,37.96760998437692,1758.9736376875858,21.77127,Summer,2.693199076180556,0.4395918414900172,1.780235837034216
2018-07-26 15:00:00,35.52181859605554,1727.48523109213,21.960991803278688,Summer,2.3988646592592593,0.2847412303007697,1.6755160819145565
2018-07-26 16:00:00,32.538254455442456,1529.3305654386595,22.352072881355937,Summer,2.068132367314815,0.2537388649755312,1.6755160819145565
2018-07-26 17:00:00,30.604922778109906,1638.2780715829758,22.55611,Summer,1.780813302222222,0.2747520601808709,1.9373154697137056
2018-07-26 18:00:00,34.50344475092658,2003.8044334820588,22.496011475409833,Summer,1.673509660648148,0.3074107175079879,2.4085543677521746
2018-07-26 19:00:00,34.500695286219326,1887.626722466015,21.884055932203392,Summer,1.7884639922453704,0.2888016856706061,2.251474735072685
2018-07-26 20:00:00,30.32801419050515,1463.8453303591575,21.646825,Summer,2.1466983877777777,0.2917004768426778,2.199114857512855
2018-07-26 21:00:00,28.642686148544396,1290.7904189338988,21.392203278688527,Summer,2.569565921365741,0.4505983662870931,2.3038346126325147
2018-07-26 22:00:00,31.7769754342549,1561.8551604206514,21.20311186440678,Summer,2.9590975697453703,0.464601254387398,2.251474735072685
2018-07-26 23:00:00,38.649130055124445,1992.8720299191525,21.139041666666667,Summer,3.1993541599305555,0.4374344791297261,2.1467549799530254
2018-07-27 00:00:00,48.10503198167751,2644.2397629144307,21.11343770491803,Summer,3.2134299141898146,0.2990064346225253,2.0943951023931953
2018-07-27 01:00:00,43.88385522028659,2048.6035281099357,21.108430508474576,Summer,2.959872138726852,0.2222224903566864,2.0420352248333655
2018-07-27 02:00:00,43.63694178949593,1969.3007747745992,21.20932,Summer,2.525240773680556,0.1797062054163166,1.9896753472735356
2018-07-27 03:00:00,45.7374670562012,1976.440130525301,21.285653333333336,Summer,1.9929540336574076,0.0895310696188327,2.0943951023931953
2018-07-27 04:00:00,47.14896428301063,2225.664549068914,21.382861666666667,Summer,1.507250160486111,0.0953882462894441,2.9321531433504737
2018-07-27 05:00:00,42.550028389467,2071.829392369539,21.68226333333333,Summer,1.0806832859722222,0.127450616883626,3.665191429188092
2018-07-27 06:00:00,153.77596918041235,3615.335966717517,21.105071666666667,Summer,0.819796964675926,0.0028460526809702,1.4660765716752369
2018-07-27 07:00:00,28.989028750015702,1552.4759463956452,20.966416666666664,Summer,0.8141958250462964,0.0005115559880866,0.942477796076938
2018-07-27 08:00:00,49.50980950833656,3732.894415389539,20.94065,Summer,0.8273511420833333,0.0029164225224072,1.3089969389957472
2018-07-27 09:00:00,118.5715186201073,3986.0688348803833,21.029518333333332,Summer,1.2130233026157409,0.1498516320838911,3.874630939427412
2018-07-27 10:00:00,68.96264128851647,4377.624627207861,21.101895,Summer,1.7436386121527776,0.2006885424263976,2.9321531433504737
2018-07-27 11:00:00,43.25162631040107,2354.576731385066,21.1328,Summer,2.2308383198842594,0.3855229749659982,2.670353755551324
2018-07-27 12:00:00,45.52422885557736,2271.27233075504,21.258013333333334,Summer,2.6090376853009256,0.4094796406078363,2.251474735072685
2018-07-27 13:00:00,37.65088274665044,1881.689154099452,21.369775,Summer,2.8211924532175927,0.4583356446090016,2.0943951023931953
2018-07-27 14:00:00,38.21905183743003,1996.176000520384,21.454896666666667,Summer,2.819498644675926,0.3760286207876815,1.884955592153876
2018-07-27 15:00:00,39.592552973374005,1860.6873614679353,21.608688333333337,Summer,2.619154481064815,0.3996885608155756,1.832595714594046
2018-07-27 16:00:00,31.532066924416203,1420.576968031398,22.034045,Summer,2.2758701537499997,0.2833894917773641,1.6755160819145565
2018-07-27 17:00:00,28.76513668563934,1312.8488194336614,22.246815,Summer,1.9331291817592593,0.2374981676279457,1.780235837034216
2018-07-27 18:00:00,30.355719058724503,1531.990502146169,22.363819999999997,Summer,1.6812764805555558,0.2179341908570926,2.3038346126325147
2018-07-27 19:00:00,39.66271162533328,2191.003649808491,22.120001666666667,Summer,1.6538289692592592,0.2436381458114758,2.1467549799530254
2018-07-27 20:00:00,34.14288097085797,1702.9212533997738,21.42825333333333,Summer,1.885109263333333,0.3130617137079146,2.0943951023931953
2018-07-27 21:00:00,33.13465460668063,1637.7886464232374,21.214535,Summer,2.2954057857407406,0.3599829055162594,2.199114857512855
2018-07-27 22:00:00,28.014112493641136,1327.085699020816,21.042976666666668,Summer,2.73311513474537,0.4340216003100401,2.199114857512855
2018-07-27 23:00:00,38.296477796468025,1993.8946287954532,21.006261666666667,Summer,3.0681920773842593,0.3589909695052618,2.199114857512855
2018-07-28 00:00:00,47.25325909502641,2638.7234390842423,20.950505,Summer,3.2169652295601856,0.3139782007824993,2.199114857512855
2018-07-28 01:00:00,42.08570633422671,2146.041134399239,20.871045,Summer,3.1119346375,0.2190808363245472,2.251474735072685
2018-07-28 02:00:00,40.64371285336068,1752.3643524822878,20.902046666666667,Summer,2.7984657383333333,0.1395208588196292,2.251474735072685
2018-07-28 03:00:00,41.901920557413376,1724.580214496279,21.00824,Summer,2.302436590787037,0.0918671766707306,2.356194490192345
2018-07-28 04:00:00,46.59253850289068,2062.738351871416,21.105623333333337,Summer,1.7867739148842592,0.1095343093607037,2.7750735106709836
2018-07-28 05:00:00,48.586479618809335,2414.257151637612,21.351223333333333,Summer,1.3230754789120371,0.156917184762932,3.2986722862692828
2018-07-28 06:00:00,44.35027273030021,2265.3886363056968,21.113591666666665,Summer,0.927818092962963,0.1177254303329804,3.6128315516282616
2018-07-28 07:00:00,39.18269773361344,2474.057194234665,20.667975,Summer,0.8150318478472223,0.0018400614777422,1.0471975511965976
2018-07-28 08:00:00,22.446896168917387,1299.5007891651092,20.570591666666665,Summer,0.8172635304166667,0.0001978363113034,6.126105674500097
2018-07-28 09:00:00,25.824004351050636,1722.9548509424662,20.66135081967213,Summer,0.950301533125,0.0608178894130438,4.241150082346221
2018-07-28 10:00:00,53.09139123521429,2490.390762260791,20.730442372881356,Summer,1.4538984038657408,0.078821873355107,3.3510321638291125
2018-07-28 11:00:00,50.32455869240644,2251.9553741901336,20.846645,Summer,1.9842484150925923,0.1372456276737039,2.827433388230814
2018-07-28 12:00:00,58.42375292909835,2553.4798930436104,20.921709836065578,Summer,2.4194842106712966,0.2170998472667099,2.6179938779914944
2018-07-28 13:00:00,76.57057947411607,3339.0255925715246,20.912869491525424,Summer,2.7211006138425926,0.194860638064221,2.4085543677521746
2018-07-28 14:00:00,58.21415386362189,2821.2473768066975,20.98594166666667,Summer,2.828695174282408,0.2203893125995182,2.3038346126325147
2018-07-28 15:00:00,43.37500203415587,1976.647088252687,21.29337049180328,Summer,2.735011565416667,0.2858285812314015,1.9373154697137056
2018-07-28 16:00:00,38.37647487451791,1717.519597211466,21.676913559322035,Summer,2.451790882314815,0.3521670560571253,1.7278759594743864
2018-07-28 17:00:00,33.74883951059478,1471.4886300958738,21.757648333333336,Summer,2.0939945632175925,0.2465724075321366,1.7278759594743864
2018-07-28 18:00:00,31.568526611760483,1491.9641201416289,21.77347868852459,Summer,1.800901479351852,0.2503071536497327,1.884955592153876
2018-07-28 19:00:00,48.09657066052173,2676.5513221493834,21.820110169491528,Summer,1.6376384148148149,0.2904027502321561,2.251474735072685
2018-07-28 20:00:00,53.886894641843625,2787.1269270344455,21.79225166666667,Summer,1.721068094560185,0.3190445102164262,2.4085543677521746
2018-07-28 21:00:00,41.88138419058209,2147.7019066853204,21.180221666666668,Summer,2.0246493963425927,0.2951088632572944,2.199114857512855
2018-07-28 22:00:00,33.01931470286445,1494.5951965118684,20.893763333333332,Summer,2.456211092939815,0.3782975379102667,2.3038346126325147
2018-07-28 23:00:00,32.7922419568805,1487.802995324765,20.786696666666668,Summer,2.8549691210416666,0.4033543440430152,2.199114857512855
2018-07-29 00:00:00,41.64939423271578,2080.5608478233435,20.822911666666663,Summer,3.11820727150463,0.3937452422979789,2.251474735072685
2018-07-29 01:00:00,55.647957963718575,2845.1444515313133,20.762476666666664,Summer,3.173016788356482,0.2862462998691873,2.199114857512855
2018-07-29 02:00:00,51.05290190399808,2366.41416200112,20.64322,Summer,2.977179348009259,0.2127009558011804,2.1467549799530254
2018-07-29 03:00:00,48.466109269508046,2136.61554443169,20.782348333333335,Summer,2.568847142916667,0.1078656342526637,2.199114857512855
2018-07-29 04:00:00,44.774450914644014,1907.668770808225,20.94473833333333,Summer,2.0578122813425925,0.0617074559115634,2.199114857512855
2018-07-29 05:00:00,55.65922997180952,2833.9404712790915,21.132716666666667,Summer,1.5672518538657407,0.0576171253605994,2.565634000431664
2018-07-29 06:00:00,59.56455513016968,2948.173632952122,21.214265,Summer,1.1422749985648148,0.1544226238527893,3.717551306747922
2018-07-29 07:00:00,37.678230367917365,2126.8404609499084,21.008221666666667,Summer,0.8365229965509259,0.0252980853518847,4.084070449666731
2018-07-29 08:00:00,56.43063198263299,3887.681205360384,20.784701666666667,Summer,0.8319420062731482,0.0001565015551711,0.942477796076938
2018-07-29 09:00:00,93.7741265019944,5418.747153902805,20.837806666666665,Summer,0.839417755462963,0.0015216329454606,1.5184364492350666
2018-07-29 10:00:00,52.885554450032856,2919.521073817261,21.029708333333335,Summer,1.2201194526620371,0.1109023790008776,3.2463124087094526
2018-07-29 11:00:00,55.476952379074255,2609.2184533096483,21.0389,Summer,1.753509877824074,0.2373416254199414,2.827433388230814
2018-07-29 12:00:00,40.087233973588745,1537.694577756501,20.977281666666663,Summer,2.238458957893519,0.2894136010201265,2.4609142453120048
2018-07-29 13:00:00,47.47862994422375,2109.0152971542943,20.912468333333333,Summer,2.6246267368981484,0.2867111091371493,2.251474735072685
2018-07-29 14:00:00,37.62422301403274,1513.8388816745205,20.871098333333336,Summer,2.8557667652083336,0.4823574002668101,1.9896753472735356
2018-07-29 15:00:00,35.75878781714272,1604.709730072414,20.948625,Summer,2.868911885462963,0.5182941581961894,1.832595714594046
2018-07-29 16:00:00,39.02699053845062,1953.2758834385968,21.19127,Summer,2.6538727259953703,0.3894424456674399,1.780235837034216
2018-07-29 17:00:00,38.126892357070474,1964.089481217503,21.383255,Summer,2.314081086064815,0.3220384014956097,1.832595714594046
2018-07-29 18:00:00,36.36965720123032,1866.729031360711,21.66355666666667,Summer,1.960367479097222,0.2994929132756365,2.0943951023931953
2018-07-29 19:00:00,38.27248250835278,2275.661361434578,21.612025,Summer,1.6753232141666667,0.3083216175876924,2.3038346126325147
2018-07-29 20:00:00,49.51447404554149,2808.2854716097977,21.290006666666667,Summer,1.594774650300926,0.2708465233387457,2.565634000431664
2018-07-29 21:00:00,52.88943008714497,2963.080813901578,20.956081666666662,Summer,1.7687968683101851,0.2447850267587595,2.3038346126325147
2018-07-29 22:00:00,40.14548838816057,2250.4763522392886,20.57606666666667,Summer,2.141636514398148,0.2814211966181609,2.4609142453120048
2018-07-29 23:00:00,40.02285454433641,1835.494593174206,20.567828333333335,Summer,2.5722378566435187,0.3112816805758081,2.4609142453120048
2018-07-30 00:00:00,49.304209713711586,2381.5685432013206,20.54187704918033,Summer,2.925893624953704,0.3690280846079424,2.4085543677521746
2018-07-30 01:00:00,64.31856370621009,3054.407048687699,20.487533898305085,Summer,3.108036178287038,0.3236243407893484,2.199114857512855
2018-07-30 02:00:00,56.61736750984275,2768.3352020174425,20.476786666666666,Summer,3.0762339931481484,0.2786906873179451,2.0943951023931953
2018-07-30 03:00:00,44.94656772799423,2084.284201476614,20.44122295081967,Summer,2.775320178888889,0.2105351595083408,2.0943951023931953
2018-07-30 04:00:00,42.10845344113354,1939.1999596048151,20.607152542372884,Summer,2.3462417862731484,0.1727323295456122,2.0943951023931953
2018-07-30 05:00:00,43.24559250052454,2369.1844664978353,20.657381666666662,Summer,1.8469906543055552,0.1054299347263081,1.9896753472735356
2018-07-30 06:00:00,67.77454823789036,3411.772204815481,20.582839344262297,Summer,1.4010220703472225,0.104207580927643,3.141592653589793
2018-07-30 07:00:00,95.76198877864576,3867.283410667401,20.580622033898305,Summer,1.0324450917361112,0.1258977218374253,3.665191429188092
2018-07-30 08:00:00,118.27263266638523,4200.871604535689,20.309143333333335,Summer,0.8334408861111111,0.0004648088624125,2.251474735072685
2018-07-30 09:00:00,138.8303130986425,4535.848408827187,20.22190655737705,Summer,0.8323172945833334,0.0003705468987278,1.2042771838760873
2018-07-30 10:00:00,130.05844199346205,4631.314018395743,20.42011016949153,Summer,1.044816183287037,0.212892377407452,5.288347633542818
2018-07-30 11:00:00,92.89515513355298,4353.773124468393,20.56495,Summer,1.535370463171296,0.1663999128898793,2.7227136331111543
2018-07-30 12:00:00,68.14066220206954,3503.175132923782,20.590439344262293,Summer,2.045697360902778,0.1874499391889654,2.4085543677521746
2018-07-30 13:00:00,48.39021077494513,2496.864600337441,20.61917966101695,Summer,2.488729301597222,0.289276343670626,2.356194490192345
2018-07-30 14:00:00,42.77372374483225,2296.0011184455157,20.710941666666667,Summer,2.78752404625,0.4171162226448733,2.0420352248333655
2018-07-30 15:00:00,39.60279970423774,2221.850233791847,20.799221666666668,Summer,2.8965136773148155,0.4077501504903899,1.884955592153876
2018-07-30 16:00:00,39.1511397642186,2145.58356416443,20.892668333333333,Summer,2.812147638356482,0.4148927762759882,1.7278759594743864
2018-07-30 17:00:00,35.6871700657223,2097.8676338374617,21.057596666666665,Summer,2.508208250439815,0.3891191256102872,1.6755160819145565
2018-07-30 18:00:00,37.86131832802347,2542.854157224623,21.336543333333335,Summer,2.1422848354166666,0.2554467130205095,1.780235837034216
2018-07-30 19:00:00,42.2430102247974,3045.6134290959926,21.32943,Summer,1.806246786805556,0.2531337563526971,2.3038346126325147
2018-07-30 20:00:00,101.69380228780348,4084.600572696511,21.3922,Summer,1.5862045381712964,0.2460929369387761,2.4085543677521746
2018-07-30 21:00:00,109.0265068330007,3937.625517205566,21.28023166666667,Summer,1.5979949375694449,0.1710788554023572,2.1467549799530254
2018-07-30 22:00:00,103.12989576308732,3867.84484958738,20.638088333333332,Summer,1.8480753195833333,0.2126322422852516,2.251474735072685
2018-07-30 23:00:00,57.81286831081772,3592.5601451539223,20.43663666666667,Summer,2.247502871527778,0.3108394973960032,2.251474735072685
2018-07-31 00:00:00,44.63468940854714,2673.242740300757,20.409991666666667,Summer,2.641488190416667,0.3150285945025125,2.356194490192345
2018-07-31 01:00:00,49.602221270453846,2806.7281486681386,20.376430000000003,Summer,2.938974257361111,0.3405816975568329,2.199114857512855
2018-07-31 02:00:00,52.855503378336465,2918.7022578259525,20.331081666666662,Summer,3.033584659513889,0.3401350238185939,2.1467549799530254
2018-07-31 03:00:00,53.18885490110398,2932.3118581892195,20.275845,Summer,2.9129609926620375,0.2152515121700438,2.1467549799530254
2018-07-31 04:00:00,49.37606840171564,2940.927746962253,20.24322833333333,Summer,2.566661169328704,0.133459269885143,2.0420352248333655
2018-07-31 05:00:00,53.034380500871904,3117.0875176429436,20.41042666666667,Summer,2.098428673541666,0.0867809507869698,2.251474735072685
2018-07-31 06:00:00,89.15199875140803,3941.192068814089,20.62774,Summer,1.6440084078703705,0.1865552377250947,2.9845130209103035
2018-07-31 07:00:00,110.06790286353782,3692.592109193484,20.7101,Summer,1.2426417256712965,0.1388534906167442,3.141592653589793
2018-07-31 08:00:00,116.39593204397552,3644.226149289752,20.641895,Summer,0.937828304976852,0.0705391143913282,3.979350694547071
2018-07-31 09:00:00,107.7163592667304,3959.574546373271,20.543878333333332,Summer,0.8360853999305555,0.0360429352709596,5.026548245743669
2018-07-31 10:00:00,118.11219430647432,3977.536419421112,20.562773333333332,Summer,0.9430592203240742,0.1616407054615024,4.5553093477052
2018-07-31 11:00:00,119.90993082175748,3860.3030328452624,20.525678333333335,Summer,1.3464633415046294,0.1354189719609973,2.9321531433504737
2018-07-31 12:00:00,118.28597993289294,3851.4047305010736,20.517105,Summer,1.844287220138889,0.1729180349635966,2.5132741228718345
2018-07-31 13:00:00,71.23224832203942,3660.556649720942,20.594545,Summer,2.3189742608564816,0.2421655784591302,2.4085543677521746
2018-07-31 14:00:00,51.616724481705425,3354.479118278099,20.565616666666664,Summer,2.6813934966435187,0.4434111821505602,1.9896753472735356
2018-07-31 15:00:00,44.3848453787959,3059.877348852646,20.6103131147541,Summer,2.906264241481482,0.5505804388544951,1.884955592153876
2018-07-31 16:00:00,42.5355068029251,2905.6006298096854,20.672503389830503,Summer,2.8906223093287036,0.4616082533990767,1.780235837034216
2018-07-31 17:00:00,43.835300690421434,3083.4541875840514,20.79632333333333,Summer,2.7024327821990743,0.4792631169737945,1.780235837034216
2018-07-31 18:00:00,47.01843351956519,3325.0753741317512,20.87921147540984,Summer,2.3495591775925924,0.3443550372893676,1.884955592153876
2018-07-31 19:00:00,60.209871378940775,3615.6592250393783,20.990298305084742,Summer,1.9913721578935184,0.2191208113562986,1.7278759594743864
2018-07-31 20:00:00,102.93057321910842,3750.924323513014,21.08572333333333,Summer,1.667515738958333,0.2190214663620228,2.356194490192345
2018-07-31 21:00:00,118.319627672156,3406.883854438541,21.0249868852459,Summer,1.5206159002314814,0.212430140280752,2.670353755551324
2018-07-31 22:00:00,130.01029718235657,3411.6963354152685,20.705088135593225,Summer,1.5944343144212962,0.1601766315603292,2.3038346126325147
2018-07-31 23:00:00,130.90991081342904,3599.8381117474314,20.25113,Summer,1.887624450625,0.261710178307033,2.251474735072685
2018-08-01 00:00:00,93.29882666227049,3862.060150729948,20.15228524590164,Summer,2.291946682060185,0.2652583341955303,2.356194490192345
2018-08-01 01:00:00,65.7258860851342,3591.7486890659648,20.14575593220339,Summer,2.637836053611111,0.3087214106832922,2.251474735072685
2018-08-01 02:00:00,71.30837885417904,3538.7883712606767,20.137563333333333,Summer,2.869290460138889,0.2480757851596815,2.4085543677521746
2018-08-01 03:00:00,72.23224796296756,3549.867228563719,20.05397704918033,Summer,2.890784382037037,0.1802857424227238,2.4609142453120048
2018-08-01 04:00:00,65.27329924526695,3488.7016154345665,20.002989830508476,Summer,2.7209398198379633,0.1379050198613743,2.4609142453120048
2018-08-01 05:00:00,74.41166998651254,3650.9690582958574,20.21735,Summer,2.3676670901157406,0.1143281366452899,2.251474735072685
2018-08-01 06:00:00,95.37953080197045,3703.8071139725007,20.146631666666668,Summer,1.927044046435185,0.0891769284458874,2.0943951023931953
2018-08-01 07:00:00,106.58067954701794,3588.446838835517,20.356091666666668,Summer,1.5082672302083333,0.0733767501390061,2.1467549799530254
2018-08-01 08:00:00,28.601613688866344,2548.5567995744377,20.499385,Summer,1.1640666851157409,0.0468995285536129,2.565634000431664
2018-08-01 09:00:00,20.489754895640907,2569.076921616568,20.28638,Summer,0.9548019419907408,0.0488707144511364,3.036872898470133
2018-08-01 10:00:00,17.633565535811094,1732.3366143794435,20.256945,Summer,0.9267215964120372,0.1424261016701336,4.293509959906051
2018-08-01 11:00:00,18.96775296227336,1863.2226440513496,20.461615,Summer,1.2176192934953702,0.2325593595675446,3.717551306747922
2018-08-01 12:00:00,50.499737636051165,2439.8860804620954,20.47026,Summer,1.649021729398148,0.2262484985385648,2.4609142453120048
2018-08-01 13:00:00,51.134391841201605,2479.7807337090144,20.47822,Summer,2.1277691101851848,0.3201257600877449,2.356194490192345
2018-08-01 14:00:00,42.12376383129905,1883.6343161434784,20.488555,Summer,2.5391173746527778,0.4974606957648499,2.199114857512855
2018-08-01 15:00:00,36.5859268611499,1591.23399934728,20.466303333333332,Summer,2.8313803120138887,0.4950696809029575,1.9896753472735356
2018-08-01 16:00:00,33.88998770548846,1492.4905218619597,20.517355,Summer,2.935606745416667,0.4953026934748381,1.884955592153876
2018-08-01 17:00:00,34.41180463412215,1725.5186865268702,20.57079333333333,Summer,2.828382954305556,0.5098422341289314,1.884955592153876
2018-08-01 18:00:00,31.923452741144125,1536.7952141640671,20.692088333333334,Summer,2.5654865608564816,0.4257728409998345,1.832595714594046
2018-08-01 19:00:00,37.184484841357914,2067.317784239753,20.943566666666666,Summer,2.183699283564815,0.2845060147632613,1.9373154697137056
2018-08-01 20:00:00,40.35794748333634,2197.2723773398566,21.009576666666664,Summer,1.8325660070833336,0.2731454140089913,2.0943951023931953
2018-08-01 21:00:00,56.90654565894572,2737.6189675405576,21.035481666666666,Summer,1.580225083888889,0.2774272838239418,2.4085543677521746
2018-08-01 22:00:00,59.25028485189734,2767.913272903121,20.7002,Summer,1.483033152337963,0.252607723115725,2.5132741228718345
2018-08-01 23:00:00,49.540096069982894,2481.4359250941916,20.22114,Summer,1.6234322698842596,0.2245849670931694,2.356194490192345
2018-08-02 00:00:00,38.47153436435835,1803.1831801795815,19.969316666666664,Summer,1.9232485523379628,0.2136520750380289,2.4609142453120048
2018-08-02 01:00:00,34.88624415687124,1725.2805944942686,19.902701666666665,Summer,2.2928279670601857,0.2743135417670935,2.4085543677521746
2018-08-02 02:00:00,28.75701415260217,1562.6522369561094,19.83215,Summer,2.5838005844444445,0.3488579611007822,2.199114857512855
2018-08-02 03:00:00,29.201207038418108,1675.9872593859627,19.7967,Summer,2.769368565185186,0.3783333229992235,2.199114857512855
2018-08-02 04:00:00,43.37145408681111,2624.4014121277864,19.74076,Summer,2.7470927983101854,0.2451964740652926,2.1467549799530254
2018-08-02 05:00:00,47.16099893122016,2321.543755542463,19.737255,Summer,2.5485241086342594,0.184919302063722,2.199114857512855
2018-08-02 06:00:00,53.15129924144765,2775.865086945075,19.718668852459015,Summer,2.189476978101852,0.1043713499360694,2.251474735072685
2018-08-02 07:00:00,50.265821091847215,2643.3829737667693,19.823013559322035,Summer,1.781475958425926,0.1258121382843059,2.827433388230814
2018-08-02 08:00:00,57.48267032419068,2964.071187549014,19.85079,Summer,1.4045292622222223,0.1694554698519343,2.8797932657906435
2018-08-02 09:00:00,79.81355364546958,4586.087846799061,19.914024590163933,Summer,1.1151302206481484,0.11758054538625,3.3510321638291125
2018-08-02 10:00:00,98.59036085941406,5145.578992090177,20.020045762711867,Summer,1.0229920886805557,0.1771616852146024,3.874630939427412
2018-08-02 11:00:00,70.94081351391148,4306.121098409449,20.163911666666667,Summer,1.146014095486111,0.2086873187998832,3.2986722862692828
2018-08-02 12:00:00,75.77831209006288,4286.001272303429,20.260024590163933,Summer,1.50298913625,0.1902588279255017,2.7227136331111543
2018-08-02 13:00:00,46.06643607532989,2297.6091978260715,20.254147457627116,Summer,1.940635969953704,0.293550002543739,2.4609142453120048
2018-08-02 14:00:00,30.160363461680795,1394.1818839463635,20.274685,Summer,2.378521740138889,0.4327226545864692,2.251474735072685
2018-08-02 15:00:00,26.66867128167808,1380.2829572165697,20.255467213114752,Summer,2.725624917175926,0.524148055859101,2.1467549799530254
2018-08-02 16:00:00,28.345918441687267,1464.810396557246,20.279518644067796,Summer,2.9260020196064818,0.504391867738711,2.0943951023931953
2018-08-02 17:00:00,31.627327385752135,1768.8085140716878,20.314663333333332,Summer,2.973095176203704,0.4429142103233566,1.9373154697137056
2018-08-02 18:00:00,32.00437521272272,1894.480573204209,20.40137704918033,Summer,2.788791141574074,0.3733013389064037,1.884955592153876
2018-08-02 19:00:00,34.33245670814287,2192.546954578729,20.63658813559322,Summer,2.4692398458101854,0.2898326727092655,1.832595714594046
2018-08-02 20:00:00,36.59052803994538,2264.9023230466096,20.97492,Summer,2.070290071550926,0.2153533003814219,1.9373154697137056
2018-08-02 21:00:00,54.99841941752783,2764.500825604465,21.047306666666667,Summer,1.7307418758564814,0.1756951937570732,2.3038346126325147
2018-08-02 22:00:00,49.69633710481749,2505.24738070478,20.548765,Summer,1.489604741111111,0.1418397794864675,2.199114857512855
2018-08-02 23:00:00,54.5057368141146,2785.103821644024,20.3944,Summer,1.4362402682638888,0.1074692119475564,2.356194490192345
2018-08-03 00:00:00,58.622875401196744,2947.2294151125925,20.191405,Summer,1.567148273425926,0.1032853796601401,2.7227136331111543
2018-08-03 01:00:00,54.67803451845856,2532.2275514687717,19.969046666666667,Summer,1.8681183888194444,0.1164259466139761,2.9321531433504737
2018-08-03 02:00:00,53.19840790605089,2542.94220257938,19.850250000000003,Summer,2.196734907847222,0.1293572578294375,2.827433388230814
2018-08-03 03:00:00,66.86940662908987,3011.899651932521,19.756385,Summer,2.470280350416667,0.1355473310753141,2.7750735106709836
2018-08-03 04:00:00,80.40071210247478,3324.478212521498,19.689081666666667,Summer,2.6332970378935188,0.1389202782623997,2.5132741228718345
2018-08-03 05:00:00,57.80221870214959,2794.8715342804435,19.702743333333338,Summer,2.592347976064815,0.1528916270099301,2.3038346126325147
2018-08-03 06:00:00,53.40281628931372,2583.383573375283,19.991913333333333,Summer,2.415201375925926,0.1230708846219786,2.4085543677521746
2018-08-03 07:00:00,51.55819279222004,2505.2298158024896,20.334323333333337,Summer,2.0870897526851855,0.1184976254077415,2.251474735072685
2018-08-03 08:00:00,57.33956166822648,3019.2089975722783,20.330118333333335,Summer,1.7252860113194444,0.0596820428003905,2.356194490192345
2018-08-03 09:00:00,69.83569833706927,3613.835745767255,20.278441666666662,Summer,1.4063882061574071,0.0498744040519744,2.6179938779914944
2018-08-03 10:00:00,115.14658636061398,4645.9178881059115,20.171153333333333,Summer,1.1987147097222222,0.0410387578988538,2.827433388230814
2018-08-03 11:00:00,141.85861408734013,4895.573826679637,20.150778333333335,Summer,1.1831249001851851,0.0386507688774629,3.4033920413889422
2018-08-03 12:00:00,140.90012869197534,4795.302067087678,20.432293333333337,Summer,1.4057964035185184,0.0439796795673292,3.2986722862692828
2018-08-03 13:00:00,61.49204318367328,3473.025981454659,20.815715,Summer,1.7792713849537036,0.0993074765065466,3.769911184307752
2018-08-03 14:00:00,54.10772418531066,2910.135889653482,20.663573333333332,Summer,2.2127349478703704,0.347193860603549,3.665191429188092
2018-08-03 15:00:00,41.62133295065118,2026.6051210723708,20.499256666666668,Summer,2.5920824228703703,0.3686892119776964,2.4085543677521746
2018-08-03 16:00:00,41.345513960856515,2061.8774547951534,20.503196666666668,Summer,2.872693894537037,0.439054242564814,2.1467549799530254
2018-08-03 17:00:00,41.14496945359063,2129.0740391403024,20.562841666666667,Summer,3.001320967638889,0.4468794964520271,2.0420352248333655
2018-08-03 18:00:00,45.68102461976143,2478.2743260802526,20.576040983606557,Summer,2.9357155316203705,0.3535433587332544,1.9373154697137056
2018-08-03 19:00:00,52.24465054681311,2758.4375833440736,20.80211525423729,Summer,2.705446879884259,0.2657980169186388,1.9896753472735356
2018-08-03 20:00:00,56.411877838408074,2900.3995531004966,20.903285,Summer,2.3540457103703702,0.2205286601399408,1.884955592153876
2018-08-03 21:00:00,68.46733054952372,3378.865492974388,20.966337704918033,Summer,1.9648427765972225,0.1271243001297943,2.199114857512855
2018-08-03 22:00:00,90.5153361643683,3710.43539445794,21.145530508474575,Summer,1.6313830908796296,0.0928709620386712,1.9373154697137056
2018-08-03 23:00:00,107.69352190715686,3769.8210287870206,21.169875,Summer,1.3853573091435187,0.1356859147876845,2.9845130209103035
2018-08-04 00:00:00,118.59650724782897,3924.71056981744,21.05676065573771,Summer,1.3249825781250002,0.0755159373621478,2.6179938779914944
2018-08-04 01:00:00,114.65627279429728,3882.3466273843346,20.964615254237287,Summer,1.424041938449074,0.0842183274194934,2.827433388230814
2018-08-04 02:00:00,116.5886908069952,3948.026111633458,20.682468333333336,Summer,1.702613899699074,0.0835766040416696,3.141592653589793
2018-08-04 03:00:00,107.46364380893031,3889.969505164946,20.538531147540983,Summer,2.0229844988657413,0.0805534765651504,3.455751918948773
2018-08-04 04:00:00,80.26596259365132,3891.809866585955,20.300549152542377,Summer,2.310136242407407,0.0251820037946266,2.4609142453120048
2018-08-04 05:00:00,71.49892027972078,3693.450737036229,20.13866833333333,Summer,2.487905722453704,0.0200251210142388,1.7278759594743864
2018-08-04 06:00:00,59.378929120985006,3542.280420013054,20.17392950819672,Summer,2.5056970592824075,0.0159043455389935,2.1467549799530254
2018-08-04 07:00:00,69.53690837342656,3700.0375993282114,20.275106779661016,Summer,2.3740483602777775,0.1131092754221271,3.2463124087094526
2018-08-04 08:00:00,80.19604858414823,3959.339266795559,20.41524666666667,Summer,2.1048295556944443,0.1839168477233513,2.7750735106709836
2018-08-04 09:00:00,81.41953010627134,4108.087257768702,20.470411475409836,Summer,1.8060758585416667,0.1710723476999834,2.3038346126325147
2018-08-04 10:00:00,90.72471363604048,4166.216055510637,20.639237288135593,Summer,1.528236882175926,0.1565462148961126,2.356194490192345
2018-08-04 11:00:00,132.2622089334753,4241.653701577265,20.887255,Summer,1.363878961111111,0.2002806269784013,2.6179938779914944
2018-08-04 12:00:00,138.6789139466461,3885.550319066955,21.073518333333332,Summer,1.3930365805787035,0.2109582022791349,2.7227136331111543
2018-08-04 13:00:00,119.17974393414096,3940.7306390660938,21.04664166666667,Summer,1.6019406761111112,0.3066215887365615,2.3038346126325147
2018-08-04 14:00:00,102.77894822173492,3971.895222557008,20.981415,Summer,1.963409916111111,0.3411735074934697,2.1467549799530254
2018-08-04 15:00:00,61.136147895182205,3714.323526948806,20.802781666666665,Summer,2.376627485208333,0.4705495575699313,2.0420352248333655
2018-08-04 16:00:00,45.33529179171279,3070.9624980320104,20.812818333333333,Summer,2.724016851157407,0.5414243076359815,2.0420352248333655
2018-08-04 17:00:00,42.38946643127373,2793.055868902092,20.94569,Summer,2.983808092662037,0.5959949451531255,1.9373154697137056
2018-08-04 18:00:00,43.908207288812335,2844.863211973321,21.017788333333332,Summer,3.0400078422685186,0.5329667347556382,1.9373154697137056
2018-08-04 19:00:00,48.724444039351496,3046.005014958312,21.07707,Summer,2.9832511767592593,0.4718549544971749,1.832595714594046
2018-08-04 20:00:00,58.5415146176728,3275.0871082299673,21.043416666666666,Summer,2.6804670617361115,0.320704432039553,1.884955592153876
2018-08-04 21:00:00,58.97865781356026,3398.526731046478,20.906765,Summer,2.3136869440046297,0.2488053239467829,1.832595714594046
2018-08-04 22:00:00,74.88415434101651,3792.602772606956,20.9811,Summer,1.9107711693055556,0.3057122761445788,2.356194490192345
2018-08-04 23:00:00,113.75374006384968,3989.252446756169,20.914245,Summer,1.566126865,0.1960086535867435,2.4609142453120048
2018-08-05 00:00:00,117.37342796735396,4032.261099751625,20.814081666666667,Summer,1.3301456044444446,0.2505471102567482,2.7227136331111543
2018-08-05 01:00:00,112.27586461331772,3928.5776726323033,20.684626666666663,Summer,1.2180797224305555,0.1419903000620018,2.7750735106709836
2018-08-05 02:00:00,119.54531195042614,3969.182121724114,20.419095,Summer,1.2865529735416663,0.1441674175313534,2.827433388230814
2018-08-05 03:00:00,112.27424011883691,3838.8448110486625,20.094668333333335,Summer,1.5201451914120372,0.1304276399826813,2.4085543677521746
2018-08-05 04:00:00,90.4898551853122,3778.1105849070022,20.18976,Summer,1.8415308357175928,0.2081348989008115,2.4085543677521746
2018-08-05 05:00:00,60.5355772105455,3449.4875196479943,20.161186666666666,Summer,2.161296231481481,0.1761638211872155,2.5132741228718345
2018-08-05 06:00:00,64.30457580191438,3402.2708233560625,20.090988333333332,Summer,2.386255270069444,0.197602777470131,2.5132741228718345
2018-08-05 07:00:00,61.86553697779014,3343.4528492669115,20.057465,Summer,2.4917534508333334,0.2321580519016505,2.3038346126325147
2018-08-05 08:00:00,68.27655433110047,3575.5891683408463,20.157601666666668,Summer,2.427556985787037,0.1722738940631388,2.3038346126325147
2018-08-05 09:00:00,80.83820749867175,3914.001467459347,20.4101,Summer,2.234828703425926,0.2172355686757187,2.0943951023931953
2018-08-05 10:00:00,116.01439649366536,4232.786871611919,20.52397288135593,Summer,1.9362141927314815,0.1161773510651507,2.0943951023931953
2018-08-05 11:00:00,132.977909476773,4144.700682445998,20.624551666666665,Summer,1.6736108505092593,0.1015495417286533,2.3038346126325147
2018-08-05 12:00:00,134.0967398830385,4000.3423034811926,20.66027704918033,Summer,1.4767659496064818,0.0987134839583897,2.251474735072685
2018-08-05 13:00:00,142.4374427879789,3933.7700963458974,20.65326610169491,Summer,1.4842790803935184,0.0929199991122912,2.356194490192345
2018-08-05 14:00:00,137.27991589236606,3857.7662547684113,20.99744666666667,Summer,1.6906418100462963,0.1675498505749021,2.5132741228718345
2018-08-05 15:00:00,114.5359556104476,3915.6363170707673,21.370637704918032,Summer,2.0661286220833337,0.3637302395234981,2.356194490192345
2018-08-05 16:00:00,88.37718400937396,3829.7280804686234,21.045996610169492,Summer,2.4496976965509254,0.3473589559817169,2.251474735072685
2018-08-05 17:00:00,62.062849016500905,3648.5045806080625,20.964296666666662,Summer,2.8215677089351856,0.4071122840562391,2.356194490192345
2018-08-05 18:00:00,55.28197357856288,3353.665102845927,20.904901639344263,Summer,3.082389869027778,0.5334653613135395,2.0943951023931953
2018-08-05 19:00:00,56.961385492633426,3374.07463633642,20.84618983050847,Summer,3.160261261712963,0.4428637113689236,1.9896753472735356
2018-08-05 20:00:00,74.48579680170143,3553.589469951283,20.86982833333333,Summer,3.055322148819444,0.4063738372836641,1.9896753472735356
2018-08-05 21:00:00,97.77078955510692,3676.8812927888466,20.94425081967213,Summer,2.7450614562731483,0.2081092159052902,1.832595714594046
2018-08-05 22:00:00,111.2005213074184,3657.02999619494,20.95040847457627,Summer,2.314506052800926,0.1214627685684882,1.884955592153876
2018-08-05 23:00:00,113.01174473614172,3480.857710885418,21.16094,Summer,1.8702104022685184,0.2096545911548302,2.7227136331111543
2018-08-06 00:00:00,117.36234576890864,3396.689493758414,21.18083770491803,Summer,1.4834471517592591,0.1981795337718181,2.565634000431664
2018-08-06 01:00:00,118.12887688653106,3294.7267702019135,20.91064406779661,Summer,1.1814271624768518,0.1555853338630532,2.7750735106709836
2018-08-06 02:00:00,111.04536610382785,3156.1311567358653,20.654121666666665,Summer,1.012196951550926,0.1757711926529034,3.4033920413889422
2018-08-06 03:00:00,112.90296632659384,3360.763369463094,20.513371666666668,Summer,1.0359763771296298,0.1590433194467067,3.769911184307752
2018-08-06 04:00:00,117.7157896037279,3454.0039626240314,20.64979,Summer,1.2687356927777778,0.1137666366561993,3.560471674068432
2018-08-06 05:00:00,121.0894811068979,3511.189154737609,20.420216666666665,Summer,1.634601542476852,0.1319215902614654,3.036872898470133
2018-08-06 06:00:00,110.97682345279829,3524.177699337009,20.22528,Summer,2.0053081563657407,0.1600957980717121,2.9321531433504737
2018-08-06 07:00:00,95.49475296819196,3547.426669917273,20.092211666666667,Summer,2.3093936127777774,0.1867583754908535,2.8797932657906435
2018-08-06 08:00:00,94.15704230601426,3683.485463832205,20.080631666666665,Summer,2.5114294203009258,0.1789298605062098,2.670353755551324
2018-08-06 09:00:00,100.43992844050504,3703.587434675577,20.105098333333338,Summer,2.513964666875,0.1164604348812416,2.7227136331111543
2018-08-06 10:00:00,110.00843180520208,3817.889328660901,20.27395,Summer,2.3879762575694445,0.0593864737890746,2.670353755551324
2018-08-06 11:00:00,116.68143872693356,3937.409439835456,21.005381666666665,Summer,2.0927522178935187,0.0512146560759461,2.8797932657906435
2018-08-06 12:00:00,133.85463262288948,4098.10157576855,21.272123333333333,Summer,1.8304637621990736,0.0334550697986031,3.089232776029963
2018-08-06 13:00:00,124.7111323946944,3958.7336760636776,21.461658333333332,Summer,1.592338717152778,0.188243922630336,3.9269908169872414
2018-08-06 14:00:00,125.5195124418617,3669.217555867053,21.677023333333334,Summer,1.5893332643518518,0.2893242868256287,2.827433388230814
2018-08-06 15:00:00,117.86084978247416,3526.9827690414872,21.728416666666664,Summer,1.7571751658796295,0.295651266881854,2.356194490192345
2018-08-06 16:00:00,119.65584623670748,3976.4410731875087,21.459296666666667,Summer,2.1406602666203707,0.3504825454962974,2.356194490192345
2018-08-06 17:00:00,125.49813855191636,4137.89919174699,21.113095,Summer,2.5590166578935185,0.4331602997052932,2.251474735072685
2018-08-06 18:00:00,127.04635764798454,4244.541899037873,21.018453333333333,Summer,2.929126489189815,0.4307916691072733,2.199114857512855
2018-08-06 19:00:00,123.72651071618682,4214.706687347628,20.919548333333335,Summer,3.1940937728240746,0.351481686009247,2.199114857512855
2018-08-06 20:00:00,122.03124616820038,4445.607490847142,20.85769,Summer,3.2484261262037037,0.3466302095038229,2.1467549799530254
2018-08-06 21:00:00,143.71248578273935,4495.8269309231855,20.811376666666668,Summer,3.1083378141435185,0.3045080071891413,2.0420352248333655
2018-08-06 22:00:00,148.20247697815282,4212.415809898548,20.811316666666663,Summer,2.741241805,0.1782636014395119,1.884955592153876
2018-08-06 23:00:00,152.48022601533302,4153.546864320841,20.895905000000003,Summer,2.288009509050926,0.1222632731181025,1.9373154697137056
2018-08-07 00:00:00,150.46876470399502,4197.934230579855,21.07865737704918,Summer,1.7944982729861112,0.0763432136086517,1.9373154697137056
2018-08-07 01:00:00,144.97509411715683,4244.999113484124,21.307113559322033,Summer,1.3719448374074077,0.0754764624634599,2.7227136331111543
2018-08-07 02:00:00,142.4493706955214,4085.187399204056,21.374941666666665,Summer,1.0234942287962965,0.1413885031599217,3.560471674068432
2018-08-07 03:00:00,139.6524951511552,4110.784451912159,21.1199868852459,Summer,0.8295623992592593,0.0786881268550285,3.455751918948773
2018-08-07 04:00:00,143.75210667407765,4120.540265138745,20.958767796610168,Summer,0.8259908905092593,0.0921189617595704,3.8222710618675815
2018-08-07 05:00:00,140.7570714961076,4059.046843231441,20.679583333333333,Summer,1.0885597962731484,0.1524052349744029,4.136430327226561
2018-08-07 06:00:00,140.38280324452654,3953.392646299544,20.51514426229508,Summer,1.5090580890277776,0.1277049701900654,2.827433388230814
2018-08-07 07:00:00,138.36801553382028,4107.855658267492,20.29566779661017,Summer,1.9637005546527784,0.1565657842500298,2.9845130209103035
2018-08-07 08:00:00,128.13978723253464,4222.607073997817,20.214886666666665,Summer,2.331875387361111,0.2586132017689725,2.9845130209103035
2018-08-07 09:00:00,133.41345583693794,4215.180293758151,20.23289180327869,Summer,2.599568134791667,0.2709181906223509,2.670353755551324
2018-08-07 10:00:00,135.05029567003794,4218.580639821084,20.228269491525424,Summer,2.6516544921064815,0.2743157686667186,2.3038346126325147
2018-08-07 11:00:00,133.79921333644808,4184.141988558647,20.156371666666665,Summer,2.548136181018519,0.2080527933467466,2.1467549799530254
2018-08-07 12:00:00,133.2905774732261,4227.321848500644,20.53938032786885,Summer,2.2678003448379633,0.222698913395997,2.0420352248333655
2018-08-07 13:00:00,147.36159210919607,4420.77866439125,20.984954237288136,Summer,1.959735761435185,0.2069171935486791,1.9373154697137056
2018-08-07 14:00:00,146.5977308036965,4324.299178344105,21.210755,Summer,1.6945249980787038,0.1640327691938359,2.251474735072685
2018-08-07 15:00:00,145.9599601543858,4258.708400766376,21.450022950819672,Summer,1.6190297734259258,0.1893575279822731,2.199114857512855
2018-08-07 16:00:00,143.30396222166607,4135.5661294815645,21.33146779661017,Summer,1.7876849930555556,0.3062519154569635,2.1467549799530254
2018-08-07 17:00:00,143.77474704067106,4118.2775980624165,20.696738333333332,Summer,2.1502243005555557,0.3892191336047802,2.0943951023931953
2018-08-07 18:00:00,132.2417763676293,4163.905725785171,20.619086666666664,Summer,2.6249598072685183,0.477868953893411,2.1467549799530254
2018-08-07 19:00:00,133.6649138984477,4415.348875363218,20.483285,Summer,3.0268938437037036,0.4612370350804879,2.199114857512855
2018-08-07 20:00:00,128.34259312584288,4525.458287385547,20.35017,Summer,3.309209837037037,0.4975113265390639,2.0943951023931953
2018-08-07 21:00:00,111.45812961336458,4498.011952922998,20.26367,Summer,3.3774372723611115,0.3818482854121501,1.9896753472735356
2018-08-07 22:00:00,112.14588753810052,4419.879703753108,20.233279999999997,Summer,3.205686994837963,0.3319886918974,1.9896753472735356
2018-08-07 23:00:00,112.28768982036829,4299.192338341682,20.122825,Summer,2.815769053726852,0.1821079174973696,1.9373154697137056
2018-08-08 00:00:00,115.62609221837062,4210.1555244218935,20.13471,Summer,2.296391243726852,0.1360746721256388,1.9373154697137056
2018-08-08 01:00:00,121.3460130589348,4233.478342183994,20.325505,Summer,1.765885368240741,0.1555957462278661,2.565634000431664
2018-08-08 02:00:00,123.6577881368523,4177.658236212716,20.737016666666666,Summer,1.2952490851157408,0.1269640370733706,3.2463124087094526
2018-08-08 03:00:00,123.20076238701404,4189.726489363678,20.633585,Summer,0.8912929588425926,0.1020428798844516,3.874630939427412
2018-08-08 04:00:00,117.6158254269538,4252.485191157935,20.283976666666668,Summer,0.7938726289351853,0.0012381451910857,1.2566370614359172
2018-08-08 05:00:00,115.5444500114797,4143.433132545733,20.185316666666665,Summer,0.7972822019907407,0.0002847290999778,0.9948376736367678
2018-08-08 06:00:00,112.3134859394328,3949.08405602543,20.07801,Summer,0.940167910925926,0.0372189269181494,2.9845130209103035
2018-08-08 07:00:00,106.12301380200114,3794.409696198164,19.766261666666665,Summer,1.462069438287037,0.063461667242499,3.2463124087094526
2018-08-08 08:00:00,107.17598254495049,3817.889710069366,19.806828333333332,Summer,1.980855938240741,0.0986941596695241,3.2463124087094526
2018-08-08 09:00:00,105.39938578842175,3906.5717562149152,19.903623333333332,Summer,2.4285803905324075,0.0439683765032738,2.0943951023931953
2018-08-08 10:00:00,104.88541703009967,4109.726965004571,19.95307,Summer,2.7155145491435184,0.0464782088474724,1.9373154697137056
2018-08-08 11:00:00,95.6280054189702,3882.31369098245,19.959484999999997,Summer,2.811629172222222,0.0255079239180472,1.9896753472735356
2018-08-08 12:00:00,98.60788245922086,3928.720924782137,19.910183333333336,Summer,2.6794193270833335,0.0975656683963007,2.4609142453120048
2018-08-08 13:00:00,102.0498744451022,4030.3795678514207,20.459465,Summer,2.3741290553472223,0.095505788912645,2.4609142453120048
2018-08-08 14:00:00,99.9457800709066,4055.627917977995,20.67568,Summer,2.0113771832407403,0.2311644463543973,2.8797932657906435
2018-08-08 15:00:00,101.20233528132223,4168.384393551193,21.001731147540987,Summer,1.7173631105324076,0.2664995748237611,2.565634000431664
2018-08-08 16:00:00,103.81044836504356,4147.697323702374,21.29569830508475,Summer,1.6085056858796296,0.1892344595918055,2.0943951023931953
2018-08-08 17:00:00,107.56988974799722,4076.9751979187295,21.34668,Summer,1.749387902199074,0.1824848034128257,2.0943951023931953
2018-08-08 18:00:00,112.50748208085386,4125.736869832161,20.995111475409836,Summer,2.1584760362268516,0.2648453520865801,2.251474735072685
2018-08-08 19:00:00,112.1300762463776,4154.272610926363,20.63747288135593,Summer,2.666586424837963,0.4208543674158812,2.0943951023931953
2018-08-08 20:00:00,108.340226584882,4246.885207147048,20.597951666666667,Summer,3.122575909837963,0.473670879255444,2.0420352248333655
2018-08-08 21:00:00,108.40622546586262,4354.227513471302,20.42350819672131,Summer,3.432752618912037,0.4569429510041817,1.9896753472735356
2018-08-08 22:00:00,107.71890984815906,4332.384487821711,20.366571186440677,Summer,3.4960527782870368,0.3648309657494303,1.9896753472735356
2018-08-08 23:00:00,104.70905516428022,4271.3335414976555,20.408718333333336,Summer,3.2963154059490747,0.2518999729493004,1.9896753472735356
2018-08-09 00:00:00,112.91996338872976,4374.640910771015,20.30117049180328,Summer,2.841726967939815,0.1926979161476533,2.0420352248333655
2018-08-09 01:00:00,113.1627207987612,4312.414722077752,20.229371186440677,Summer,2.270939132476852,0.1199948145288368,2.0420352248333655
2018-08-09 02:00:00,114.5937973167538,4344.442967062406,20.492226666666667,Summer,1.7158453069212964,0.102078429145404,2.0420352248333655
2018-08-09 03:00:00,127.6498653432954,4141.714319474269,20.77156885245902,Summer,1.206778899212963,0.0864759893017778,3.5081117965086026
2018-08-09 04:00:00,114.2935690425048,4258.003287616848,20.86931186440678,Summer,0.8097057370370371,0.0260006664732929,4.031710572106901
2018-08-09 05:00:00,110.50379568148853,4461.396763454769,20.72173666666667,Summer,0.8046812290046298,0.0004874041083161,0.942477796076938
2018-08-09 06:00:00,121.8061546162004,4508.387163074358,20.572896721311476,Summer,0.8062712929861111,0.0002881008540413,7.382742735936014
2018-08-09 07:00:00,113.76522975717523,4512.105345589111,20.418857627118644,Summer,0.8755150384722223,0.0327111429269602,4.241150082346221
2018-08-09 08:00:00,113.18132167778126,4415.649162687383,20.096526666666666,Summer,1.4552798230787036,0.0540783792018211,3.141592653589793
2018-08-09 09:00:00,106.6470451795866,4343.345703621705,20.24251,Summer,2.035387026689815,0.0275437624450221,2.199114857512855
2018-08-09 10:00:00,116.75246854632238,4684.762980827336,20.260636666666667,Summer,2.4965991407638892,0.0286617946158187,1.884955592153876
2018-08-09 11:00:00,127.22285616062928,4841.644051715075,20.257865,Summer,2.8149868245833334,0.0320200196156714,2.3038346126325147
2018-08-09 12:00:00,116.5364427850526,4771.801173110984,20.210158333333332,Summer,2.8935779606944445,0.0277888464346289,1.7278759594743864
2018-08-09 13:00:00,110.89794573359822,4763.356463487483,20.22406833333333,Summer,2.749344370555556,0.0122330811393796,1.2566370614359172
2018-08-09 14:00:00,111.379950851047,4647.758893368557,20.489265,Summer,2.398833010439815,0.1140997289369292,3.141592653589793
2018-08-09 15:00:00,118.36842339573752,4715.806821857193,20.661876666666668,Summer,1.975203497893519,0.1501896755741181,2.9845130209103035
2018-08-09 16:00:00,112.46687827869128,4718.2700852203925,21.066658333333333,Summer,1.6343455631944446,0.1633175987293415,2.827433388230814
2018-08-09 17:00:00,120.4083099887423,4742.417893217895,21.299809999999997,Summer,1.5042415249074077,0.1020323978701073,2.7750735106709836
2018-08-09 18:00:00,130.3735142705876,4785.069119573267,21.379645,Summer,1.6993760315972222,0.1530561029108559,2.5132741228718345
2018-08-09 19:00:00,118.12598942125204,4558.41344011921,21.310068333333337,Summer,2.1741068663425924,0.2234198311142989,2.356194490192345
2018-08-09 20:00:00,121.13729077061174,4570.971883873554,21.052616666666665,Summer,2.740066418240741,0.4135848872085632,2.251474735072685
2018-08-09 21:00:00,118.0414603686722,4621.7762762136845,20.98485833333333,Summer,3.2265247495370373,0.3173606576298882,2.1467549799530254
2018-08-09 22:00:00,114.84562228296308,4600.053216210446,20.844416666666667,Summer,3.5523254218981486,0.345904298983792,2.356194490192345
2018-08-09 23:00:00,126.12717694248292,4911.748476454855,20.792616666666667,Summer,3.6041913997916666,0.3831307423049364,2.1467549799530254
2018-08-10 00:00:00,118.8788348496209,4976.973115829832,20.832638333333332,Summer,3.350495564652778,0.2990574076627442,1.9896753472735356
2018-08-10 01:00:00,124.4280060855252,4973.242120534134,20.53635166666667,Summer,2.854302632476852,0.195040624822899,1.832595714594046
2018-08-10 02:00:00,120.49036193545402,4817.116740464187,20.33087,Summer,2.251713507893519,0.1398868043573267,2.1467549799530254
2018-08-10 03:00:00,106.51178342480632,4811.91705989412,20.640210000000003,Summer,1.666958089537037,0.0921239811870231,2.565634000431664
2018-08-10 04:00:00,111.92169772936936,4843.234310691251,20.996243333333332,Summer,1.1418048942129633,0.0516620652109537,2.9321531433504737
2018-08-10 05:00:00,96.39778498081031,4840.181213388603,21.164481666666667,Summer,0.8125009592824075,0.0023750684205187,1.151917306316257
2018-08-10 06:00:00,76.60385964080622,4591.120877814057,21.140775409836063,Summer,0.8121373056018519,0.0001336827787706,0.9948376736367678
2018-08-10 07:00:00,29.36716013421008,4291.961985873564,20.989577966101695,Summer,0.8158232011342593,0.0001534476627358,1.151917306316257
2018-08-10 08:00:00,59.61666141982005,4930.473438530042,20.639741666666666,Summer,0.9075342354629632,0.0244899048468781,3.455751918948773
2018-08-10 09:00:00,93.53006522806264,5580.280235746315,20.376409836065573,Summer,1.5521241541203703,0.0457986387608892,3.717551306747922
2018-08-10 10:00:00,116.75136027792846,5376.317756441342,20.695142372881357,Summer,2.1575055899537037,0.0180545161721694,2.199114857512855
2018-08-10 11:00:00,141.34302910383605,5218.950983498016,20.883656666666663,Summer,2.657781713888889,0.0195966502893223,2.0943951023931953
2018-08-10 12:00:00,136.08730551098623,5151.632487966041,20.946016393442623,Summer,2.9711472583796295,0.2108144246228838,2.5132741228718345
2018-08-10 13:00:00,116.43309376125526,5211.717657989409,20.901993220338984,Summer,3.0103071238425927,0.2966040064615233,2.356194490192345
2018-08-10 14:00:00,111.1325867002848,5116.4656969867265,20.894886666666665,Summer,2.800677550740741,0.3100252274010251,2.0943951023931953
2018-08-10 15:00:00,117.5965213672238,5153.822929968542,20.78906229508197,Summer,2.381212270972222,0.2010811353696955,1.884955592153876
2018-08-10 16:00:00,96.4608094925042,4630.918729452045,20.766789830508475,Summer,1.9368521749768517,0.2510315970828771,2.251474735072685
2018-08-10 17:00:00,100.56857674691182,4598.879445712022,21.090278333333337,Summer,1.5784728017361112,0.2085693407401435,2.3038346126325147
2018-08-10 18:00:00,116.96301456829087,4780.392507238897,21.19357868852459,Summer,1.4619980328935185,0.2066411892594988,2.356194490192345
2018-08-10 19:00:00,123.0036053083945,4719.141464024745,21.183089830508475,Summer,1.6690900953935184,0.1709219331135811,2.565634000431664
2018-08-10 20:00:00,120.56189207533008,4618.7869923545695,21.037373333333335,Summer,2.1757812713657407,0.17786254734294,2.5132741228718345
2018-08-10 21:00:00,112.7852618830858,4665.306820426418,21.21157213114754,Summer,2.7479551611574076,0.2356978343094796,2.670353755551324
2018-08-10 22:00:00,107.6049538261806,4873.223253523342,21.22902881355932,Summer,3.250800219907408,0.2139791971858425,2.8797932657906435
2018-08-10 23:00:00,108.53330003381896,4791.073684132406,21.085296666666668,Summer,3.5561447590740745,0.1765607085735683,2.7227136331111543
2018-08-11 00:00:00,105.52764587784807,4627.604300163121,21.07714426229508,Summer,3.6018143048842597,0.2294083592942804,2.5132741228718345
2018-08-11 01:00:00,104.0113990900718,4712.482407273359,21.13708305084746,Summer,3.3151590015046293,0.1538491595148993,2.199114857512855
2018-08-11 02:00:00,113.87206547760198,4947.536221935105,20.520126666666663,Summer,2.780507123773148,0.0944568424602489,2.251474735072685
2018-08-11 03:00:00,114.61122998800737,4656.375237804585,20.315845000000003,Summer,2.166903187314815,0.0859673186889381,2.4609142453120048
2018-08-11 04:00:00,119.7076876727877,4749.559489242083,20.454703333333335,Summer,1.57853074125,0.03942741692799,2.6179938779914944
2018-08-11 05:00:00,118.76650827448728,4637.327968383113,20.898008333333333,Summer,1.056185405486111,0.0222064874143822,3.089232776029963
2018-08-11 06:00:00,117.22583485126836,4969.1228323202895,21.167363333333338,Summer,0.8171340234027777,0.0002370626388557,0.942477796076938
2018-08-11 14:00:00,76.5170150358763,5495.356413450537,21.154796666666662,Summer,3.0672209619212967,0.3568466393894189,2.1467549799530254
2018-08-11 15:00:00,48.14498308622112,4349.553095258441,21.084463333333336,Summer,2.7704229112500003,0.3946532419337876,1.9373154697137056
2018-08-11 16:00:00,58.159038705470394,4140.975377138983,21.03201,Summer,2.3085867044444446,0.3376035995127062,1.9373154697137056
2018-08-11 17:00:00,74.9943384414776,4755.935467967979,21.057305,Summer,1.8313371211805551,0.325613425284222,2.251474735072685
2018-08-11 18:00:00,91.90164869896884,4670.046755329671,21.299495,Summer,1.4869424826851851,0.2637892942455697,2.565634000431664
2018-08-11 19:00:00,90.52541931924335,4454.287817593258,21.40104,Summer,1.3807026573842591,0.2267932176422938,2.7227136331111543
2018-08-11 20:00:00,97.16774196669792,4286.694784422996,21.299315,Summer,1.634330283125,0.2536837178171235,2.6179938779914944
2018-08-11 21:00:00,97.3208229419651,4209.586646876253,20.97574918032787,Summer,2.1755625709953703,0.3076776154985698,2.4085543677521746
2018-08-11 22:00:00,91.9970537332116,4359.115782223022,21.249301694915253,Summer,2.7668111730092595,0.418713547933745,2.4085543677521746
2018-08-11 23:00:00,90.69212199876192,4360.343462200344,21.20595,Summer,3.2566776106481483,0.3146638660146033,2.5132741228718345
2018-08-12 00:00:00,98.48475672333424,4605.795642560417,20.899596721311475,Summer,3.5461407975231483,0.2021734442940927,2.5132741228718345
2018-08-12 01:00:00,87.39019267851789,4731.597919314351,21.00845593220339,Summer,3.5340021755324074,0.1872600876127169,2.3038346126325147
2018-08-12 02:00:00,82.41736150386988,4244.651562193036,21.161963333333333,Summer,3.217662130300926,0.1332925932868275,2.199114857512855
2018-08-12 03:00:00,87.55678843904569,4551.251427738333,20.51902131147541,Summer,2.6659079061574076,0.1005299363185609,2.1467549799530254
2018-08-12 04:00:00,97.2257133173877,4642.549730316726,20.5815186440678,Summer,2.048985545601852,0.072520954354729,2.1467549799530254
2018-08-12 05:00:00,97.43640430780498,4472.22659989051,20.649099999999997,Summer,1.485955749027778,0.0388886403813195,2.9321531433504737
2018-08-12 06:00:00,96.97452606958664,4704.125286398144,21.03864918032787,Summer,0.978801650277778,0.0282977383115504,4.34586983746588
2018-08-12 08:00:00,1.0863095,0.0091288338412443,21.04998,Summer,0.8049899914120371,0.0002291548597052,0.9948376736367678
2018-08-12 09:00:00,1.0863095,255.4881087978734,20.972301639344263,Summer,0.8044080979861111,0.0015966579294505,6.178465552059926
2018-08-13 09:00:00,1.0863095,3354.727684259446,20.729125,Summer,0.8216939039583333,0.0007739969243912,0.942477796076938
2018-08-13 10:00:00,1.0863095,2902.701229448301,20.97942,Summer,0.9798952739583332,0.179216267391371,4.764748857944519
2019-01-10 13:00:00,50.99333610473947,3120.7548414398525,11.188148333333334,Winter,3.006551036884921,0.0119788649546707,1.0322375861795037
2019-01-10 14:00:00,58.8182325926844,2980.194652937061,11.43076,Winter,2.9914237925099205,0.0220922337154841,1.3015169564872
2019-01-10 15:00:00,47.43534882191592,2377.0490162744863,11.553678333333332,Winter,2.784523087003969,0.1153563703262629,2.6030339129744
2019-01-10 16:00:00,47.60929414306925,2304.743297733661,11.581255,Winter,2.3846292422123017,0.0944519050845211,2.670353755551324
2019-01-10 17:00:00,49.31730521646409,2384.962293752811,11.610359999999998,Winter,1.9919537709027777,0.0759779700645489,2.827433388230814
2019-01-10 18:00:00,46.69362395371285,2259.8946339736303,11.647678333333332,Winter,1.5901433214087302,0.0540609368298511,2.9845130209103035
2019-01-10 19:00:00,38.647510480187435,1740.1310241841063,11.712643333333334,Winter,1.2146339453373016,0.0346874662799941,3.0967127585385104
2019-01-10 20:00:00,39.413524071541374,1599.5026039138102,11.652391666666666,Winter,0.9618829705853176,0.0777526004567643,5.609986881410345
2019-01-10 21:00:00,44.28482325469804,1939.868538949802,11.400701666666668,Winter,0.9342355916765874,0.0908937705508519,5.789506461615476
2019-01-10 22:00:00,42.31204944863087,1773.104263645911,11.444508333333332,Winter,1.1673440641071429,0.073564337891319,5.026548245743669
2019-01-10 23:00:00,39.73226946514338,1713.5398357240624,11.513351666666669,Winter,1.5605831203769842,0.0521780450461064,3.792351131833393
2019-01-11 00:00:00,44.20702665750578,2065.954444480133,11.406705,Winter,1.9706621611805557,0.0192027523277692,2.7601135456538897
2019-01-11 01:00:00,47.74127886715976,2399.3905045081574,11.301168333333331,Winter,2.356641282539682,0.0336719602890078,2.782553493179531
2019-01-11 02:00:00,49.74965450419232,2515.0924413355433,11.260595,Winter,2.6967919333928574,0.0049897174846373,1.615676221846179
2019-01-11 03:00:00,56.973862281016686,2829.124606051923,11.226635,Winter,2.8520759516964285,0.0064066747990874,1.9298354872051584
2019-01-11 04:00:00,54.12087175672332,2669.8570402772784,11.167143333333334,Winter,2.8276704664087307,0.003625788958652,1.121997376282069
2019-01-11 05:00:00,49.806194293794974,2466.636432015357,11.176551666666668,Winter,2.656227358730159,0.3408913397561142,4.308469924923145
2019-01-11 06:00:00,47.26127059100444,2293.2367811134227,11.169453333333331,Winter,2.350877368948413,0.2696435944605524,4.263590029871862
2019-01-11 07:00:00,46.15655415290509,2257.7671265741,11.147831666666669,Winter,2.0790746376091267,0.0106927485350297,1.0995574287564276
2019-01-11 08:00:00,49.2782418724784,2743.9069432381293,11.164101666666664,Winter,1.850546585505952,0.0151648968210534,1.2566370614359172
2019-01-11 09:00:00,47.80655777839925,2714.7239124683474,11.184338333333333,Winter,1.7661160317063491,0.0249584687350705,1.2566370614359172
2019-01-11 10:00:00,41.540280317905086,2189.048807718791,11.212935,Winter,1.8768572667261905,0.0207605257243648,1.368836799064124
2019-01-11 11:00:00,36.02096721271526,1791.2667903365905,11.277728333333332,Winter,2.101481530595238,0.0149699954089484,1.189317218858993
2019-01-11 12:00:00,38.766100090135055,1939.886623664556,11.309895,Winter,2.4237481969642856,0.0180604516615479,1.481036536692331
2019-01-11 13:00:00,43.76245904712753,2368.2122719458566,11.3177,Winter,2.704575260654762,0.0171452152322435,1.5259164317436138
2019-01-11 14:00:00,51.14173782306294,2879.637745672234,11.362583333333331,Winter,2.837541727668651,0.0129875643058468,1.0995574287564276
2019-01-11 15:00:00,48.29209835403201,2686.309066346568,11.391061666666667,Winter,2.8395485778373017,0.0181966323624375,1.660556116897462
2019-01-11 16:00:00,43.016535810699146,2269.26562803422,11.405366666666668,Winter,2.616564107480159,0.1000165614321011,3.006952968435945
2019-01-11 17:00:00,41.36155306592022,2117.8635783490004,11.4157,Winter,2.254642173095238,0.0846002447273615,2.894753230807738
2019-01-11 18:00:00,43.76535248610226,2282.055615913131,11.419435,Winter,1.8732702651984128,0.0696514520805408,2.6479138080256828
2019-01-11 19:00:00,40.43425731464171,2049.7780760825895,11.5098,Winter,1.478022840694445,0.0477075632541226,2.782553493179531
2019-01-11 20:00:00,34.54569872922657,1579.843042053123,11.464026666666664,Winter,1.2016002332539684,0.1389691521296492,4.084070449666731
2019-01-11 21:00:00,33.45223964835108,1372.4041685040077,11.453368333333334,Winter,1.0905362320634922,0.1354117722770207,3.9045508694616
2019-01-11 22:00:00,34.66095346546342,1515.3008750407969,11.457481666666666,Winter,1.171657848839286,0.0660074422333475,3.4108720238974892
2019-01-11 23:00:00,35.1236074093328,1621.1899113337267,11.488566666666664,Winter,1.4629819700000002,0.0178362662666636,2.4683942278205517
2019-01-12 00:00:00,41.51693325117189,2036.8046382152488,11.437565,Winter,1.8818006951091268,0.0198140106611929,2.6479138080256828
2019-01-12 01:00:00,44.606895126846645,2224.597126316283,11.393743333333331,Winter,2.261324935198413,0.0260905206612419,2.4683942278205517
2019-01-12 02:00:00,47.45118040668025,2551.976294014438,11.36803,Winter,2.6189053858333335,0.0186115424890758,2.3337545426667035
2019-01-12 03:00:00,47.7674155483775,2555.8813581485365,11.32971,Winter,2.8474898981646826,0.0137483659831937,2.064475172359007
2019-01-12 04:00:00,50.85249534929901,2695.6540992620244,11.301826666666669,Winter,2.9141280752380956,0.0094789593632395,1.7951958020513104
2019-01-12 05:00:00,48.25473769258328,2513.867233619837,11.299485,Winter,2.8486568524007936,0.0073207987538051,1.772755854525669
2019-01-12 06:00:00,45.275481571622464,2211.000194075909,11.278546666666667,Winter,2.79397121125,0.0052864256257342,0.942477796076938
2019-01-12 07:00:00,43.69381988865925,2146.464736958451,11.272035,Winter,2.4768983735912697,0.0165117247180894,0.942477796076938
2019-01-12 08:00:00,43.71353365701686,2436.4578314150817,11.300056666666668,Winter,2.2031674614186505,0.0151686299963656,0.942477796076938
2019-01-12 09:00:00,41.403053825849824,2440.9907264376457,11.324146666666667,Winter,1.990354287202381,0.010577907619829,0.942477796076938
2019-01-12 10:00:00,38.71033480493509,2482.5733902605357,11.39418,Winter,1.9290583370238097,0.0019620996964162,1.615676221846179
2019-01-12 11:00:00,31.612740108983175,1999.4022423085607,11.590433333333332,Winter,1.945806198154762,0.0004281755547538,1.009797638653862
2019-01-12 12:00:00,35.34554399142,2046.2009919237555,11.698911666666667,Winter,2.058336960168651,0.0006100109497226,1.0546775337051448
2019-01-12 13:00:00,32.85027862103183,1775.768226204371,11.829996666666666,Winter,2.345808570952381,0.0005880126703676,1.0322375861795037
2019-01-12 14:00:00,36.09404814135076,2003.0038511336868,11.888708333333334,Winter,2.595670623253968,0.0005897343057207,1.009797638653862
2019-01-12 15:00:00,37.01162825374272,2002.5964486522837,11.896926666666667,Winter,2.697724599950397,0.000638719876496,1.6381161693718207
2019-01-12 16:00:00,36.46230658782898,1926.68660011396,11.89994,Winter,2.649189168611111,0.0006511852643753,1.5707963267948966
2019-01-12 17:00:00,37.97440773744421,2005.002514750825,11.897973333333336,Winter,2.443308574742064,0.0017041983576306,2.715233650602607
2019-01-12 18:00:00,37.48817225125838,1917.160113184587,11.936328333333334,Winter,2.162656360843254,0.0003172982305148,1.7054360119487448
2019-01-12 19:00:00,38.38063226280917,2092.3660953367853,11.988036666666666,Winter,2.016554346954365,0.0008309278266798,0.942477796076938
2019-01-12 20:00:00,35.633216424982294,1870.8088597746944,12.009678333333332,Winter,1.7578824093253966,0.0125293887114196,0.942477796076938
2019-01-12 21:00:00,34.95231890489819,1698.0443531918954,12.059513333333332,Winter,1.498967895138889,0.009789084197897,0.9649177436025792
2019-01-12 22:00:00,34.35982455112007,1562.8489210950977,11.978151666666667,Winter,1.4515805933928574,0.0010113085362446,3.635271499153903
2019-01-12 23:00:00,33.20526698163697,1549.5474493815198,11.854676666666668,Winter,1.4655740488492064,0.0005939126588316,3.2762323387436414
2019-01-13 00:00:00,34.71080861066765,1652.529532966029,11.806146666666669,Winter,1.707046775793651,0.0002010878665863,2.1542349624615724
2019-01-13 01:00:00,39.124763849180155,2005.159480841733,11.754838333333334,Winter,2.0490526449900797,0.0015954050663737,0.9649177436025792
2019-01-13 02:00:00,40.47895353589382,2114.2639982426535,11.666656666666666,Winter,2.41998813844246,0.0040242572317315,0.9873576911282208
2019-01-13 03:00:00,40.66704787156077,2232.5460596336416,11.580425,Winter,2.724939613234127,0.0048890045552156,0.942477796076938
2019-01-13 04:00:00,41.4577053886018,2387.1602286279413,11.539105,Winter,2.9145522865376985,0.0051465735170246,1.1444373238077103
2019-01-13 05:00:00,41.36424337831917,2276.266319212413,11.511985,Winter,2.949505813630952,0.0059727808025805,1.3239569040128414
2019-01-13 06:00:00,40.979998711667534,2178.079440602437,11.495065,Winter,2.841362426587302,0.0044577168773632,1.5259164317436138
2019-01-13 07:00:00,40.96723155872786,2093.4819372312427,11.471736666666668,Winter,2.5536555268253966,0.0020928835086593,1.3463968515384828
2019-01-13 08:00:00,39.479777362805464,2173.228911031515,11.44171,Winter,2.261387031378968,0.0021793503937474,1.593236274320538
2019-01-13 09:00:00,39.76558163622819,2390.346002919658,11.49062,Winter,1.9654972596924605,0.0019495076509272,1.121997376282069
2019-01-13 10:00:00,35.61637390417359,2377.6280967693338,11.690501666666668,Winter,1.719919027718254,0.0082692467058748,3.814791079359034
2019-01-13 11:00:00,27.351430351099808,2087.148263288771,11.839461666666669,Winter,1.6333191549305557,0.0035583569096382,1.481036536692331
2019-01-13 12:00:00,27.27725646518904,1747.6322757714313,11.976125,Winter,1.6990931511309524,0.0038522477846534,0.9649177436025792
2019-01-13 13:00:00,29.895835751268105,1710.3616385153723,11.98468,Winter,1.930645695059524,0.0041857884381651,0.942477796076938
2019-01-13 14:00:00,30.76272051749327,1618.6947021916576,11.997006666666666,Winter,2.208518237093254,0.009607637341464,0.9873576911282208
2019-01-13 15:00:00,31.58520071558971,1669.0695536176695,12.02255,Winter,2.4007060327678573,0.0133833819499981,1.481036536692331
2019-01-13 16:00:00,33.310985001504136,1886.7603737381671,11.970456666666667,Winter,2.5234546343055557,0.0105064405561517,1.1668772713333515
2019-01-13 17:00:00,33.74657016329269,1793.7490776315155,11.95515,Winter,2.502128851765873,0.0085805934772644,1.121997376282069
2019-01-13 18:00:00,34.13165412467452,1765.6112729239298,11.91032,Winter,2.3648188600396827,0.0051760825854319,1.3463968515384828
2019-01-13 19:00:00,33.2390696391401,1717.3529549318475,11.92057,Winter,2.1308585100099204,0.0040177116853492,1.189317218858993
2019-01-13 20:00:00,32.44431270322768,1728.2330152159202,11.927425,Winter,1.8262544951785713,0.0025299303808537,1.4361566416410485
2019-01-13 21:00:00,31.219889058501217,1722.0402256339485,11.987833333333333,Winter,1.5612317443650796,0.0014410002975807,1.2790770089615586
2019-01-13 22:00:00,28.56889569167339,1594.8991858302672,12.010593333333333,Winter,1.506015957668651,0.0003151106830521,1.0771174812307862
2019-01-13 23:00:00,30.075389578160355,1510.97673371263,12.009878333333337,Winter,1.5049771554761904,0.0001914053432916,1.7054360119487448
2019-01-14 00:00:00,32.45779964215396,1677.0827232738295,11.961686666666669,Winter,1.5620666690873015,0.0018317724997884,2.064475172359007
2019-01-14 01:00:00,33.4946521584434,1690.4555408386047,11.836446666666664,Winter,1.879637616706349,0.0019566617994359,1.9747153822564416
2019-01-14 02:00:00,34.380115569626206,1734.1335378877388,11.766758333333334,Winter,2.230091169345238,0.0036056709475082,2.490834175346193
2019-01-14 03:00:00,36.09972512462676,1852.113651912374,11.704573333333334,Winter,2.6007458750198413,0.0034595963195875,2.378634437717986
2019-01-14 04:00:00,39.14199942361782,2208.4853105479324,11.62611,Winter,2.8735390407837302,0.0029730452527248,1.593236274320538
2019-01-14 05:00:00,40.59123015694766,2387.818176743041,11.60589,Winter,3.0142445388789687,0.0034861801367274,1.3912767465897655
2019-01-14 06:00:00,39.01254179479626,2114.5524464195387,11.622013333333332,Winter,3.0291432643055556,0.0051134233973532,1.009797638653862
2019-01-14 07:00:00,38.67661680204834,2070.434139142014,11.596675,Winter,2.853122519027778,0.0074657448569571,1.0771174812307862
2019-01-14 08:00:00,38.40318045620215,2036.3896776803008,11.572503333333334,Winter,2.5394807705654765,0.0139961068800386,1.234197113910276
2019-01-14 09:00:00,38.54525179676287,2192.209759089822,11.589771666666667,Winter,2.2067678810218254,0.0092040279300402,1.009797638653862
2019-01-14 10:00:00,36.77495515968212,2231.360690961972,11.677876666666666,Winter,1.8663467062896824,0.009244334775392,0.9873576911282208
2019-01-14 11:00:00,35.16445890652888,2235.4155842592545,11.849996666666668,Winter,1.6031477451686509,0.0081867722321613,1.0546775337051448
2019-01-14 12:00:00,27.469772499360815,1766.5664006919003,11.937216666666666,Winter,1.533958387123016,0.0202722134675272,3.837231026884676
2019-01-14 13:00:00,39.41036581966987,2066.341073323898,12.054871666666664,Winter,1.5552038851190475,0.0673620431535157,2.715233650602607
2019-01-14 14:00:00,41.297895991691384,2212.1346367616634,12.091568333333331,Winter,1.7303518813888892,0.1804238450360023,2.5132741228718345
2019-01-14 15:00:00,39.820505735267005,2127.110814365994,11.976935,Winter,1.991460262480159,0.1124249932602242,2.423514332769269
2019-01-14 16:00:00,42.75493088661573,2291.479154879284,11.894381666666668,Winter,2.23299000703373,0.1278485206179351,2.849873335756455
2019-01-14 17:00:00,44.92084185434155,2397.227158675916,11.845661666666668,Winter,2.426190192638889,0.0412013308139743,1.660556116897462
2019-01-14 18:00:00,47.1614410763219,2525.2161715861075,11.842536666666666,Winter,2.5108741059126984,0.0351250520677322,1.6381161693718207
2019-01-14 19:00:00,43.83032193020168,2314.9340197693496,11.805448333333334,Winter,2.4467834659126986,0.0209693384168471,1.3463968515384828
2019-01-14 20:00:00,44.60514970473429,2393.569734061467,11.767378333333331,Winter,2.270835581765873,0.0166776622750993,1.2117571663846345
2019-01-14 21:00:00,44.97953774634931,2494.976157567865,11.764851666666669,Winter,1.99332919984127,0.0089721085031757,1.0322375861795037
2019-01-14 22:00:00,44.54429833886082,2429.6332989600396,11.820423333333334,Winter,1.7343637889682542,0.1052875051580267,3.500631814000055
2019-01-14 23:00:00,46.46627119645486,2317.987977558072,11.77666,Winter,1.562935136547619,0.0970699358754464,3.3435521813205655
2019-01-15 00:00:00,41.80239923248242,2003.366802386368,11.720698333333331,Winter,1.5336983645436508,0.0767536722094345,3.186472548641076
2019-01-15 01:00:00,40.09625184058802,1914.3599644091432,11.692433333333334,Winter,1.7065900767757938,0.1423775015660163,2.715233650602607
2019-01-15 02:00:00,43.974684590939184,2119.71558508576,11.6491,Winter,1.9982930155456349,0.1562466827435504,2.5581540179231173
2019-01-15 03:00:00,47.16474034169517,2373.447597256728,11.54,Winter,2.331718970922619,0.1900625111982604,2.4010743852436276
2019-01-15 04:00:00,49.97299018424425,2562.032652779852,11.487286666666668,Winter,2.7090670143849205,0.2235253185128104,2.4235143327692685
2019-01-15 05:00:00,49.63331321501894,2679.306690815147,11.45801,Winter,3.0206469796527777,0.2189266938347458,2.715233650602607
2019-01-15 06:00:00,44.42455911390728,2333.6784233921467,11.367051666666669,Winter,3.1539478265476193,0.3008828799135021,2.670353755551324
2019-01-15 07:00:00,43.813284838034626,2271.866624670886,11.344765,Winter,3.135052227777778,0.3257283664396939,2.6927937030769655
2019-01-15 08:00:00,41.48201846676361,1971.4309258917567,11.360886666666666,Winter,2.8871271731150796,0.3245625166747902,2.872313283282097
2019-01-15 09:00:00,42.31651827164667,1999.4609562079272,11.389155,Winter,2.5744227483035713,0.2260996888379788,2.9171931783333793
2019-01-15 10:00:00,54.43988106059486,2725.9392788505925,11.498723333333334,Winter,2.1995098564285716,0.1286057864959518,3.1640326011154345
2019-01-15 11:00:00,55.44543966719969,2733.314308334331,11.412931666666667,Winter,1.7945284970833333,0.0778083235666114,3.545511709051338
2019-01-15 12:00:00,53.9944507341887,2709.98137619493,11.34306,Winter,1.4885539832738095,0.0167891969116556,2.423514332769269
2019-01-15 13:00:00,48.79102144829467,2572.841797229493,11.317621666666668,Winter,1.418644499513889,0.0069203763512496,3.5679516565769793
2019-01-15 14:00:00,44.39906328941882,2247.1178761379115,11.373268333333334,Winter,1.4255456563492064,0.0087108155474586,3.9045508694616
2019-01-15 15:00:00,39.1238257063566,1789.1879282168502,11.416696666666668,Winter,1.581862470684524,0.1453615279439455,2.894753230807738
2019-01-15 16:00:00,36.50980193847085,1619.5465040642969,11.452065,Winter,1.8637564428373017,0.2573335489092619,2.423514332769269
2019-01-15 17:00:00,34.17823988219354,1730.0173800422824,11.509701666666666,Winter,2.12833800454365,0.3435338626554785,2.2664347000897793
2019-01-15 18:00:00,37.15329581335752,2054.081115334904,11.550986666666669,Winter,2.3959419118253966,0.2949705582126399,2.4683942278205517
2019-01-15 19:00:00,40.12545332056414,2074.878378914136,11.503403333333331,Winter,2.576719851825397,0.2921241230759009,2.782553493179531
2019-01-15 20:00:00,44.813282438781215,2258.22798381352,11.484366666666666,Winter,2.58649409203373,0.2787012629210561,2.7601135456538897
2019-01-15 21:00:00,49.76356902244114,2435.5252361202524,11.480316666666663,Winter,2.4498957138095236,0.2223372981196263,2.962073073384662
2019-01-15 22:00:00,57.48433647786448,2798.565517796591,11.489453333333334,Winter,2.231784722609127,0.1872198263821105,3.141592653589793
2019-01-15 23:00:00,53.59192168075363,2595.146631988511,11.426505,Winter,1.965691380218254,0.1693769536106729,3.657711446679545
2019-01-16 00:00:00,55.21535884329542,2650.6518656795206,11.376753333333331,Winter,1.7746232093551588,0.1909185727510667,3.1191527060641517
2019-01-16 01:00:00,47.87410907550232,2383.9190091820324,11.386515,Winter,1.715366278531746,0.1372175875380244,3.0518328634872276
2019-01-16 02:00:00,50.08567220325926,2421.047234458691,11.366995,Winter,1.89779786890873,0.0975742922416849,3.006952968435945
2019-01-16 03:00:00,50.82564018971007,2464.942898763712,11.459893333333332,Winter,2.1974060568353178,0.1294323316319683,2.9396331258590207
2019-01-16 04:00:00,49.100777892859554,2426.252054258134,11.456885,Winter,2.5999027483928567,0.2461223967817636,2.5132741228718345
2019-01-16 05:00:00,47.9020275066627,2339.241969537766,11.440558333333334,Winter,2.9882386538988097,0.2780577613452525,2.356194490192345
2019-01-16 06:00:00,45.40493201634598,2263.6552867114956,11.419748333333333,Winter,3.2175331143055557,0.283785479174897,2.2664347000897793
2019-01-16 07:00:00,40.04465351447978,1891.019036081976,11.395545,Winter,3.309517759712302,0.3877607296294342,2.356194490192345
2019-01-16 08:00:00,41.938250455981205,1988.9081365787936,11.407768333333332,Winter,3.2373132017261907,0.3870206166567362,2.7376735981282483
2019-01-16 09:00:00,39.29294382164515,1703.5278950502664,11.427513333333334,Winter,2.9234710270238096,0.3131044463214977,2.849873335756455
2019-01-16 10:00:00,40.66323317149657,1812.0688718878791,11.464823333333332,Winter,2.5480235927678567,0.2843919402670793,3.006952968435945
2019-01-16 11:00:00,40.960547530723694,1866.9862868018529,11.54366,Winter,2.0736991524206347,0.3266231204403815,2.5581540179231173
2019-01-16 12:00:00,33.22442033950891,1762.258424871488,11.59689,Winter,1.6247134590972223,0.3134679428686983,2.5132741228718345
2019-01-16 13:00:00,32.142573239810076,1989.905019379916,11.644178333333334,Winter,1.3552291155257938,0.0764595946047834,2.580593965448758
2019-01-16 14:00:00,28.986164148788532,1825.2865762755484,11.698773333333332,Winter,1.269861232142857,0.0214163098154538,3.1640326011154345
2019-01-16 15:00:00,25.05461402699835,1733.0842458841014,11.742161666666668,Winter,1.235227376825397,0.0219238481379429,3.141592653589793
2019-01-16 16:00:00,24.212686143934516,1629.616846330105,11.756188333333334,Winter,1.4596498451190478,0.2431914922266863,2.917193178333379
2019-01-16 17:00:00,22.83723204966966,1607.952986175795,11.749801666666666,Winter,1.7735784966964288,0.2318491292186721,2.356194490192345
2019-01-16 18:00:00,31.292226997416407,1869.472645563944,11.733863333333334,Winter,2.2351514588888888,0.2958469210348914,2.5132741228718345
2019-01-16 19:00:00,39.323410630168866,2195.5271516261832,11.737833333333333,Winter,2.5825381073611116,0.3269871626111471,2.3337545426667035
2019-01-16 20:00:00,40.61837269560069,2234.0508054272027,11.740153333333334,Winter,2.7135247077182543,0.2814483052105453,2.490834175346193
2019-01-16 21:00:00,40.37818044453372,2071.850308462218,11.747163333333331,Winter,2.7762777883630956,0.3495527268574942,2.4010743852436276
2019-01-16 22:00:00,32.974403190730314,1624.9168973285946,11.762711666666666,Winter,2.670453865972222,0.4591539741686595,2.243994752564138
2019-01-16 23:00:00,34.30056090002543,1814.6559801541,11.779313333333333,Winter,2.4458912415376983,0.300476362750961,2.311314595141062
2019-01-17 00:00:00,38.35716874578613,1945.3261059382137,11.83898,Winter,2.1610942250694443,0.2683726747546414,2.6030339129744
2019-01-17 01:00:00,45.14357763544969,2347.937504367933,11.887046666666668,Winter,1.922226523968254,0.089283528355493,2.1542349624615724
2019-01-17 02:00:00,34.89600954890046,1826.8680054585875,11.895326666666667,Winter,1.8326697605357145,0.1929785313942699,2.6254738605000414
2019-01-17 03:00:00,37.061004602282,1930.8132854129235,11.878295,Winter,1.9604028953174604,0.2155199030406659,2.6927937030769655
2019-01-17 04:00:00,38.63163069684994,2484.8256913701416,11.835295,Winter,2.256761417212301,0.1567916360743509,2.894753230807738
2019-01-17 05:00:00,43.80121147622853,3260.578960518508,11.763178333333334,Winter,2.702028137559524,0.1227504496196363,2.827433388230814
2019-01-17 06:00:00,58.43472759866165,3496.9918837447276,11.730186666666668,Winter,3.130978968998016,0.1349877700334536,2.7376735981282483
2019-01-17 07:00:00,82.52328427694198,3279.9758811348156,11.716238333333331,Winter,3.373212149027778,0.1913422143734727,2.9845130209103035
2019-01-17 08:00:00,72.43542314250121,3053.752707312781,11.697788333333332,Winter,3.480078821428572,0.0397510757233324,1.3015169564872
2019-01-17 09:00:00,49.12653556433821,2206.727240788626,11.684645,Winter,3.3177361575992066,0.0293135607989508,1.121997376282069
2019-01-17 10:00:00,47.917447396836934,2050.5652875820406,11.716621666666668,Winter,3.019654959900794,0.0305983860940063,1.660556116897462
2019-01-17 11:00:00,53.856322088532,2334.9118484576725,11.795205,Winter,2.58591861109127,0.0939419200530658,2.7376735981282483
2019-01-17 12:00:00,69.21666045926578,2805.516948819789,11.933486666666663,Winter,2.0617413688293653,0.1354715152659501,2.872313283282097
2019-01-17 13:00:00,36.196215297501624,1960.3209614523307,12.05827,Winter,1.609580236041667,0.171258271445128,2.6254738605000414
2019-01-17 14:00:00,30.17246715546401,1699.2947826762854,12.195758333333334,Winter,1.2786480660813493,0.0664756097577178,2.6927937030769655
2019-01-17 15:00:00,44.64140621552737,2106.1913762256654,12.345336666666666,Winter,1.11708858984127,0.0077193955773514,3.365992128846207
2019-01-17 16:00:00,30.44259786862684,1332.4939237004446,12.454985,Winter,1.1201469735119047,0.0214397145139559,3.006952968435945
2019-01-17 17:00:00,17.079593929264075,1161.4100401843907,12.362735,Winter,1.3219124702083334,0.0710497633629964,3.365992128846207
2019-01-17 18:00:00,34.60709066002152,1669.336756666793,12.202296666666664,Winter,1.722591704017857,0.0445830780424442,3.141592653589793
2019-01-17 19:00:00,64.84938629292347,2368.8086541027014,12.028206666666668,Winter,2.2080699390476193,0.0555933210880632,3.006952968435945
2019-01-17 20:00:00,88.69343558514606,3099.3772993008406,11.918883333333332,Winter,2.5819632610813494,0.0136402910825501,1.0322375861795037
2019-01-17 21:00:00,85.22051984926902,3414.310537378993,11.835216666666668,Winter,2.7963205632440475,0.0184808652275056,1.2566370614359172
2019-01-17 22:00:00,64.97507476049273,2970.226735926595,11.812158333333334,Winter,2.8155015206150797,0.0127745394740425,1.2117571663846345
2019-01-17 23:00:00,60.72750208586285,2658.052466891492,11.806268333333332,Winter,2.6412803265277778,0.0091876761742483,1.4361566416410485
2019-01-18 00:00:00,64.49979370643314,2728.0946282029017,11.805826666666666,Winter,2.3536465267261906,0.0068671174088665,2.0869151198846483
2019-01-18 01:00:00,85.59297603238525,3055.7219230248297,11.856771666666669,Winter,2.0581693737103173,0.0043590170937528,1.413716694115407
2019-01-18 02:00:00,108.06814388185992,3479.1224111473034,11.92605,Winter,1.795308488730159,0.0052763791162554,1.7951958020513104
2019-01-18 03:00:00,93.43431097200336,3475.8193336471,11.908808333333331,Winter,1.752140005406746,0.0067292750042491,1.5483563792692552
2019-01-18 04:00:00,68.84514586548792,2841.5050354185632,11.87174,Winter,1.9483665277876985,0.0058449663788788,1.481036536692331
2019-01-18 05:00:00,66.08881274973072,2667.8565387763765,11.841595,Winter,2.3523259690873015,0.0054853510073826,0.942477796076938
2019-01-18 06:00:00,73.89297434270765,2770.447184408441,11.793268333333334,Winter,2.8441326478174607,0.0070298285911284,0.942477796076938
2019-01-18 07:00:00,81.8751470808939,3088.0472351764283,11.745741666666667,Winter,3.2256313145932545,0.0155480644157975,1.3239569040128414
2019-01-18 08:00:00,96.60202266548836,3530.964667164567,11.748225,Winter,3.478685890873016,0.0248469965108831,1.234197113910276
2019-01-18 09:00:00,82.72946365444403,3338.8160470141165,11.742858333333334,Winter,3.5382677406944447,0.033193086033275,1.2117571663846345
2019-01-18 10:00:00,66.61843289737402,2753.666321197848,11.759566666666666,Winter,3.292703109236111,0.0244259581887929,1.1668772713333515
2019-01-18 11:00:00,65.88147142171883,2615.06338070189,11.832826666666667,Winter,2.8942843220535712,0.0129495571487455,1.4585965891666897
2019-01-18 12:00:00,59.37947311747094,2199.6397152181717,12.004701666666667,Winter,2.3238425953571427,0.0040270071223039,1.121997376282069
2019-01-18 13:00:00,56.4356463079928,2089.4069529577782,12.292241666666666,Winter,1.7439723555257938,0.0019027716593959,0.942477796076938
2019-01-18 14:00:00,59.48066577649539,2112.080601629497,12.545248333333332,Winter,1.3003663686309523,0.0011188990266166,1.121997376282069
2019-01-18 15:00:00,47.02798806064608,1763.6587762885842,12.932193333333334,Winter,1.1418368093055555,0.0031501594808769,0.942477796076938
2019-01-18 16:00:00,43.27959187913335,1682.3531164193305,13.579115,Winter,1.114830246051587,0.0082669156908314,8.79645943005142
2019-01-18 17:00:00,58.041292245224454,2285.487635952659,13.670228333333334,Winter,1.0415940937301589,0.0013173097875694,7.31542289335909
2019-01-18 18:00:00,50.94721573803572,1878.0095949823285,13.308853333333332,Winter,1.084741631170635,0.0010201384569476,1.2790770089615586
2019-01-18 19:00:00,53.896678637279805,2012.6577650212664,12.547376666666668,Winter,1.6313782225793654,0.0016425123901672,1.481036536692331
2019-01-18 20:00:00,75.32884428298763,2643.9247898276244,12.286095,Winter,2.187399539136905,0.001775801456148,1.2117571663846345
2019-01-18 21:00:00,84.92249692062708,3121.0398908650595,12.208491666666667,Winter,2.599060287172619,0.0033452503453246,0.942477796076938
2019-01-18 22:00:00,85.07974064270263,3407.1743551013255,12.190016666666668,Winter,2.866217780853175,0.0055970514939902,1.1444373238077103
2019-01-18 23:00:00,70.49271480050967,3148.869554266493,12.144253333333332,Winter,2.936894954920635,0.0054677385706478,1.121997376282069
2019-01-19 00:00:00,68.49252561358777,2797.35449381676,12.170378333333334,Winter,2.7374858682043652,0.0034426183884122,1.413716694115407
2019-01-19 01:00:00,67.97926629213316,2741.1948545015102,12.171895,Winter,2.401110674037698,0.0012158260343155,1.5707963267948966
2019-01-19 02:00:00,69.89321930933917,2817.8323456002686,12.247546666666668,Winter,2.0168417933333336,0.0006794130124849,1.481036536692331
2019-01-19 03:00:00,76.54100454595573,3268.183264183953,12.355571666666666,Winter,1.7206646503373015,0.0006247823599916,2.6927937030769655
2019-01-19 04:00:00,62.00703632465787,2991.107858293267,12.352913333333332,Winter,1.6913864591666663,0.0006552099243384,1.0771174812307862
2019-01-19 05:00:00,57.59074335635566,2498.5414918803335,12.306015,Winter,1.9431742319940477,0.0009291648042512,1.009797638653862
2019-01-19 06:00:00,56.633015322744846,2383.1722321748325,12.22897,Winter,2.420629298888889,0.0019078680154604,1.7503159070000276
2019-01-19 07:00:00,61.00512946583144,2655.457962289008,12.135626666666669,Winter,2.974356008125,0.0072641058259173,2.1093550674102897
2019-01-19 08:00:00,70.38001926510546,3194.3852246721603,12.104675,Winter,3.373391069226191,0.0053671259388831,1.593236274320538
2019-01-19 09:00:00,82.26001140435551,3501.701683846607,12.109396666666669,Winter,3.626682216805555,0.0073902031571693,1.481036536692331
2019-01-19 10:00:00,79.46258071647158,3409.737310438794,12.116901666666667,Winter,3.5869697687103175,0.0074887731321674,1.234197113910276
2019-01-19 11:00:00,60.55202578640495,2532.378691805232,12.2133,Winter,3.2932755692757936,0.00513007266289,1.5707963267948966
2019-01-19 12:00:00,56.81838286621881,2345.3186174452335,12.39089,Winter,2.8107134832242067,0.0032005849297348,1.8625156446282345
2019-01-19 13:00:00,55.89785142100406,2279.9885111322105,12.763301666666669,Winter,2.1748055782738094,0.0080016429297261,1.0771174812307862
2019-01-19 14:00:00,55.17213997696177,2263.7316443850577,13.088446666666666,Winter,1.5843177451091273,0.0023794281945482,1.3463968515384828
2019-01-19 15:00:00,48.33581536599897,2043.7357950641376,13.437036666666668,Winter,1.132060753611111,0.0029017622545921,3.545511709051338
2019-01-19 16:00:00,33.94178325735625,1323.5492277180692,14.15795,Winter,1.0840327197023811,0.0009741122976694,6.8217440477949784
2019-01-19 17:00:00,98.69580652257096,1974.856194246696,13.913973333333333,Winter,1.0626172293749998,0.0013301675209803,8.392540374589876
2019-01-19 18:00:00,98.3100334122285,1913.335251242279,14.184648333333334,Winter,1.0397147985714286,0.0006354609193766,7.539822368615504
2019-01-19 19:00:00,45.25008863808423,1694.1605096347685,14.214783333333331,Winter,1.087316362331349,0.0004914710436226,1.3463968515384828
2019-01-19 20:00:00,52.408049076305346,2140.5840968888833,13.103668333333331,Winter,1.642353779186508,0.0005239736839306,1.5259164317436138
2019-01-19 21:00:00,65.90966039867715,2668.8499984719074,12.665631666666666,Winter,2.249325421845238,0.0007552140724759,1.2790770089615586
2019-01-19 22:00:00,76.95134174859592,3084.9318443264538,12.535135,Winter,2.681043731299603,0.0011576931723535,1.4585965891666897
2019-01-19 23:00:00,81.29746840459822,3399.6071631688856,12.515935,Winter,2.9738330671130955,0.0022075048779888,1.3239569040128414
2019-01-20 00:00:00,61.08192225043827,2845.352320728726,12.468179999999998,Winter,2.9855672174404764,0.002220148733525,1.2790770089615586
2019-01-20 01:00:00,56.79755361558347,2439.185098664818,12.544025,Winter,2.7392279774107147,0.0013176628151198,1.368836799064124
2019-01-20 02:00:00,59.563735338581175,2606.685480452723,12.627078333333332,Winter,2.3894532827579367,0.000628292377677,1.5259164317436138
2019-01-20 03:00:00,63.96620647516197,2813.513384721638,12.793551666666668,Winter,1.961538143472222,0.0005612312251493,1.0771174812307862
2019-01-20 04:00:00,63.78688442486209,3132.7810794235675,12.953208333333333,Winter,1.6563717601091268,0.0004195787363496,1.481036536692331
2019-01-20 05:00:00,50.231610707137776,2697.1828007347094,12.966306666666666,Winter,1.6262642232242066,0.0005865454912111,1.3463968515384828
2019-01-20 06:00:00,51.09730095533384,2400.4876928567664,12.864271666666667,Winter,1.949485039305556,0.0010115778423965,1.9298354872051584
2019-01-20 07:00:00,48.470002675505555,2122.601846824824,12.682818333333334,Winter,2.5051415550496032,0.0024250613038273,1.481036536692331
2019-01-20 08:00:00,52.32947626931251,2380.0825240763725,12.474626666666667,Winter,3.0239635798511904,0.019696450223175,2.0869151198846483
2019-01-20 09:00:00,65.87435202855792,3042.8923678483297,12.45227,Winter,3.441344145446429,0.00596516123918,1.4585965891666897
2019-01-20 10:00:00,92.53801633040996,3655.741980072494,12.471831666666668,Winter,3.7025052669246032,0.0193840044141939,1.7951958020513104
2019-01-20 11:00:00,64.6735775727216,2967.436308548029,12.488248333333331,Winter,3.6151767296527777,0.1386906394359689,2.872313283282097
2019-01-20 12:00:00,47.54052398923575,2001.648392732824,12.637925,Winter,3.2812315516170636,0.2016131005456684,2.535714070397476
2019-01-20 13:00:00,44.36201120853979,1907.9782680049225,12.790338333333333,Winter,2.692304623392857,0.1702101068736498,2.5132741228718345
2019-01-20 14:00:00,44.16381466787556,2064.209692830338,13.071716666666669,Winter,2.056575325496032,0.1729552410715115,2.2888746476154207
2019-01-20 15:00:00,38.60403773714998,1907.7709784151816,13.418803333333331,Winter,1.524374915843254,0.1108403782643122,2.4683942278205517
2019-01-20 16:00:00,20.180311011654695,1376.8933346004142,13.520381666666667,Winter,1.081367195436508,0.0303601445016517,2.894753230807738
2019-01-20 17:00:00,9.662124791875645,895.9790135032163,13.818011666666669,Winter,0.9468840365476192,0.0018358967165792,1.2117571663846345
2019-01-20 18:00:00,117.31954895528804,3218.5260293402703,13.579611666666668,Winter,0.8939881918948412,0.0012474803404362,7.382742735936014
2019-01-20 19:00:00,115.45608569168732,3433.2299657230187,13.092395,Winter,0.8788707845436508,0.0034225659013056,3.635271499153903
2019-01-20 21:00:00,8.443671018117303,823.514415378668,12.725225,Winter,1.8402120706845235,0.2956109645644734,2.5132741228718345
2019-01-20 22:00:00,12.139631757698334,1109.1189407117886,12.462898333333332,Winter,2.386222254880953,0.372862832607756,2.2664347000897793
2019-01-20 23:00:00,9.704704912001668,1005.2481044624676,12.370991666666669,Winter,2.8245340999305557,0.5096743157514685,2.131795014935931
2019-01-21 00:00:00,9.485169802125949,980.337720748442,12.317731666666669,Winter,3.0675141162500004,0.4886883495619334,1.884955592153876
2019-01-21 01:00:00,8.586691487828196,1129.0760058632368,12.213485,Winter,3.0081920940178577,0.3182348072971934,1.8625156446282345
2019-01-21 02:00:00,11.418517116848722,1200.725342210413,12.09796,Winter,2.7192209460515873,0.3155341793743663,1.840075697102593
2019-01-21 03:00:00,9.81752576294718,1089.51891768191,12.044061666666666,Winter,2.25523743125,0.2014394640793406,1.7951958020513104
2019-01-21 04:00:00,14.54635096570866,1236.4539800291163,12.072551666666667,Winter,1.8066174075694448,0.1070878426080533,1.9073955396795172
2019-01-21 05:00:00,16.33813309285049,1121.3536797351278,12.210606666666669,Winter,1.5253350330059523,0.0855901266241642,2.1093550674102897
2019-01-21 06:00:00,6.355970520568974,538.4641770608237,12.041938333333333,Winter,1.5565601109821428,0.0996182533019051,2.5132741228718345
2019-01-21 07:00:00,7.526155067994599,615.9635770233092,11.902331666666669,Winter,1.8953772499404764,0.1877393762587949,2.7376735981282483
2019-01-21 08:00:00,7.981822860404002,649.5397910376721,11.837206666666669,Winter,2.5036272067658727,0.3439180185534701,2.715233650602607
2019-01-21 09:00:00,10.492563848362582,922.888268728355,11.89724,Winter,3.0264835778769843,0.387885044452315,2.5132741228718345
2019-01-21 10:00:00,20.36642885920805,1991.3993184027893,11.99011,Winter,3.482034220773809,0.2585013919800586,2.5132741228718345
2019-01-21 11:00:00,44.970024360526054,2905.794493633502,12.004863333333333,Winter,3.675152744077381,0.2106897439001923,2.580593965448758
2019-01-21 12:00:00,26.353486881763637,1570.7290106030189,12.011298333333334,Winter,3.559799008125,0.1713466698674727,2.4459542802949104
2019-01-21 13:00:00,31.391703663937875,1258.749657504914,12.182935,Winter,3.1802509345436514,0.1098864817632331,2.3337545426667035
2019-01-21 14:00:00,24.46565766913893,1021.2972375261098,12.342661666666666,Winter,2.5429957130357144,0.0854602552121614,2.2888746476154207
2019-01-21 15:00:00,16.722610949771017,915.62881506717,12.407343333333332,Winter,1.8834145735119048,0.0585149030399265,2.221554805038497
2019-01-21 16:00:00,6.171392378791821,610.9843597918712,12.430016666666669,Winter,1.347269627876984,0.0507616149685513,3.0967127585385104
2019-01-21 18:00:00,95.6555568973195,1612.7714955599308,11.853356666666668,Winter,0.9413442415476192,0.0002210635896717,1.1668772713333515
2019-01-21 19:00:00,95.7011319760575,1639.8980814159963,11.338205,Winter,0.9432882339880952,9.843690493778025e-05,1.0322375861795037
2019-01-21 20:00:00,96.94967323448418,1759.8825945473886,11.267233333333332,Winter,0.940937457420635,0.0003197362259321,7.225663103256523
2019-01-21 22:00:00,11.11253388377233,875.0944872416403,11.933106666666667,Winter,1.8910735408432535,0.1040365042128596,3.2762323387436414
2019-01-21 23:00:00,33.73908441369701,1534.980830522532,11.967058333333334,Winter,2.441676809672619,0.1592794867334432,2.9845130209103035
2019-01-22 00:00:00,49.67573145138009,2609.218547034612,11.927856666666663,Winter,2.892135239246032,0.1389900152773282,2.782553493179531
2019-01-22 01:00:00,60.90736969209135,2945.0826324908753,11.88903,Winter,3.0592989744444443,0.0844805285113578,2.535714070397476
2019-01-22 02:00:00,48.156265967779774,2086.7391352815084,11.945363333333336,Winter,2.97328919703373,0.0907822586103332,2.378634437717986
2019-01-22 03:00:00,40.394998089756385,1603.5182638475544,12.006283333333332,Winter,2.6411678697023806,0.0730723059070017,2.2664347000897793
2019-01-22 04:00:00,37.47800342423062,1585.794377737561,11.870636666666666,Winter,2.163796435873016,0.0362224791013939,2.064475172359007
2019-01-22 05:00:00,24.95999006179747,1494.8284135166698,11.678136666666669,Winter,1.703850884414683,0.0290257775089689,2.064475172359007
2019-01-22 06:00:00,15.410744123126342,1715.330248746434,11.367316666666666,Winter,1.4530211363690475,0.0262608669326576,2.1542349624615724
2019-01-22 07:00:00,14.714891713940924,1318.1371170401733,11.28513,Winter,1.5017932651984127,0.0327344124374314,2.5132741228718345
2019-01-22 08:00:00,16.59121987591071,1057.739260064506,11.371125,Winter,1.935680201150794,0.0201010486114749,1.8176357495769515
2019-01-22 09:00:00,28.96697167577002,1305.0249048614794,11.503791666666666,Winter,2.4883634278670637,0.0122057970425516,1.0995574287564276
2019-01-22 10:00:00,48.67021956403528,2297.0720601956655,11.659691666666667,Winter,3.011506221180555,0.0124426303599908,1.234197113910276
2019-01-22 11:00:00,90.78300161215124,3452.9930670350705,11.818071666666668,Winter,3.4647015685317455,0.0101671325316753,1.3015169564872
2019-01-22 12:00:00,92.3805747927682,3525.846728423042,11.954113333333334,Winter,3.609038297817461,0.0134971602070647,1.3912767465897655
2019-01-22 13:00:00,49.572187594007296,2174.092658649005,12.245438333333334,Winter,3.4766263545932543,0.0109814513516045,1.368836799064124
2019-01-22 14:00:00,38.13377407130059,1448.1920620262276,12.43366,Winter,2.997046125138889,0.0051886723423782,1.1668772713333515
2019-01-22 15:00:00,33.954069987516434,1465.3154142011697,12.47527,Winter,2.3535046724900797,0.0127840402938881,2.9396331258590207
2019-01-22 16:00:00,22.77767892593829,1229.3285072939605,12.151493333333333,Winter,1.774982771051587,0.0084029371715752,3.186472548641076
2019-01-22 17:00:00,5.7255572565236035,624.6584494913917,11.616948333333331,Winter,1.252494226220238,0.0028274265808301,3.321112233794924
2019-01-22 18:00:00,10.418553354237504,750.1420228307893,11.475096666666667,Winter,0.9744151045238096,7.188082429185383e-05,0.942477796076938
2019-01-22 19:00:00,60.9627394869993,885.6478689836133,10.532738333333333,Winter,0.9740235034325396,8.005036568150967e-05,0.942477796076938
2019-01-22 20:00:00,57.54655643494765,680.2284101638913,9.954588333333334,Winter,0.975569716656746,4.133780981089953e-05,0.9873576911282208
2019-01-22 21:00:00,11.935554398523363,684.8906039512526,11.138345,Winter,0.974912619126984,0.002471857144425,1.2117571663846345
2019-01-22 22:00:00,10.501368612232396,715.360947494139,11.536098333333332,Winter,1.3999852014087302,0.0032064676394252,3.006952968435945
2019-01-22 23:00:00,30.323271215906903,1455.5805283629793,11.899413333333332,Winter,2.0882479532142852,0.0019271372795084,1.615676221846179
2019-01-23 00:00:00,55.87385535967077,2540.256359163951,12.11746,Winter,2.6245303088293648,0.0012129097208669,1.7054360119487448
2019-01-23 01:00:00,76.85130147373407,3168.9688498449764,12.05349,Winter,3.0455951149206353,0.0011501279321128,1.0771174812307862
2019-01-23 02:00:00,69.22714530673748,2980.708276905473,12.008908333333332,Winter,3.1303444844543655,0.001616708053204,1.660556116897462
2019-01-23 03:00:00,43.93317152921033,1806.5127904612743,12.063768333333334,Winter,2.9497621090773807,0.0012539140838098,1.4585965891666897
2019-01-23 04:00:00,43.316396079690215,1825.4193710191907,12.044573333333334,Winter,2.523789881190476,0.0006113126072724,0.9873576911282208
2019-01-23 05:00:00,40.01290229206758,1858.9636724256852,11.753616666666666,Winter,2.008504536001984,0.0004558257551312,1.234197113910276
2019-01-23 06:00:00,34.61962960411745,1877.4260725996712,11.167641666666666,Winter,1.6221170537996032,0.0003791730258932,0.9873576911282208
2019-01-23 07:00:00,44.42382290120032,2544.295349726722,10.88203,Winter,1.377911428125,0.001658037830595,1.1444373238077103
2019-01-23 08:00:00,37.68642252867768,1958.8968927326416,10.834088333333334,Winter,1.4599543998611113,0.004433550143753,0.9873576911282208
2019-01-23 09:00:00,32.69175475714595,1482.4842854215933,11.197305,Winter,1.908511341577381,0.0045472485322004,1.009797638653862
2019-01-23 10:00:00,38.79466739812041,1769.3375473230735,11.71933,Winter,2.441942257480159,0.0041876898335145,1.009797638653862
2019-01-23 11:00:00,56.05969118063896,2634.0371643571057,11.933563333333332,Winter,3.0065720198412698,0.0043676746266696,1.3015169564872
2019-01-23 12:00:00,88.58030556508666,3504.6123000874127,12.020208333333333,Winter,3.3844210671924606,0.0045773534398914,1.2117571663846345
2019-01-23 13:00:00,84.0645833752456,3428.2679794520973,12.176788333333333,Winter,3.4933567429761903,0.0084531737609504,1.0322375861795037
2019-01-23 14:00:00,46.30626318046705,2018.923295043567,12.398966666666666,Winter,3.3249890530059525,0.0408967303106916,2.378634437717986
2019-01-23 15:00:00,40.39551063025765,1706.877492987127,12.527103333333336,Winter,2.8503762878769847,0.0361281170738073,2.3337545426667035
2019-01-23 16:00:00,38.38686041961561,1726.042054160538,12.482256666666666,Winter,2.228194422222222,0.0295335232325908,2.378634437717986
2019-01-23 17:00:00,26.98891872174171,1439.078596166486,11.892318333333332,Winter,1.678152288561508,0.0312568572944761,2.131795014935931
2019-01-23 18:00:00,22.421477327825677,1422.380461989341,11.158678333333334,Winter,1.1247809043650794,0.008789343340268,1.9747153822564416
2019-01-23 19:00:00,16.810984452369098,976.4187889471764,11.238893333333332,Winter,0.9514449124206348,0.0429314127056035,14.02496720352586
2019-01-23 20:00:00,80.16651138062747,1343.4393308093172,10.76757,Winter,0.9459081154464286,5.9078749426651e-05,1.121997376282069
2019-01-23 21:00:00,80.24267771803312,1362.8156753681278,10.777263333333334,Winter,0.9421564817063492,0.0008875001137577,10.030656543961696
2019-01-23 22:00:00,30.94723661352134,1265.1232434497758,11.419328333333334,Winter,1.127818039454365,0.005547261649878,3.725031289256469
2019-01-23 23:00:00,20.574694174480143,1097.055207482677,11.22834,Winter,1.725814281815476,0.0024701649926977,1.7951958020513104
2019-01-24 00:00:00,46.53095065667486,2088.6699951106248,12.080385,Winter,2.302955789384921,0.0051161649262606,3.0967127585385104
2019-01-24 01:00:00,63.79515029856477,2782.960087026096,12.042225,Winter,2.835697091190476,0.0021346924251204,0.9873576911282208
2019-01-24 02:00:00,96.409330598206,3537.598502477873,12.022536666666667,Winter,3.1360954005059525,0.0028952385316789,1.5034764842179724
2019-01-24 03:00:00,53.20235473254253,2255.6973199371646,12.01575,Winter,3.1528864402976193,0.0034403439591375,1.009797638653862
2019-01-24 04:00:00,43.36950436608994,1739.3707444134875,12.045998333333332,Winter,2.9274485352876987,0.0023738464455748,1.3239569040128414
2019-01-24 05:00:00,43.69472517941714,1827.2091877039277,12.045755000000002,Winter,2.4590514299801587,0.0010040488700663,1.5707963267948966
2019-01-24 06:00:00,42.38602431109466,1878.394943829452,11.76487,Winter,1.9505783869047624,0.0006475381883702,0.9873576911282208
2019-01-24 07:00:00,42.42884254700497,2111.623378909072,10.881556666666668,Winter,1.5411693820238097,0.0582875442252339,0.9649177436025792
2019-01-24 08:00:00,48.68897556892679,2568.646383258093,10.983341666666666,Winter,1.3786837556944445,0.0056730431732871,1.0322375861795037
2019-01-24 09:00:00,41.75317481655249,2068.203122171578,10.97525,Winter,1.506589832123016,0.006797058119269,1.0546775337051448
2019-01-24 10:00:00,37.60136985465131,1658.9069078810608,11.429476666666666,Winter,1.892181383234127,0.006624301310008,1.3912767465897655
2019-01-24 11:00:00,41.83005490466361,1974.2002539052587,12.00184,Winter,2.3996854350694443,0.0091439526401188,1.5034764842179724
2019-01-24 12:00:00,64.1544658367545,3001.843609020775,12.241635,Winter,2.908064165416667,0.0111502481660248,1.5259164317436138
2019-01-24 13:00:00,85.38848951029813,3417.573488206617,12.273086666666666,Winter,3.263319120357143,0.0070681411220607,1.2790770089615586
2019-01-24 14:00:00,78.22220349792408,3270.3995047982294,12.375793333333332,Winter,3.345534589652778,0.0065720533724114,1.189317218858993
2019-01-24 15:00:00,47.620311075879115,2006.40774434143,12.62457,Winter,3.1549370852976195,0.0054066704315215,1.3912767465897655
2019-01-24 16:00:00,41.93396624789706,1689.3871626589175,12.662344999999998,Winter,2.658804125654762,0.0034122352544067,1.0546775337051448
2019-01-24 17:00:00,42.37915687941083,1902.888305400926,12.61925,Winter,2.132589608809524,0.0030742750443061,1.2566370614359172
2019-01-24 18:00:00,39.915458367525176,1869.9562477514908,12.094286666666669,Winter,1.5663223516468254,0.0019279460943474,1.0322375861795037
2019-01-24 19:00:00,39.37201507796624,1872.147622974321,11.721613333333332,Winter,1.134817135476191,0.0037688219465463,0.9873576911282208
2019-01-24 20:00:00,34.821911882817844,1476.3518301679685,11.631706666666666,Winter,0.9197516581448412,0.0004137437104704,0.9649177436025792
2019-01-24 21:00:00,35.1370629150481,1427.563223540098,11.658266666666666,Winter,0.911296346111111,0.0007985179566859,7.741781896346276
2019-01-24 22:00:00,44.496389368577056,1939.2935741622332,11.648148333333332,Winter,0.9407488835912698,0.0011795276525969,2.019595277307724
2019-01-24 23:00:00,39.44059533904555,1741.9647355981108,11.225848333333332,Winter,1.487161467946429,0.0013555270210347,1.772755854525669
2019-01-25 00:00:00,41.8414235346182,1926.2366534085313,12.063198333333334,Winter,2.0519058075496033,0.0014758858268695,2.849873335756455
2019-01-25 01:00:00,52.44106471180537,2389.911460029902,12.229233333333331,Winter,2.5846144014384924,0.0012457950925941,1.9073955396795172
2019-01-25 02:00:00,71.82232176534967,3073.924028618515,12.185173333333331,Winter,3.036694608531746,0.0012765702661131,1.884955592153876
2019-01-25 03:00:00,67.84699309737776,2940.6188348619694,12.11273,Winter,3.2876578069345244,0.0021556890688097,0.942477796076938
2019-01-25 04:00:00,48.71273572707756,2043.6962736227256,12.101613333333336,Winter,3.2203456486607145,0.0014856936638687,1.121997376282069
2019-01-25 05:00:00,41.4837685738893,1581.5706141975836,12.099443333333332,Winter,2.89802384125,0.0078397143680914,2.1093550674102897
2019-01-25 06:00:00,43.33060402406731,1821.7790551711407,12.079201666666668,Winter,2.4022182138293653,0.0085167308284784,2.4010743852436276
2019-01-25 07:00:00,42.57673007491626,1886.2943146839575,11.827226666666666,Winter,1.9432752661111112,0.0034749152031929,2.356194490192345
2019-01-25 08:00:00,46.07217320864561,2258.8343266752,11.431306666666668,Winter,1.5743099210714286,0.0020942145507222,1.009797638653862
2019-01-25 09:00:00,48.83242971440403,2567.208499692778,11.297185,Winter,1.3602314649801588,0.0044117737632582,1.0771174812307862
2019-01-25 10:00:00,42.02738751111265,2132.24269443352,11.488743333333334,Winter,1.4658243732440477,0.0024653145624396,1.0771174812307862
2019-01-25 11:00:00,39.11454244838333,1740.645878422253,11.839846666666666,Winter,1.810339396845238,0.0021273562288572,1.0995574287564276
2019-01-25 12:00:00,43.48712859403574,1970.808368463397,12.198701666666668,Winter,2.3096729073809525,0.0028064533576634,1.2117571663846345
2019-01-25 13:00:00,58.714247792273426,2796.683982190327,12.534368333333331,Winter,2.770477604672619,0.0029864302774971,0.9873576911282208
2019-01-25 14:00:00,86.91051363026519,3453.2699380854397,12.508505,Winter,3.0359347099305554,0.0026823754047324,0.9873576911282208
2019-01-25 15:00:00,68.17657196065862,3027.2529881001547,12.547406666666664,Winter,3.126762819573413,0.0030184513175463,1.0995574287564276
2019-01-25 16:00:00,45.99521865227946,1880.5721335133003,12.594243333333331,Winter,2.9566820771825397,0.0026631555211132,1.0771174812307862
2019-01-25 17:00:00,43.27660547788693,1786.0995270421176,12.721971666666668,Winter,2.5414616343948415,0.0022742520468556,1.1444373238077103
2019-01-25 18:00:00,44.82606568110288,1979.765421109964,12.717875,Winter,2.086888884861111,0.0010560704394103,1.1668772713333515
2019-01-25 19:00:00,44.73105724621603,2057.639176618497,12.414608333333332,Winter,1.5711189733333333,0.000555209092474,0.9873576911282208
2019-01-25 20:00:00,38.219186640709246,1841.056968693964,12.294356666666664,Winter,1.119725292777778,0.0005084454019101,1.0771174812307862
2019-01-25 21:00:00,31.856575475906748,1481.7076849501632,12.383730000000002,Winter,0.9360412670436508,0.0005349944391158,1.1444373238077103
2019-01-25 22:00:00,32.8307335044701,1670.1083206586918,12.694491666666666,Winter,0.9455831033928572,0.0010620566596745,1.3912767465897655
2019-01-25 23:00:00,40.478850399645125,1980.613850072767,12.150115,Winter,1.2932539272023809,0.0008247041258921,1.9298354872051584
2019-01-26 00:00:00,40.49471714592397,1887.737356258244,12.051603333333333,Winter,1.8263228602678572,0.0011091194015827,2.872313283282097
2019-01-26 01:00:00,48.74798355730507,2243.8550505489643,12.322425,Winter,2.327816690019841,0.0010954539506703,0.9649177436025792
2019-01-26 02:00:00,59.044937798195605,2676.46637051736,12.269963333333331,Winter,2.8458039470833336,0.0015719971869011,1.615676221846179
2019-01-26 03:00:00,88.0383937941013,3440.6704151630292,12.2533,Winter,3.212890490257937,0.0024810405554329,0.942477796076938
2019-01-26 04:00:00,61.43756297466781,2771.1094662655814,12.20972,Winter,3.3008793705257933,0.0025936254723724,1.8625156446282345
2019-01-26 05:00:00,48.52859217194346,1994.937686302398,12.226965,Winter,3.217158674017857,0.001557173447996,1.481036536692331
2019-01-26 06:00:00,43.05329002359108,1664.3739388407896,12.204508333333331,Winter,2.8724535782936513,0.0009502791232294,1.121997376282069
2019-01-26 07:00:00,43.54838164902968,1856.315538533997,12.159735,Winter,2.392856973373016,0.0005958906508653,1.9298354872051584
2019-01-26 08:00:00,44.054358539742374,2028.5315436372491,12.05245,Winter,1.9501913550496033,0.0009078439932341,2.311314595141062
2019-01-26 09:00:00,45.809461924132606,2292.196882383326,11.994185,Winter,1.546055392638889,0.0003613950198473,2.019595277307724
2019-01-26 10:00:00,38.661841403467015,2144.9767274416963,12.033058333333337,Winter,1.3397407902777778,0.0004108039925917,1.0995574287564276
2019-01-26 11:00:00,36.05461880132056,1961.4603396981895,12.176963333333331,Winter,1.4104375522619046,0.000428023382693,0.9649177436025792
2019-01-26 12:00:00,37.298418149328,1825.0302178105687,12.364248333333334,Winter,1.6944543728472223,0.000344296281781,1.593236274320538
2019-01-26 13:00:00,39.87704819267032,1884.0924696554616,12.60247,Winter,2.1321279088095237,0.0004769075026052,0.942477796076938
2019-01-26 14:00:00,54.61536713483642,2655.857598196274,12.659793333333331,Winter,2.5361415655059525,0.0031942742176533,1.772755854525669
2019-01-26 15:00:00,81.26379918523972,3432.7596758515683,12.728731666666668,Winter,2.79651861578373,0.0027740352649761,1.5259164317436138
2019-01-26 16:00:00,58.41485353152425,2765.366063421896,12.703071666666666,Winter,2.869974248154762,0.001477805381339,0.942477796076938
2019-01-26 17:00:00,47.33087312154673,2197.9106202270086,12.716115,Winter,2.745291366200397,0.0007249725582239,1.0771174812307862
2019-01-26 18:00:00,47.81807998933782,2212.742915587546,12.747646666666666,Winter,2.4368734975,0.0003560145236112,1.9298354872051584
2019-01-26 19:00:00,45.88876476329521,2176.7843664821467,12.725208333333336,Winter,2.071559649027778,0.0003120109236362,1.2566370614359172
2019-01-26 20:00:00,45.31812612494406,2215.1824767581234,12.692503333333333,Winter,1.6285240158928571,0.0001755385115806,1.840075697102593
2019-01-26 21:00:00,34.53237520444953,1650.608951139386,12.800031666666666,Winter,1.2761377401488094,0.0001838362638583,1.0546775337051448
2019-01-26 22:00:00,31.10921515282268,1479.3439146344572,12.72483,Winter,1.1388243428273812,0.0005015332614788,1.2790770089615586
2019-01-26 23:00:00,32.30566303504172,1653.2476089541688,12.650061666666666,Winter,1.2569752029563492,0.0005836149555263,2.1542349624615724
2019-01-27 00:00:00,38.74188674973838,1836.713880347997,12.584996666666664,Winter,1.643428009315476,0.0006453826665056,2.8049934407051724
2019-01-27 01:00:00,40.49931282856252,1843.5012417075145,12.50156,Winter,2.0827253971031747,0.0007615452212177,3.0967127585385104
2019-01-27 02:00:00,47.36736085724084,2227.6675701561317,12.49597,Winter,2.528124329623016,0.0004230880609875,2.4683942278205517
2019-01-27 03:00:00,56.78229822048394,2726.490448168958,12.381941666666668,Winter,2.996547931785714,0.000543418033435,0.942477796076938
2019-01-27 04:00:00,77.9942413113848,3387.6511814130768,12.345104999999998,Winter,3.2248453672619046,0.0006816936772847,0.942477796076938
2019-01-27 05:00:00,64.76971512310247,2997.511843636324,12.340418333333334,Winter,3.290505160763889,0.0008446393909579,0.9873576911282208
2019-01-27 06:00:00,48.06485171517288,2037.4521721118283,12.337521666666667,Winter,3.133571223888889,0.0005358370657774,0.9873576911282208
2019-01-27 07:00:00,43.46705203323866,1762.3661707959247,12.332983333333337,Winter,2.757249656041667,0.0003376891816467,1.5259164317436138
2019-01-27 08:00:00,43.88039726112153,1993.853515883316,12.346746666666666,Winter,2.3385320528571425,0.0003052730489391,3.0518328634872276
2019-01-27 09:00:00,43.60169248771356,2106.7106732426423,12.379753333333332,Winter,1.9109276272718256,0.0001647826127528,1.2790770089615586
2019-01-27 10:00:00,39.7886584005232,2122.263773542332,12.556646666666667,Winter,1.5020668617658732,0.000249750163787,1.3912767465897655
2019-01-27 11:00:00,32.66115793509715,1859.330305613082,12.860098333333331,Winter,1.270592333392857,0.000534327741828,1.7278759594743862
2019-01-27 12:00:00,30.162576576431725,1672.7469385721706,13.030928333333332,Winter,1.3168213828472224,0.0006551238282085,1.0546775337051448
2019-01-27 13:00:00,32.270221610984805,1640.6760626819978,13.174523333333331,Winter,1.5788513646626985,0.0007398736378673,2.2888746476154207
2019-01-27 14:00:00,35.178608506592916,1739.0753639719817,13.228926666666666,Winter,1.9691760803075395,0.0009834797849294,1.9298354872051584
2019-01-27 15:00:00,40.6484950608678,2103.2236469261907,13.230311666666667,Winter,2.3061825777579363,0.0009896670799198,1.1668772713333515
2019-01-27 16:00:00,72.08529638407325,3347.8746954777316,13.116545,Winter,2.560283926855159,0.0013006007214553,1.234197113910276
2019-01-27 17:00:00,65.29051312729908,3121.6667057798277,13.07117,Winter,2.7002268927281747,0.0013101913084725,1.0995574287564276
2019-01-27 18:00:00,50.59873553792821,2537.4865648960827,13.022228333333334,Winter,2.642044847748016,0.0013875199433985,2.8049934407051724
2019-01-27 19:00:00,45.977689366873975,2332.4147465435713,13.065168333333332,Winter,2.447940036061508,0.0006401336996072,1.840075697102593
2019-01-27 20:00:00,44.69323991396416,2344.904318246214,13.013056666666667,Winter,2.1267102523015877,0.0003654459469236,2.019595277307724
2019-01-27 21:00:00,39.812379026413005,2066.8989547554597,13.018226666666669,Winter,1.7689738315277777,0.0013933563882755,3.231352443692358
2019-01-27 22:00:00,39.553167700354905,2155.766209480569,13.147491666666667,Winter,1.5201026816071428,0.0036040445789688,2.4683942278205517
2019-01-27 23:00:00,34.75517334393389,1863.6693527114685,13.355516666666666,Winter,1.4122213539583337,0.0034456540582789,2.782553493179531
2019-01-28 00:00:00,33.71942491030962,1699.1085955983965,13.2588,Winter,1.5356933102380952,0.0019875386793117,1.3912767465897655
2019-01-28 01:00:00,34.878027034829756,1707.0183347463203,13.089108333333334,Winter,1.8393271846924604,0.00109844724089,2.176674909987214
2019-01-28 02:00:00,36.98849652439785,1763.751811143264,12.943415,Winter,2.2218625962599208,0.0009341714674302,2.5132741228718345
2019-01-28 03:00:00,44.66722958261929,2248.4157349979187,12.823906666666666,Winter,2.669430383690476,0.000703161306762,1.5259164317436138
2019-01-28 04:00:00,53.481292292980726,2799.754236709432,12.727645,Winter,3.0349120520039685,0.0008662198604156,1.2117571663846345
2019-01-28 05:00:00,65.67570093553428,3274.3442592345887,12.651166666666668,Winter,3.242312637916667,0.0011629845285755,1.0771174812307862
2019-01-28 06:00:00,53.64912202085658,2695.5396066198127,12.575141666666669,Winter,3.268092363075397,0.0016282737006813,1.481036536692331
2019-01-28 07:00:00,46.31692556907311,2160.9658700286723,12.577545,Winter,3.1071689293650797,0.002019659700085,1.0322375861795037
2019-01-28 08:00:00,42.53056871323724,1924.1943236388097,12.659271666666664,Winter,2.737636009126984,0.0009877386638716,1.0771174812307862
2019-01-28 09:00:00,42.29830662170352,2108.109207367768,12.746351666666667,Winter,2.332951488670635,0.0007233102447299,1.009797638653862
2019-01-28 10:00:00,41.41098548435441,2193.716571253199,12.958488333333332,Winter,1.8448306453968255,0.0004422541098057,1.1668772713333515
2019-01-28 11:00:00,36.11228262894693,2033.95410841478,13.433941666666668,Winter,1.4441511923412698,0.0004097333988525,1.0546775337051448
2019-01-28 12:00:00,28.467952691677414,1674.761779326882,13.770936666666667,Winter,1.2119133505257935,0.0003734745658993,1.1444373238077103
2019-01-28 13:00:00,28.11508576678704,1674.3180043028945,14.130875,Winter,1.1862739504761906,0.00084597905153,1.1444373238077103
2019-01-28 14:00:00,31.21057851725652,1660.1922085971792,14.360951666666669,Winter,1.3858546684920634,0.000882054182133,1.7503159070000276
2019-01-28 15:00:00,31.23210316505498,1594.4822590842246,13.9047,Winter,1.745948989940476,0.0052817823905982,1.9073955396795172
2019-01-28 16:00:00,34.76880051402635,1789.541704508671,13.621115,Winter,2.0890921534523805,0.0076036749451918,1.0546775337051448
2019-01-28 17:00:00,46.801708769497175,2539.9466807849285,13.408065,Winter,2.4193857000198413,0.0055969827925817,1.121997376282069
2019-01-28 18:00:00,50.82609351277462,2832.712098943401,13.314841666666666,Winter,2.618909684007937,0.0066836462318681,1.0546775337051448
2019-01-28 19:00:00,47.75608355968123,2515.410447877201,13.19687,Winter,2.6469262986706346,0.0199995234437501,1.772755854525669
2019-01-28 20:00:00,45.88426333210502,2370.9903590662893,13.177845,Winter,2.5450259180753965,0.0152707697070355,1.9747153822564416
2019-01-28 21:00:00,45.024232173160954,2340.3271160801723,13.188431666666666,Winter,2.283083131388889,0.0072709006710471,1.2117571663846345
2019-01-28 22:00:00,41.70640672099111,2280.64264722944,13.254961666666668,Winter,1.9737309986904763,0.0064542259358558,2.7376735981282483
2019-01-28 23:00:00,37.520086270847194,2114.1028279788225,13.244285,Winter,1.7268795643849209,0.0026273021852705,1.7054360119487448
2019-01-29 00:00:00,38.92718377095342,2364.5956753131386,13.280383333333331,Winter,1.6082375805555558,0.0026961117224693,1.5259164317436138
2019-01-29 01:00:00,36.85062760502181,1849.773915144039,13.292763333333331,Winter,1.709492391309524,0.0284469624551933,3.3884320763718483
2019-01-29 02:00:00,38.13112237794107,1890.5423143552216,13.175616666666668,Winter,1.958855487668651,0.028301410720718,2.715233650602607
2019-01-29 03:00:00,40.721747818643706,2078.012843626373,13.088478333333336,Winter,2.287415130128968,0.0271232584943397,2.9845130209103035
2019-01-29 04:00:00,47.11068474967439,2421.3602757963554,13.004598333333332,Winter,2.7080396412698415,0.0163734570173567,3.321112233794924
2019-01-29 05:00:00,59.62688023891907,2948.9576367461077,12.958033333333333,Winter,3.049209263492064,0.0022288634679493,1.7951958020513104
2019-01-29 06:00:00,65.43746306328771,3127.527251333967,12.911078333333334,Winter,3.229629895853175,0.0026539069335425,1.1668772713333515
2019-01-29 07:00:00,58.169640488364806,2796.18337450531,12.77966,Winter,3.2483348324404764,0.0078221261904858,0.9873576911282208
2019-01-29 08:00:00,45.046754787287355,2090.2693643104494,12.753256666666664,Winter,3.0330774203075395,0.0074268651875312,1.234197113910276
2019-01-29 09:00:00,40.95558303231837,1871.4695249414535,12.905211666666666,Winter,2.687440986884921,0.0055022315502774,1.121997376282069
2019-01-29 10:00:00,45.59101629630045,2412.9820637478156,13.031248333333334,Winter,2.261982221230159,0.0026079953668729,1.0995574287564276
2019-01-29 11:00:00,42.878707187147214,2359.5825961394303,13.380811666666666,Winter,1.7658074946825395,0.0007221533095858,1.0322375861795037
2019-01-29 12:00:00,38.50105084965396,2208.2524605971184,13.842596666666669,Winter,1.3371030690674603,0.0006439146425216,1.009797638653862
2019-01-29 13:00:00,30.72030289224694,1850.1093522967196,14.39773,Winter,1.0901252974603175,0.0016590917589672,1.0771174812307862
2019-01-29 14:00:00,32.70508265602183,2037.0988722280113,14.874505,Winter,1.022205340892857,0.0024674762721933,1.1668772713333515
2019-01-29 15:00:00,39.8369964866428,2408.3712980674113,14.983858333333334,Winter,1.2353818280059523,0.0045101859515709,1.2566370614359172
2019-01-29 16:00:00,39.41092905933949,2013.6498664436815,14.400298333333334,Winter,1.5767336910019842,0.0542011496055043,2.962073073384662
2019-01-29 17:00:00,43.20783862757581,2275.3121663287243,13.793731666666668,Winter,1.9259795169444445,0.0715821373442375,2.5581540179231173
2019-01-29 18:00:00,45.88189157389856,2315.020320298162,13.48632,Winter,2.319223038353175,0.0870608262327189,2.827433388230814
2019-01-29 19:00:00,50.04883620981026,2528.997469419179,13.387483333333334,Winter,2.5842918829464283,0.0942977444298722,2.6927937030769655
2019-01-29 20:00:00,47.45147321650586,2408.3811166211476,13.204186666666669,Winter,2.70073294671627,0.1225169091231628,2.5581540179231173
2019-01-29 21:00:00,48.56355261891251,2363.3910100140447,13.081256666666668,Winter,2.6398367644246035,0.0470032366016232,2.3337545426667035
2019-01-29 22:00:00,52.12720344108506,2480.279881111632,13.013206666666669,Winter,2.4356262951587304,0.0284169462137102,2.4683942278205517
2019-01-29 23:00:00,48.00665476667488,2433.096571070031,13.047636666666667,Winter,2.157837207559524,0.0212074892949591,2.580593965448758
2019-01-30 00:00:00,46.5886052584098,2515.748171324899,13.199353333333333,Winter,1.9151242076587305,0.0108616487905861,2.6479138080256828
2019-01-30 01:00:00,46.8761665438856,2682.8056023390227,13.218825,Winter,1.71712880125,0.0093533272690997,3.141592653589793
2019-01-30 02:00:00,43.86378325890118,2434.133999411335,13.19897,Winter,1.7522678282936506,0.0022024437160912,1.368836799064124
2019-01-30 03:00:00,39.119142636983455,2000.6962188139144,13.10082,Winter,1.9595420823412697,0.0018412813899448,2.1542349624615724
2019-01-30 04:00:00,39.32365927396541,1949.7693263758704,13.005173333333332,Winter,2.321226324206349,0.0016125446368142,2.019595277307724
2019-01-30 05:00:00,43.62089000852997,2233.38234930092,12.943051666666667,Winter,2.734501931944445,0.0015563052930361,1.6829960644231037
2019-01-30 06:00:00,49.45662047370452,2631.402759361683,12.896745,Winter,3.0576948113988096,0.0015349459983893,1.189317218858993
2019-01-30 07:00:00,54.23594495288823,2912.3175904129066,12.906188333333334,Winter,3.250910846378968,0.0081130613545972,1.0546775337051448
2019-01-30 08:00:00,46.96989270910284,2556.778771835091,12.874961666666668,Winter,3.262006725119048,0.0153362164045464,1.1668772713333515
2019-01-30 09:00:00,44.224718122690234,2178.6523406961815,12.826308333333332,Winter,3.0474132872420636,0.0164897076006216,1.1444373238077103
2019-01-30 10:00:00,39.45500867662274,1857.370646410253,12.82692,Winter,2.678038673392857,0.0075258941697138,1.2566370614359172
2019-01-30 11:00:00,42.37751001779732,2367.5748071712187,13.086595,Winter,2.174867446646825,0.00227239908426,0.9873576911282208
2019-01-30 12:00:00,41.80589093106395,2437.870684736078,13.652511666666667,Winter,1.6532053346329365,0.0016012229905705,1.0546775337051448
2019-01-30 13:00:00,37.5664446250078,2322.918993694161,14.20398,Winter,1.2649324149801588,0.002912022835334,0.942477796076938
2019-01-30 14:00:00,33.98390215510132,2085.209827232487,14.709293333333331,Winter,0.9856112082043652,0.001154476701389,1.0995574287564276
2019-01-30 15:00:00,33.78854135424954,2323.765810365957,15.056075,Winter,0.9391695277777776,0.000235641574229,1.1668772713333515
2019-01-30 16:00:00,42.74480501947415,2746.200858952865,15.068466666666666,Winter,1.0910462196626984,0.000858072427454,1.5483563792692552
2019-01-30 17:00:00,41.691217377992665,2374.363544835234,14.637283333333333,Winter,1.4369800313095238,0.0006405447882853,0.9873576911282208
2019-01-30 18:00:00,40.407456738494616,2153.613802698229,14.015921666666666,Winter,1.8907634510912696,0.0005698235097806,0.9873576911282208
2019-01-30 19:00:00,40.05141151925699,2148.479434899581,13.592506666666669,Winter,2.3284213356746033,0.0012421444778785,1.0771174812307862
2019-01-30 20:00:00,42.8547559312576,2383.8513982002173,13.486835,Winter,2.607127461646826,0.0056412860103525,2.064475172359007
2019-01-30 21:00:00,45.18117497868109,2526.6278523952396,13.454873333333332,Winter,2.7775963872916667,0.0073590414098251,0.9649177436025792
2019-01-30 22:00:00,49.97821149129308,2779.3503206161336,13.389396666666666,Winter,2.758960289940476,0.0235454368196727,2.6479138080256828
2019-01-30 23:00:00,51.53420665783578,2767.4837227837984,13.296761666666669,Winter,2.5620439871428573,0.0172846987426489,2.6254738605000414
2019-01-31 00:00:00,45.22060211054159,2487.2688919558736,13.322931666666667,Winter,2.284569017748016,0.0132852550299745,2.670353755551324
2019-01-31 01:00:00,40.45411579136564,2324.3124077168277,13.46032,Winter,1.974433479623016,0.0089251521776209,2.6030339129744
2019-01-31 02:00:00,42.06755181077462,2642.611520340324,13.608081666666669,Winter,1.7689933689285713,0.0051450428580124,2.9845130209103035
2019-01-31 03:00:00,39.27338931744656,2489.6568140309155,13.61988,Winter,1.776931912420635,0.005319115457887,3.500631814000055
2019-01-31 04:00:00,34.98999066559381,2146.8585722876132,13.597691666666666,Winter,1.9606387252380952,0.0120161933615076,3.2986722862692828
2019-01-31 05:00:00,37.15246966885732,2204.1182209035906,13.478846666666668,Winter,2.3286274382738097,0.0094766183171899,2.962073073384662
2019-01-31 06:00:00,40.89504670745272,2390.442689690497,13.314798333333332,Winter,2.7455055719742063,0.0031818126607092,1.660556116897462
2019-01-31 07:00:00,47.2536227877185,2751.4076615827407,13.237853333333334,Winter,3.0821472786111115,0.0043086385306517,1.009797638653862
2019-01-31 08:00:00,53.95461240688189,3176.0356143879417,13.198916666666666,Winter,3.300715022222222,0.0075945384086586,0.9873576911282208
2019-01-31 09:00:00,47.87997611162247,2797.6395875862513,13.06086,Winter,3.2729721898809525,0.0077338384981982,1.0995574287564276
2019-01-31 10:00:00,40.82312269155263,2236.5817286602314,13.004443333333334,Winter,3.0337854034424607,0.0042413234984501,1.2566370614359172
2019-01-31 11:00:00,40.96209711761912,2272.594959399627,13.185458333333337,Winter,2.640274965218254,0.001408484966579,1.1444373238077103
2019-01-31 12:00:00,41.75094881246929,2635.2177501738074,13.630168333333334,Winter,2.0969051991269843,0.0006502608218578,1.0771174812307862
2019-01-31 13:00:00,42.2862585215166,2892.4405551825544,14.270135,Winter,1.5669542344642855,0.001728632838716,2.670353755551324
2019-01-31 14:00:00,37.32892563961194,2677.4182277184127,14.792498333333333,Winter,1.187177450515873,0.0024329938805742,4.5553093477052
2019-01-31 15:00:00,34.75710536353817,2568.2204056991204,15.241548333333332,Winter,0.9291806921825398,0.0005892087754261,4.9367884556411035
2019-01-31 16:00:00,38.54133262172047,2750.080754320523,15.459403333333334,Winter,0.9175511387301588,0.0001724568387274,0.942477796076938
2019-01-31 17:00:00,49.52078714167645,2968.6098430100355,15.36341,Winter,1.0205015454365078,0.0005461150036757,1.121997376282069
2019-01-31 18:00:00,48.27254011866286,2993.1947176826893,14.975185000000002,Winter,1.4006864748115082,0.0003038675129258,1.0771174812307862
2019-01-31 19:00:00,47.4295211920918,2568.7569767107734,14.292956666666669,Winter,1.8895767946825397,0.0004651262993789,0.9873576911282208
2019-01-31 20:00:00,46.443552534203526,2597.705301473614,13.679973333333333,Winter,2.3597706265079363,0.0005701193804434,1.7054360119487448
2019-01-31 21:00:00,48.708653299330194,2755.8155090970276,13.496253333333334,Winter,2.6658426821726193,0.0006694733794439,1.234197113910276
2019-01-31 22:00:00,56.142886002974464,3193.398824243656,13.402831666666666,Winter,2.843735868928571,0.000600888289224,1.121997376282069
2019-01-31 23:00:00,53.793395029211034,2954.2002829324156,13.299603333333332,Winter,2.788937170793651,0.000539568416959,1.0771174812307862
2019-02-01 00:00:00,49.872067618931624,2766.9187780347893,13.347521666666667,Winter,2.5910799794047623,0.0007767991371872,2.6479138080256828
2019-02-01 01:00:00,44.96861187097154,2604.56864097997,13.451963333333332,Winter,2.2944252529265876,0.000482854061916,2.894753230807738
2019-02-01 02:00:00,41.49794207754971,2630.938937142379,13.710538333333334,Winter,1.967269603015873,0.0002615263379886,1.3015169564872
2019-02-01 03:00:00,40.76743142751131,2821.0503001089583,13.874396666666666,Winter,1.7578583188789685,0.0006213834042662,2.6254738605000414
2019-02-01 04:00:00,41.32786205690243,2661.200757756976,13.896995,Winter,1.7820042731646826,0.0009906556201448,3.3435521813205655
2019-02-01 05:00:00,43.263314356958176,2536.215460572622,13.764883333333334,Winter,2.0278638149007935,0.0016779664645402,2.827433388230814
2019-02-01 06:00:00,43.9355185317814,2482.601079522233,13.469151666666669,Winter,2.4468571619642856,0.0045426184877829,2.670353755551324
2019-02-01 07:00:00,46.375284421895834,2619.8922447511072,13.226158333333332,Winter,2.8435699860515875,0.0021852824039951,1.0322375861795037
2019-02-01 08:00:00,51.74547274960369,3023.4965924348353,13.121696666666669,Winter,3.1455020591369047,0.0026440531512059,1.189317218858993
2019-02-01 09:00:00,51.54181211300688,3003.974195961003,13.083641666666669,Winter,3.316864652619048,0.0036811732281764,1.3015169564872
2019-02-01 10:00:00,45.0814130505599,2441.192023021502,13.027621666666668,Winter,3.2305037757539683,0.0032754746939428,1.2117571663846345
2019-02-01 11:00:00,43.042411623816506,2217.5024658560724,13.08893,Winter,2.937411634950397,0.0113154536454061,2.849873335756455
2019-02-01 12:00:00,41.0829957386825,2141.965993957068,13.34123,Winter,2.4258443789087303,0.0521853361943064,2.872313283282097
2019-02-01 13:00:00,52.04864666988382,2881.7841339302095,13.879498333333334,Winter,1.8516786228670636,0.0544369446559389,2.782553493179531
2019-02-01 14:00:00,57.76615829331355,3163.675811017223,13.857728333333334,Winter,1.3871741233928572,0.0346642345227535,2.849873335756455
2019-02-01 15:00:00,61.54120757977031,3089.220968398843,14.005683333333334,Winter,1.017704469325397,0.023026037122435,3.635271499153903
2019-02-01 16:00:00,48.50913425651545,2540.121295345416,13.740765,Winter,0.8175983349603174,0.0026148289961315,4.353349819974428
2019-02-01 17:00:00,40.19876077563989,2249.749222119005,13.596621666666666,Winter,0.8162640414880953,0.0067520919285899,4.039190554615448
2019-02-01 18:00:00,40.58036291732475,2294.7299639857583,13.663163333333332,Winter,1.0753793904166669,0.0288646594314001,2.423514332769269
2019-02-01 19:00:00,34.45291205118246,2147.653822518647,13.550471666666663,Winter,1.5786720499007938,0.0436043385978234,2.6479138080256828
2019-02-01 20:00:00,35.90615805084356,2030.917067539218,13.482811666666668,Winter,2.071905575248016,0.0711960877051428,2.176674909987214
2019-02-01 21:00:00,32.55361438474144,1839.037374831168,13.167758333333332,Winter,2.4274848712103174,0.1437854359798995,2.0869151198846483
2019-02-01 22:00:00,28.622647441466853,1698.2357758426551,13.031281666666668,Winter,2.686850725575397,0.1678545930602835,2.0420352248333655
2019-02-01 23:00:00,23.735771872830927,1643.5677105541176,13.05631,Winter,2.776514175873016,0.1484143196070811,2.019595277307724
2019-02-02 00:00:00,25.33038104010465,1890.957278533352,12.970481666666666,Winter,2.689520559732143,0.1335702593155904,1.9971553297820828
2019-02-02 01:00:00,19.087127935096586,1867.1244958946183,12.969418333333332,Winter,2.446241859623016,0.0924322246969155,2.1093550674102897
2019-02-02 02:00:00,11.492750782673998,1574.5088346091402,12.981215,Winter,2.112928078690476,0.0617979566314253,2.243994752564138
2019-02-02 03:00:00,12.693007963463623,1624.898087302293,12.927988333333332,Winter,1.8204943471527777,0.0369140152303082,1.593236274320538
2019-02-02 04:00:00,12.707241767026854,1676.4883460099786,12.811798333333334,Winter,1.7932775556051586,0.024260931082351,2.4235143327692685
2019-02-02 05:00:00,25.61221194595127,2219.1869381505403,12.876985,Winter,1.9759796030753969,0.0102760611067289,1.593236274320538
2019-02-02 06:00:00,20.343765099406628,1843.4039178217636,12.86782,Winter,2.2581101706547617,0.0300129969646233,2.5132741228718345
2019-02-02 07:00:00,24.8663407506654,1992.2593881818864,12.82553,Winter,2.7339912972123015,0.0293128634608548,2.199114857512855
2019-02-02 08:00:00,51.08388436781074,2908.855049042074,12.757563333333334,Winter,3.1026459695039685,0.0199466441151798,2.2664347000897793
2019-02-02 09:00:00,55.15420739587318,2958.4819152077025,12.719415,Winter,3.373917785,0.0116327405902995,1.5259164317436138
2019-02-02 10:00:00,46.7489159267457,2377.9571782377216,12.764725,Winter,3.4163098412797623,0.0108179089508674,1.5259164317436138
2019-02-02 11:00:00,41.22263055661378,1881.6128413325112,12.82395,Winter,3.222592152609127,0.0278874357632682,2.6030339129744
2019-02-02 12:00:00,38.21788102794795,1695.7777742266353,12.967571666666666,Winter,2.847747654871032,0.0237261945352928,2.782553493179531
2019-02-02 13:00:00,32.4803518838422,1561.5111692071457,13.13079,Winter,2.271545779623016,0.0300243532691211,2.6479138080256828
2019-02-02 14:00:00,30.58345701315456,1613.1972543057263,13.127293333333334,Winter,1.698320527857143,0.0360087104328006,2.490834175346193
2019-02-02 15:00:00,32.45479198036654,1801.4573717957944,13.241796666666666,Winter,1.2749870435218251,0.0240064872273529,2.490834175346193
2019-02-02 16:00:00,18.342868427249485,1362.7180384460462,13.314595,Winter,0.8721411332539681,0.0201823642431332,0.9873576911282208
2019-02-02 17:00:00,11.515535915315878,1143.2215966128688,13.250323333333334,Winter,0.7677582292559524,0.0057519011957015,0.942477796076938
2019-02-02 18:00:00,12.412660192857548,1173.485340554005,13.14398,Winter,0.8699920293948413,0.0209219989760303,0.9649177436025792
2019-02-02 19:00:00,17.746571505610593,1368.104425564987,12.995596666666668,Winter,1.1871476030654762,0.0316775119165508,0.942477796076938
2019-02-02 20:00:00,21.062710699673936,1468.8745166888002,12.89675,Winter,1.7154234577777778,0.0383692090521752,1.0322375861795037
2019-02-02 21:00:00,21.714744526727586,1511.748938764937,12.82202,Winter,2.149737951498016,0.0477356926429447,1.4585965891666897
2019-02-02 22:00:00,24.647454146210062,1592.192987060148,12.762056666666666,Winter,2.493514901755953,0.050614784239866,0.9649177436025792
2019-02-02 23:00:00,30.729831754020147,1727.1494331467695,12.71817,Winter,2.7643680172420635,0.0343501250845102,1.121997376282069
2019-02-03 00:00:00,33.13164096418395,1718.887778575673,12.735523333333331,Winter,2.847433250952381,0.030224407450593,1.2566370614359172
2019-02-03 01:00:00,35.00383793250002,1742.4987605012643,12.73809,Winter,2.7435433058829366,0.0360645374941421,2.4010743852436276
2019-02-03 02:00:00,37.76719392966304,1867.04272545022,12.72097,Winter,2.4971661149007938,0.0280272907317658,2.6254738605000414
2019-02-03 03:00:00,41.92369194655609,2217.0588571938188,12.705648333333333,Winter,2.1706220000198413,0.0185265883564655,2.6927937030769655
2019-02-03 04:00:00,50.05566799034247,2696.4490573346397,12.678763333333334,Winter,1.893796596130952,0.0124320935881507,2.221554805038497
2019-02-03 05:00:00,60.07819900541987,3129.446757722666,12.620641666666668,Winter,1.8361469779265875,0.0057194450738081,1.6381161693718207
2019-02-03 06:00:00,48.05297728086682,2472.424294142845,12.617488333333334,Winter,2.0140193189880957,0.0092686373972132,1.5707963267948966
2019-02-03 07:00:00,47.27331927588065,2398.3591369330625,12.606498333333333,Winter,2.4150728664880954,0.0109255861401666,1.884955592153876
2019-02-03 08:00:00,55.65276088917805,2779.7032723209813,12.599776666666664,Winter,2.8415872007837306,0.0068734349560841,1.189317218858993
2019-02-03 09:00:00,65.76389620908046,3212.42794192541,12.594636666666666,Winter,3.2155747750099213,0.0065343489436753,2.0869151198846483
2019-02-03 10:00:00,70.6627877451416,3450.830201285183,12.602228333333333,Winter,3.458099679920635,0.0097408227282643,2.6927937030769655
2019-02-03 11:00:00,52.6637291978019,2562.1944557203233,12.623628333333333,Winter,3.4222195695436506,0.0256620861628239,2.5132741228718345
2019-02-03 12:00:00,45.815230124497944,2064.365279399397,12.68174,Winter,3.162509515,0.0316469527276053,2.311314595141062
2019-02-03 13:00:00,43.55534949461106,2001.330949895441,12.751453333333334,Winter,2.673392933809524,0.026109575191441,2.064475172359007
2019-02-03 14:00:00,40.62019878064727,1992.7107491319675,12.847063333333333,Winter,2.087281811577381,0.0284493588338755,2.356194490192345
2019-02-03 15:00:00,31.74645605534387,1751.6446279584409,12.931413333333332,Winter,1.61195751484127,0.0314768021810823,2.3337545426667035
2019-02-03 16:00:00,27.830628703342462,1690.281291191823,12.947528333333334,Winter,1.2071884766468255,0.0225612343031987,1.8176357495769515
2019-02-03 17:00:00,24.14264851875443,1619.7700504362606,12.854088333333332,Winter,0.8807845858134921,0.0151119883899366,0.942477796076938
2019-02-03 18:00:00,29.67366508086225,1750.9877251733585,12.6761,Winter,0.7860143892361111,0.0084987030260509,0.942477796076938
2019-02-03 19:00:00,28.009476175696378,1878.0469657223991,12.565265,Winter,1.0211351065376983,0.0102564971298441,1.009797638653862
2019-02-03 20:00:00,35.708447066954825,1995.4446558833024,12.604738333333334,Winter,1.5014218426587302,0.006601212346885,0.9873576911282208
2019-02-03 21:00:00,49.83495493277215,2497.415922246443,12.540106666666668,Winter,2.0448031230357144,0.0141555487101322,2.535714070397476
2019-02-03 22:00:00,53.51013402716488,2603.238229863504,12.39883,Winter,2.458450193988095,0.0246376891142909,2.356194490192345
2019-02-03 23:00:00,52.78687367037915,2512.3333993410333,12.357066666666666,Winter,2.7597944786607145,0.0264131681235948,2.243994752564138
2019-02-04 00:00:00,44.12686332079808,2007.5949493985547,12.352181666666668,Winter,2.9224268113492067,0.0309839929469751,2.3337545426667035
2019-02-04 01:00:00,42.52307085365106,1965.3773025244936,12.35388,Winter,2.8457131365773813,0.0286245429887604,2.535714070397476
2019-02-04 02:00:00,40.0568295727088,1842.494306343164,12.413236666666668,Winter,2.621230766577381,0.0281866343209441,2.5132741228718345
2019-02-04 03:00:00,48.34202529822512,2466.8641932925284,12.43077,Winter,2.295435101904762,0.0180206006875425,2.6927937030769655
2019-02-04 04:00:00,52.46655391883874,2713.368975407497,12.402373333333331,Winter,1.9772104882242063,0.0179814714419218,2.8049934407051724
2019-02-04 05:00:00,42.96315433960245,2281.414160310791,12.337623333333331,Winter,1.809986764970238,0.0249065373987189,1.5483563792692552
2019-02-04 06:00:00,36.42919431610521,1910.2333522263743,12.251295,Winter,1.8508254279166665,0.0308235199104056,1.4585965891666897
2019-02-04 07:00:00,37.049829312484675,2060.1949859940305,12.196923333333332,Winter,2.1236567810119045,0.0241523899996545,1.9298354872051584
2019-02-04 08:00:00,53.95044880858901,2745.102381339201,12.13323,Winter,2.533219101448413,0.0146736654576639,1.7054360119487448
2019-02-04 09:00:00,48.522604040800886,2403.4031137102443,12.075058333333336,Winter,2.941146143621032,0.0382778321905697,2.1542349624615724
2019-02-04 10:00:00,40.220396390219854,2034.7842890963077,12.035478333333334,Winter,3.265916151785714,0.0591601073800886,1.9747153822564416
2019-02-04 11:00:00,41.5179921107258,2266.746006194994,12.031141666666668,Winter,3.391071896954365,0.0376019854373852,1.9522754347308
2019-02-04 12:00:00,44.427287057801635,2164.2852784406864,12.068228333333334,Winter,3.280813610079365,0.0364812406606156,1.9522754347308
2019-02-04 13:00:00,40.08054596454775,1857.412441365291,12.12525,Winter,2.907172033948413,0.0387839181654275,1.7503159070000276
2019-02-04 14:00:00,33.720230615582935,1649.5286670934408,12.218828333333333,Winter,2.3702371191071427,0.04171362058927,1.7054360119487446
2019-02-04 15:00:00,27.90513084381421,1526.4064857787005,12.18259,Winter,1.8105679047321428,0.025365155914841,1.6381161693718207
2019-02-04 16:00:00,29.28567188940364,1790.8129773865016,11.938528333333332,Winter,1.3985112084623017,0.0277829850960233,1.009797638653862
2019-02-04 17:00:00,21.937578255732056,1225.628472018239,11.550381666666668,Winter,1.007455488670635,0.0248651834461301,0.9873576911282208
2019-02-04 18:00:00,14.862828202968744,1069.0663533254071,11.236916666666668,Winter,0.7963276769047619,0.0109412859374865,0.9873576911282208
2019-02-04 19:00:00,11.778982081584545,1244.376813161576,11.130155,Winter,0.8624713946825397,0.0120683718061862,0.9873576911282208
2019-02-04 20:00:00,4.50317752408607,444.0752245858944,11.151771666666669,Winter,1.1854706835714286,0.0168199763858302,0.9649177436025792
2019-02-04 21:00:00,18.897640576335256,1298.707432486622,11.445308333333331,Winter,1.7139227738690477,0.016318688882255,0.9873576911282208
2019-02-04 22:00:00,36.107320181964056,2058.118592960327,11.508048333333331,Winter,2.273151600416667,0.0224431812149739,2.311314595141062
2019-02-04 23:00:00,41.56691468909236,2439.5739244642573,11.441238333333333,Winter,2.6597305771626982,0.0244467393236403,2.176674909987214
2019-02-05 00:00:00,59.63828267150011,3123.727299752049,11.430961666666668,Winter,2.9805197062103175,0.0131634502351017,2.3337545426667035
2019-02-05 01:00:00,48.768490135286925,2446.942235031848,11.459998333333337,Winter,2.951530872847222,0.0098756842302513,2.5581540179231173
2019-02-05 02:00:00,53.00586069343965,2530.2568746937213,11.4849,Winter,2.7770102961111114,0.0127825034380273,2.356194490192345
2019-02-05 03:00:00,57.24287723186696,2686.800331413334,11.384123333333331,Winter,2.441497481825397,0.0074015452380938,2.3337545426667035
2019-02-05 04:00:00,48.85251791452751,2523.400586611744,11.233228333333331,Winter,2.060288777678571,0.0153784614826239,2.827433388230814
2019-02-05 05:00:00,46.50000710336895,2963.898089660037,10.96019,Winter,1.738211472787699,0.0137514424044874,0.9649177436025792
2019-02-05 06:00:00,54.93022943488678,3621.460026433911,10.901718333333331,Winter,1.6555196121924605,0.0193364800319375,0.9649177436025792
2019-02-05 07:00:00,25.993630104005852,1422.2672302348574,10.618598333333331,Winter,1.8062693686706344,0.0228328773069977,2.378634437717986
2019-02-05 08:00:00,30.054313215862216,1607.0496206470266,10.49989,Winter,2.1978463840277778,0.0178477291393771,1.7503159070000276
2019-02-05 09:00:00,36.73961761469167,2085.690352076872,10.67755,Winter,2.6173403265575397,0.0138164896702727,1.6381161693718207
2019-02-05 10:00:00,54.08256615793006,3214.4323208729475,10.821316666666666,Winter,2.9801389446825395,0.0129734659629012,2.4235143327692685
2019-02-05 11:00:00,68.1376159268878,3393.1705230385155,10.898103333333331,Winter,3.266617380119048,0.0066975158991985,1.3912767465897655
2019-02-05 12:00:00,55.81312908284062,2916.594681200653,11.021338333333334,Winter,3.268138143085318,0.0046420680151951,0.9649177436025792
2019-02-05 13:00:00,53.97434540103729,2523.4946288173523,11.341896666666669,Winter,3.066825371121032,0.003717139959836,1.121997376282069
2019-02-05 14:00:00,55.43762077525591,2678.2189604059986,11.330841666666666,Winter,2.6017804702579364,0.0034693300698131,2.6479138080256828
2019-02-05 15:00:00,59.67530889189362,2846.1493294772636,11.201196666666668,Winter,2.063027834652778,0.0049707907357293,2.5581540179231173
2019-02-05 16:00:00,61.9963830906924,2814.8713995053167,11.100983333333334,Winter,1.5940014616964286,0.003460461589522,1.121997376282069
2019-02-05 17:00:00,25.27714779943829,3080.437590878675,10.993653333333333,Winter,1.194068044642857,0.0095110095293689,1.0546775337051448
2019-02-05 18:00:00,8.242705688856441,1103.2333075219008,10.458485,Winter,0.8715575651388888,0.0087664006922537,0.9873576911282208
2019-02-05 19:00:00,7.748638967677373,1006.7209377409426,10.351706666666669,Winter,0.8512344995932539,0.000630119905093,1.2566370614359172
2019-02-05 20:00:00,13.133067804152391,1499.5085818353605,10.295,Winter,1.038296238234127,0.006963557966737,1.0546775337051448
2019-02-05 21:00:00,24.52359712416233,1667.9228908442683,10.187498333333334,Winter,1.4990993993650792,0.0056633533181987,1.0322375861795037
2019-02-05 22:00:00,48.857803101645615,2480.9390929267565,10.53364,Winter,2.0292936809126987,0.0082280308848062,2.7601135456538897
2019-02-05 23:00:00,75.30633922663,3192.2361766826816,10.842488333333334,Winter,2.465804509861111,0.0096593198465811,2.7376735981282483
2019-02-06 00:00:00,91.4178423084289,3499.8886626411577,10.872801666666668,Winter,2.7976193759226193,0.0062709554470809,2.535714070397476
2019-02-06 01:00:00,79.14336886829281,3293.0752958361472,10.998708333333331,Winter,2.957042901666667,0.0101267381691555,2.378634437717986
2019-02-06 02:00:00,63.82503158873418,2885.0065984071616,11.019886666666668,Winter,2.8689610170833335,0.0095902175885056,2.4010743852436276
2019-02-06 03:00:00,65.93895848546143,2922.640265215022,10.959746666666666,Winter,2.609804478730158,0.0113602466303988,2.221554805038497
2019-02-06 04:00:00,75.31562765482806,3096.8585960993314,10.673236666666666,Winter,2.353453384960318,0.0105054774103242,2.131795014935931
2019-04-17 20:00:00,100.23361864144576,3598.198976068941,17.596306666666667,Spring,1.8994108657341269,0.0286888328747191,2.378634437717986
2019-04-17 21:00:00,90.51565812047264,3777.9851541192847,17.33222,Spring,2.520434394880952,0.0141183920645442,2.378634437717986
2019-04-17 22:00:00,68.62742496172677,3656.83718041651,17.077476666666666,Spring,3.037258818333333,0.010066349353613,2.5132741228718345
2019-04-17 23:00:00,63.87260516810484,3417.457700843529,17.024293333333333,Spring,3.3134290685912697,0.0085099648687013,2.356194490192345
2019-04-18 00:00:00,61.46318417225555,3257.209909793069,17.075073333333332,Spring,3.365436209662698,0.0063627291828089,2.2664347000897793
2019-04-18 01:00:00,71.87919312872293,3360.313116986966,16.93321,Spring,3.09402328452381,0.0065097268209145,2.2888746476154207
2019-04-18 02:00:00,67.16594258832748,3198.7479365678514,16.976538333333334,Spring,2.5693028222123018,0.0028531649736512,2.243994752564138
2019-04-18 03:00:00,63.24346433312684,3137.560054364711,16.976173333333332,Spring,2.0133776041964286,0.0018379286973018,2.2664347000897793
2019-04-18 04:00:00,78.58050499920387,3705.737526017795,17.029988333333332,Spring,1.4111372121230157,0.0015140575584821,2.2888746476154207
2019-04-18 05:00:00,69.17199347006002,3137.050318017178,16.680116666666667,Spring,1.1080481216964286,0.0646014612931637,8.30278058448731
2019-04-18 07:00:00,82.11668468672573,3381.3660004629132,16.499166666666667,Spring,1.1269518643253968,0.0006275566255712,1.7503159070000276
2019-04-18 08:00:00,106.0939800502362,3509.7591870962056,16.753423333333334,Spring,1.5426212523809522,0.0002878971016325,1.2566370614359172
2019-04-18 09:00:00,73.90851381555692,3299.9160253857544,16.816076666666667,Spring,2.151983378720238,0.0003458438515683,1.0322375861795037
2019-04-18 10:00:00,71.41172805962046,3255.5842009300104,16.909613333333333,Spring,2.6566402306051584,0.0005336318201883,1.009797638653862
2019-04-18 11:00:00,68.98756363342875,3266.7432166372937,17.029415,Spring,3.0757778370436504,0.0008187194877646,1.4361566416410485
2019-04-18 12:00:00,72.06132392003178,3388.630307872535,17.03352333333333,Spring,3.2161758395833333,0.0007606695810335,1.593236274320538
2019-04-18 13:00:00,73.63956591769113,3313.152665155626,17.393185000000003,Spring,3.080272307519841,0.0007748051593172,1.0771174812307862
2019-04-18 14:00:00,71.46286896252289,3125.7729920145966,17.849348333333335,Spring,2.7003537883630955,0.0006864714481996,3.2762323387436414
2019-04-18 15:00:00,74.18969352904857,3328.485495219593,18.19718,Spring,2.1349729508134923,0.0006058949768511,3.0967127585385104
2019-04-18 16:00:00,75.93570764584823,3568.186510714625,18.921718333333335,Spring,1.543380773174603,0.0009421710662046,3.478191866474414
2019-04-18 17:00:00,82.92110025577642,3699.616110421182,19.409375,Spring,1.2982557124503966,0.0015051145381944,3.231352443692358
2019-04-18 18:00:00,76.47766787175549,3313.2515384419553,19.81827,Spring,1.2696142477380952,0.0018712163153425,4.577749295230841
2019-04-18 19:00:00,84.9686642095568,3309.1407805638573,20.01718,Spring,1.3070592936706351,0.0021073403231486,4.151390292243655
2019-04-18 20:00:00,103.80416527917082,3587.9487742032,18.98243,Spring,1.5870836465178573,0.0008924988332849,2.670353755551324
2019-04-18 21:00:00,84.66236774470602,3442.379617461723,18.350301666666667,Spring,2.1437926210317455,0.0008547770730166,2.6927937030769655
2019-04-18 22:00:00,77.11674898905773,3305.7019770487977,18.094643333333337,Spring,2.7684908050992063,0.0010530744370608,2.917193178333379
2019-04-18 23:00:00,71.13093258325006,3245.2569464299168,17.92552,Spring,3.2252128986011903,0.0006014657998259,2.6254738605000414
2019-04-19 00:00:00,72.61499263706027,3335.7514714422564,17.771203333333336,Spring,3.3856426554960324,0.0005226681144833,2.827433388230814
2019-04-19 01:00:00,77.44971035723748,3400.939717656509,17.657625,Spring,3.363093794384921,0.0003046521146674,2.3337545426667035
2019-04-19 02:00:00,87.40661895871625,3410.2754199333194,17.514484999999997,Spring,2.9603838058234127,0.0003107531666939,2.311314595141062
2019-04-19 03:00:00,79.83662309425125,3217.301738204047,17.83336166666667,Spring,2.441873852807539,0.0002160653473747,2.5132741228718345
2019-04-19 04:00:00,94.18202765752696,3533.1957410594932,18.070168333333335,Spring,1.890058083313492,0.0001281190345602,2.6254738605000414
2019-04-19 05:00:00,98.5458718318837,3622.396265585223,18.213383333333333,Spring,1.3141821034920635,0.0006786768000784,4.802148770487255
2019-04-19 07:00:00,83.60390653219704,3345.759877887299,17.812685,Spring,1.190271221964286,0.0077419029443972,0.942477796076938
2019-04-19 08:00:00,80.90492715226932,3156.937251500726,17.948069999999998,Spring,1.043493572718254,0.0009669789136199,3.859670974410317
2019-04-19 09:00:00,93.1719576441968,3536.5089893053973,18.39171,Spring,1.498406007013889,0.0002172595455349,3.814791079359034
2019-04-19 10:00:00,78.99135003234755,3354.284175696764,17.97871,Spring,2.092508790902778,0.0012957151401504,4.106510397192372
2019-04-19 11:00:00,79.70655185929309,3377.1712477147685,17.82566166666667,Spring,2.6190432527678573,0.0011903728874665,3.365992128846207
2019-04-19 12:00:00,84.24913429866575,3463.837023893292,17.796015,Spring,3.045276807460317,0.0006717316023745,2.872313283282097
2019-04-19 13:00:00,87.99989456098226,3528.0239625705076,17.815835,Spring,3.1904528641269843,0.0006734570527709,2.782553493179531
2019-04-19 14:00:00,93.6115762945606,3548.1074620571426,18.018578333333338,Spring,3.054362691636905,0.0024597769151853,2.131795014935931
2019-04-19 15:00:00,93.31868077822296,3379.7905002660145,18.305323333333337,Spring,2.586394217579365,0.0089581110062881,1.840075697102593
2019-04-19 16:00:00,98.52590436964124,3522.68993180976,18.757323333333332,Spring,2.0408766441369046,0.0183095793895372,1.7503159070000276
2019-04-19 17:00:00,109.6762130941806,3555.6505791745526,19.223748333333333,Spring,1.5839692158531746,0.0069543581855649,1.7054360119487446
2019-04-19 18:00:00,65.80572807586611,3053.5221169753995,19.61615,Spring,1.231269507311508,0.00176022009498,2.5581540179231173
2019-04-19 19:00:00,41.10671830830749,2396.4556057379614,19.48535,Spring,1.1170219725,0.0018948862877845,2.6927937030769655
2019-04-19 20:00:00,54.660351708086736,2802.0501814008794,18.986251666666664,Spring,1.4313200569345237,0.0122024058904468,2.4010743852436276
2019-04-19 21:00:00,103.72791251173726,3324.289550205988,18.475265,Spring,1.9011012196428572,0.0022038463725095,2.4683942278205517
2019-04-19 22:00:00,116.996909831547,3281.8830823361236,18.275531666666662,Spring,2.5203848989880955,0.0022505312992598,2.6030339129744
2019-04-19 23:00:00,111.89354175222684,3821.384323041924,18.123828333333332,Spring,3.071631933263889,0.0015930739380691,2.6927937030769655
2019-04-20 00:00:00,93.26209270586796,3925.053223912443,18.012055,Spring,3.389227057916667,0.0007975566620926,2.535714070397476
2019-04-20 01:00:00,90.3892460022562,3733.604439451105,17.749963333333334,Spring,3.4870819047519843,0.0015437614738132,2.4010743852436276
2019-04-20 02:00:00,103.392786762481,3501.0782598985497,17.515468333333335,Spring,3.2781178084920635,0.0025608440501381,2.1093550674102897
2019-04-20 03:00:00,118.08417187874112,3232.446747186722,17.415068333333334,Spring,2.7647722177579364,0.003133998697709,2.019595277307724
2019-04-20 04:00:00,114.13443486879804,3326.084978869951,17.642391666666665,Spring,2.205384566904762,0.0011353401631091,2.1093550674102897
2019-04-20 05:00:00,105.14966502756846,3043.5763215664756,17.96021,Spring,1.5803132271825395,0.0013444356445569,2.782553493179531
2019-04-20 06:00:00,48.15359520860443,2696.10026329188,17.81874,Spring,1.0666043261805558,0.0011641050263699,2.9845130209103035
2019-04-20 07:00:00,11.984080241422497,1477.7740347204767,16.582798333333333,Spring,0.8857737703075397,0.064428929855029,14.294246573833558
2019-04-20 08:00:00,8.649217399867048,1375.097950461447,16.52747,Spring,0.8861333442857142,0.1173467543547966,15.14696457980793
2019-04-20 09:00:00,9.063184352306656,1346.8532077176728,16.660405,Spring,1.072406459890873,0.00238814030112,2.5581540179231173
2019-04-20 10:00:00,42.230551395527456,2481.6443710198328,17.174576666666667,Spring,1.6553665375793654,0.0055366805962916,2.0420352248333655
2019-04-20 11:00:00,56.05530206230503,2874.7699965835345,17.166765,Spring,2.215218890188492,0.0148408630092625,1.9747153822564416
2019-04-20 12:00:00,51.10788155731487,2762.37312288398,17.145353333333333,Spring,2.753128727123016,0.022631851050999,1.884955592153876
2019-04-20 13:00:00,37.93460836011998,2597.521348157527,17.229421666666667,Spring,3.0664423776488094,0.0383641736077419,1.7278759594743862
2019-04-20 14:00:00,37.671413349670544,2499.99170891185,17.29214166666667,Spring,3.158511872549603,0.0337137856092432,1.660556116897462
2019-04-20 15:00:00,42.46475271667536,2662.4382088643993,17.286753333333333,Spring,2.9675503832341263,0.0267377352688437,1.5483563792692552
2019-04-20 16:00:00,38.387579660119734,2688.913611344472,17.423471666666668,Spring,2.5551742742063492,0.0294449589607982,1.481036536692331
2019-04-20 17:00:00,25.584246816177934,2199.1093728221576,17.624228333333335,Spring,2.040943352331349,0.0298623340524149,1.413716694115407
2019-04-20 18:00:00,12.691812437340085,1993.5007747367497,17.53873666666667,Spring,1.6777930950000002,0.0147526332548614,1.413716694115407
2019-04-20 19:00:00,10.240595577282924,1696.161377055938,17.296805,Spring,1.409974232936508,0.0145807198088757,1.5259164317436138
2019-04-20 20:00:00,8.541217830336748,1608.794350179145,17.004455,Spring,1.4349681870734126,0.0150441706661785,1.593236274320538
2019-04-20 21:00:00,8.318330447992262,1480.9319327124165,16.909966666666666,Spring,1.710929223829365,0.0148521138943304,1.7278759594743862
2019-04-20 22:00:00,12.833749498168856,1977.3073496610264,17.03212,Spring,2.1716099746031743,0.0145348371083974,2.1093550674102897
2019-04-20 23:00:00,16.817946846755305,2179.4113112476366,16.995269999999998,Spring,2.7267401113690473,0.0158745643966529,2.064475172359007
2019-04-21 00:00:00,37.38240621584783,3019.6739341831963,16.94449,Spring,3.185459285734127,0.0065592103156366,2.131795014935931
2019-04-21 01:00:00,67.70632423051983,3975.1086113918886,16.797248333333336,Spring,3.4112999919444444,0.0047503627947586,2.2888746476154207
2019-04-21 02:00:00,84.60329104657689,4201.2844696356715,16.539401666666667,Spring,3.3641538584920636,0.0022204142346749,2.3337545426667035
2019-04-21 03:00:00,109.49111553762536,3758.579179046752,16.41841833333333,Spring,3.006276568293651,0.001166746526522,2.4010743852436276
2019-04-21 04:00:00,110.57893775634363,3589.3498410294824,16.280456666666666,Spring,2.514011938571429,0.000450182545918,2.356194490192345
2019-04-21 05:00:00,88.42789696238569,3451.2825611480266,16.16864,Spring,1.956122031309524,0.0002890719816466,2.5581540179231173
2019-04-21 06:00:00,64.50953292041044,3074.0393419562433,15.711058333333334,Spring,1.3489478474801586,0.0003206582304532,3.321112233794924
2019-04-21 07:00:00,55.97231513274386,2782.2754700861833,14.897763333333334,Spring,0.943344584345238,0.2604394089356073,16.11188232341051
2019-04-21 08:00:00,102.38582035715709,3147.5877103150688,14.839775,Spring,1.072518621031746,0.0017907243074528,0.9873576911282208
2019-04-21 09:00:00,73.30936762369755,3408.722488018203,15.511471666666669,Spring,1.3692764116765872,0.0052170120078133,3.837231026884676
2019-04-21 10:00:00,81.12831963418462,3341.025095169128,15.639285,Spring,1.142220186904762,0.0018995539636423,1.009797638653862
2019-04-21 11:00:00,114.18478564413152,3586.8224575957383,16.706883333333334,Spring,1.6755821608928572,9.250243771387922e-05,1.2117571663846345
2019-04-21 12:00:00,104.55450676133952,3697.6666803571793,17.045823333333335,Spring,2.1547242592857145,0.0001196814317375,1.368836799064124
2019-04-21 13:00:00,101.61535589941964,3508.224304635572,17.173226666666668,Spring,2.69632505077381,0.0020244799363912,2.4235143327692685
2019-04-21 14:00:00,85.6817136107721,3455.625535633026,17.319194999999997,Spring,2.98282495171627,0.0077613986493229,1.9522754347308
2019-04-21 15:00:00,84.4463819578259,3395.1971943653,17.499908333333334,Spring,3.0407208787003968,0.0090957694768768,1.840075697102593
2019-04-21 16:00:00,97.35723103727464,3323.5268986229967,17.844356666666666,Spring,2.8156640895833336,0.0139860680731078,1.840075697102593
2019-04-21 17:00:00,82.97640211805557,3209.9736495343386,17.806503333333335,Spring,2.394323805575397,0.0141657571442851,1.7951958020513104
2019-04-21 18:00:00,60.07959545734907,2946.0170464639987,17.551184999999997,Spring,1.9783656312301583,0.0130179774472636,1.7503159070000276
2019-04-21 19:00:00,53.16534864149403,3005.491593108082,17.443613333333335,Spring,1.6154518288988091,0.0115155439868889,1.8176357495769515
2019-04-21 20:00:00,41.82158487718528,2824.3858499358757,17.321743333333334,Spring,1.4590919204166666,0.009099485368847,1.9298354872051584
2019-04-21 21:00:00,45.519147853074216,2849.5590618281844,17.05874,Spring,1.5923790466865078,0.0088903974289995,2.2664347000897793
2019-04-21 22:00:00,43.23788360813518,2860.788059534647,16.957526666666666,Spring,1.9294025044742065,0.008003992736851,2.199114857512855
2019-04-21 23:00:00,59.289012269440406,3311.3591434179652,16.913903333333334,Spring,2.429929669365079,0.0045644182127466,2.378634437717986
2019-04-22 00:00:00,95.03132364817444,3723.021642121357,16.88745833333333,Spring,2.9092571765972224,0.0035899603133322,2.423514332769269
2019-04-22 01:00:00,74.9949805364513,4117.472332814734,16.842148333333334,Spring,3.220882102470238,0.0018224995883543,2.580593965448758
2019-04-22 02:00:00,77.65332637293619,4054.426212505676,16.744055,Spring,3.337007918938492,0.001170265816101,2.7376735981282483
2019-04-22 03:00:00,96.53804275855322,3628.667560763936,16.642735000000002,Spring,3.205735504761905,0.0021778714111979,2.378634437717986
2019-04-22 04:00:00,111.839553863605,3328.924838856804,16.781188333333333,Spring,2.794779929444444,0.0017328424664303,2.311314595141062
2019-04-22 05:00:00,122.3194767484124,3325.837589099683,16.67555,Spring,2.2818354941666668,0.0009444907298154,2.4459542802949104
2019-04-22 06:00:00,112.0701807527239,3247.1178465200956,16.335541666666664,Spring,1.6629978276388888,0.0005490099895045,2.5132741228718345
2019-04-22 07:00:00,95.90847074357583,3244.050165368763,16.024964999999998,Spring,1.1632136739285714,0.0003466537917982,2.6479138080256828
2019-04-22 08:00:00,62.79622704714219,2945.1061141184564,15.814443333333331,Spring,1.0336080044841272,0.0020769966381834,0.9873576911282208
2019-04-22 09:00:00,113.71027201837516,3001.211010496286,16.431521666666665,Spring,1.2486319375198411,0.0005594862427635,0.9873576911282208
2019-04-22 10:00:00,64.54987051747855,3326.2707007047316,16.93081,Spring,1.1239089972123015,0.0977042269355839,8.48230016469244
2019-04-22 11:00:00,73.48829733264002,3564.095924570041,17.16256333333333,Spring,1.1822790434920636,0.0004216511003107,2.5581540179231173
2019-04-22 12:00:00,86.39788431002319,3836.1684293912185,17.537916666666668,Spring,1.6810255509325396,0.0001537421960225,1.4361566416410485
2019-04-22 13:00:00,97.33490293995604,3475.73496796524,17.846695,Spring,2.223456342718254,0.0001503932063744,1.5707963267948966
2019-04-22 14:00:00,105.02531418876436,3558.029856601161,18.085581666666663,Spring,2.659792467470238,0.0006820213892753,2.176674909987214
2019-04-22 15:00:00,105.9603060069514,3322.431984897923,18.32596,Spring,2.865224857132936,0.0076210636897572,2.199114857512855
2019-04-22 16:00:00,121.02990512157184,3384.545918685331,18.400053333333336,Spring,2.8923504453075397,0.0067557760416469,2.0420352248333655
2019-04-22 17:00:00,122.0803869221491,3387.111906997041,18.480916666666666,Spring,2.6985128157539684,0.0096383225504806,1.9298354872051584
2019-04-22 18:00:00,122.16629710741628,3362.6427006393733,18.491405,Spring,2.3169994093353177,0.010513777642189,1.7503159070000276
2019-04-22 19:00:00,122.91368273063767,3191.8516325015835,18.44375,Spring,1.969731502003968,0.0062251702416101,1.7278759594743862
2019-04-22 20:00:00,126.44104885478998,3157.186218661065,18.311265,Spring,1.6741422727777775,0.0037433802043752,1.840075697102593
2019-04-22 21:00:00,135.11330076763477,3055.551441779677,18.15959666666667,Spring,1.6438674120238097,0.0015866123141567,2.1542349624615724
2019-04-22 22:00:00,136.43749287304004,3215.1129949907427,18.127456666666667,Spring,1.8105231051785715,0.0007672019727027,2.580593965448758
2019-04-22 23:00:00,130.82398044600498,3629.369322347503,18.12461,Spring,2.1323033382440477,0.0005803733724321,2.894753230807738
2019-04-23 00:00:00,124.61815520862773,3752.956816159786,18.062788333333337,Spring,2.5451279206349207,0.0004967646267934,3.365992128846207
2019-04-23 01:00:00,119.76355621911108,3719.2624275540975,17.89256,Spring,2.9365674901190477,0.0002828346342683,2.5581540179231173
2019-04-23 02:00:00,120.0137971824592,3653.703805630924,17.78275,Spring,3.1514009342460314,0.0002631597850186,2.243994752564138
2019-04-23 03:00:00,135.56370529000293,3563.9317028617525,17.817031666666665,Spring,3.1760662262599206,0.0004025898826016,0.9873576911282208
2019-04-23 07:00:00,114.27984321728502,3557.274004078989,17.611114999999998,Spring,1.722012905972222,0.0001152894969094,1.009797638653862
2019-04-23 08:00:00,74.46039540425757,3770.1267412556726,17.917678333333335,Spring,0.979838408888889,0.0004115883643875,0.9873576911282208
2019-04-23 09:00:00,59.44390302093264,3743.207541398886,18.947375,Spring,1.1324930777083333,0.0014683165610937,0.9873576911282208
2019-04-23 10:00:00,72.72963109940073,3976.212251046829,19.71661,Spring,1.487315673095238,0.0735109510718512,0.942477796076938
2019-04-23 11:00:00,93.7866046519544,4148.200045894726,20.020950000000003,Spring,0.8874959140773809,0.003353311259387,0.9873576911282208
2019-04-23 12:00:00,96.66532977535852,4102.876416437158,19.774971666666666,Spring,1.3199017614781745,0.0006451456696722,1.009797638653862
2019-04-23 13:00:00,119.96247537659303,3683.181883285117,19.278925,Spring,1.7659572439980158,0.0002227192240601,1.1444373238077103
2019-04-23 14:00:00,127.85355131559425,3558.1096008097475,19.313638333333333,Spring,2.2418730431349205,7.792505333871865e-05,0.9873576911282208
2019-04-23 15:00:00,125.61338634798564,3410.9811374129076,19.243893333333332,Spring,2.608239905694444,0.00012444861574,0.9649177436025792
2019-04-23 16:00:00,120.13174475865652,3328.495353620148,19.305259999999997,Spring,2.778453269880952,0.0001750731686193,0.942477796076938
2019-04-23 17:00:00,119.59407758382795,3363.4302865927775,19.241845,Spring,2.810098242876984,0.0008563956742169,2.6927937030769655
2019-04-23 18:00:00,115.81564612827384,3477.7773743638054,19.32392,Spring,2.61868993577381,0.0007783956750278,2.356194490192345
2019-04-23 19:00:00,114.1990708804088,3492.812854809953,19.385608333333337,Spring,2.330659415634921,0.0007137400168771,2.2888746476154207
2019-04-23 20:00:00,110.157565358939,3419.19287751059,19.637823333333333,Spring,2.0440074458829365,0.0004382075351821,2.5132741228718345
2019-04-23 21:00:00,116.0913208444746,3421.831293521949,19.73111833333333,Spring,1.8174389067063492,0.0003852374644644,3.0967127585385104
2019-04-23 22:00:00,116.18923770582956,3409.719158306684,19.696971666666663,Spring,1.803686031061508,0.0005295255836182,3.4557519189487724
2019-04-23 23:00:00,90.57942056385642,3222.6022138941935,19.619685,Spring,1.977003849126984,0.0004092038582945,3.186472548641076
2019-04-24 00:00:00,89.98177452495428,3152.417042098677,19.394965000000003,Spring,2.2877449137103176,0.0003862987033331,3.231352443692358
2019-04-24 01:00:00,94.26765687255228,3247.0950579378195,19.126473333333333,Spring,2.6461981055257935,0.0005802609817045,3.657711446679545
2019-04-24 02:00:00,96.9731771652638,3328.9370748508836,18.97374166666667,Spring,2.9031598232539686,0.0004687828149603,3.635271499153903
2019-04-24 03:00:00,97.74079706752872,3209.033554917518,18.804336666666664,Spring,3.046150994880952,0.0004532233285952,3.5903916041026207
2019-04-24 04:00:00,90.65956882244792,3036.406953341362,18.664901666666665,Spring,2.9714148528174604,0.0002434336443014,3.0967127585385104
2019-04-24 05:00:00,90.19711921013209,3025.1750752784865,18.653545,Spring,2.821588738650794,0.0002802257785668,3.006952968435945
2019-04-24 06:00:00,92.47987295974652,3056.4797199179484,18.733043333333335,Spring,2.4662749022420636,0.0003126243847286,3.006952968435945
2019-04-24 07:00:00,95.38667475160956,3260.851360787281,19.054261666666665,Spring,1.9554218320436507,0.0004726629006139,2.5581540179231173
2019-04-24 08:00:00,84.29111316984884,3412.435838484459,19.44304833333333,Spring,1.4645561651984127,0.0003098674888296,2.490834175346193
2019-04-24 09:00:00,78.02516361135903,3736.054504641067,20.453445,Spring,1.1478297705753968,0.0002484589949099,2.4235143327692685
2019-04-24 10:00:00,81.03256834054571,4146.75868886315,22.274343333333334,Spring,0.9093076720238094,0.1201641981620865,16.9197204343336
2019-04-24 11:00:00,100.82406608038926,4285.122194600022,22.677251666666667,Spring,0.9253574695833332,0.021959778122292,10.524335389525806
2019-04-24 12:00:00,124.16930445655316,4241.033865375873,22.88117833333333,Spring,1.1461960292460318,0.0007638591420045,5.318267563577007
2019-04-24 13:00:00,135.9813271705519,3939.4407407672097,21.95703,Spring,1.4361470309325397,0.0010071227792652,4.6450691378077655
2019-04-24 14:00:00,141.30865232276022,3128.8889541381823,21.023826666666665,Spring,1.8535292083531745,0.0011317951913281,3.814791079359034
2019-04-24 15:00:00,134.56529126332117,3123.1675088116335,20.635385,Spring,2.2656938904166664,0.0007716840326305,2.5132741228718345
2019-04-24 16:00:00,128.09135731971887,3076.689085067983,20.571185,Spring,2.52061515875,0.0019308256267524,2.4235143327692685
2019-04-24 17:00:00,130.8296811224351,3102.1355581646694,20.428555,Spring,2.7179147565079367,0.0051690209581253,2.0420352248333655
2019-04-24 18:00:00,135.656456168681,3113.5789787154804,20.114296666666668,Spring,2.7306437613492065,0.0062127021204225,1.884955592153876
2019-04-24 19:00:00,139.17931424607548,3013.074832346322,19.933866666666667,Spring,2.585383340734127,0.0062844576064841,1.9073955396795172
2019-04-24 20:00:00,141.2960986291634,2854.604784749358,19.923606666666668,Spring,2.3719576346428575,0.0052082901734968,1.9522754347308
2019-04-24 21:00:00,142.61933520761872,2766.552943437666,20.059281666666667,Spring,2.1126460799603173,0.0035005108076991,1.9747153822564416
2019-04-24 22:00:00,143.69998468821842,2710.9951743888023,20.15997,Spring,1.973950295982143,0.0030817088594226,1.9747153822564416
2019-04-24 23:00:00,139.96312650728612,2917.644231030673,20.055128333333336,Spring,1.97443777375,0.002785013399895,2.0420352248333655
2019-04-25 00:00:00,143.7585794421978,3020.1731565015825,19.993458333333333,Spring,2.104392638224206,0.0016839974412541,2.176674909987214
2019-04-25 01:00:00,146.30823522413306,2901.293465323053,19.869446666666665,Spring,2.3484957212896824,0.0011530705041667,2.3337545426667035
2019-04-25 02:00:00,147.17625538959038,2910.8775790790996,19.665335,Spring,2.6008883915178576,0.0010675912349302,2.4459542802949104
2019-04-25 03:00:00,145.94749246398135,2910.392395991171,19.504028333333338,Spring,2.802647344464286,0.0011145369118524,2.3337545426667035
2019-04-25 04:00:00,144.3486641265287,2950.43813710854,19.345926666666667,Spring,2.9108510165674604,0.0006759659137615,2.4683942278205517
2019-04-25 05:00:00,145.24475945577905,3054.97072507333,19.187783333333336,Spring,2.8601961175099206,0.0005235027572121,2.4459542802949104
2019-04-25 06:00:00,143.39668707900267,3051.8732623910214,18.881621666666668,Spring,2.648108824791666,0.0006462054371722,2.2888746476154207
2019-04-25 07:00:00,143.73993046104135,3117.283296221466,18.844865,Spring,2.3307301079166667,0.0006632900006128,2.176674909987214
2019-04-25 08:00:00,148.75078781987668,3102.6773697758363,19.217845,Spring,1.8965817001190477,0.0004804173937055,2.1542349624615724
2019-04-25 09:00:00,153.41482629185546,3271.507325218814,19.740663333333337,Spring,1.484316158988095,0.0003151856137254,2.3337545426667035
2019-04-25 10:00:00,126.52826668701609,4248.014363098994,20.488748333333337,Spring,1.1937047453373015,0.0002251325481051,2.4459542802949104
2019-04-25 11:00:00,103.01211928814578,4231.354547881362,21.529705,Spring,1.0561537199404762,0.0009469062262255,4.9367884556411035
2019-04-25 12:00:00,61.81600071372655,3413.9366987052326,22.17077,Spring,1.1171917637698412,0.0010425594360877,4.084070449666731
2019-04-25 13:00:00,71.06307824137974,3672.2914628535873,21.855755,Spring,1.2979031434920634,0.0009186137459494,3.612831551628262
2019-04-25 14:00:00,104.50056382651265,3578.2885236291004,21.421711666666667,Spring,1.580796852251984,0.0007978826073101,2.4683942278205517
2019-04-25 15:00:00,113.84994229145693,3274.05391084045,21.14579666666667,Spring,1.9421075510119048,0.0013780526840349,2.199114857512855
2019-04-25 16:00:00,123.18215170483909,3121.120893187609,20.863218333333336,Spring,2.2971104704761904,0.001627155790514,1.9971553297820828
2019-04-25 17:00:00,129.61365043011597,2892.982282135125,20.73154333333333,Spring,2.558138279672619,0.0041355829456626,1.9971553297820828
2019-04-25 18:00:00,132.02079532828088,2786.386836008895,20.570356666666665,Spring,2.725653684761905,0.0067477365179846,1.7951958020513104
2019-04-25 19:00:00,130.96929437553547,2721.2432670783264,20.40394,Spring,2.7435520150892856,0.0068903988929012,1.8176357495769515
2019-04-25 20:00:00,129.12633180614677,2713.3517638177464,20.188038333333335,Spring,2.6425088710119047,0.0081375704521393,1.8625156446282345
2019-04-25 21:00:00,130.0490293791122,2689.3307202185965,20.035183333333332,Spring,2.45584883140873,0.0047726396784982,1.9298354872051584
2019-04-25 22:00:00,136.16642927159694,2571.286138812868,19.99148166666667,Spring,2.21661863515873,0.00393635185144,2.1093550674102897
2019-04-25 23:00:00,139.8542235757051,2594.901060448217,19.91908,Spring,2.058289306011905,0.0031695219839147,2.199114857512855
2019-04-26 00:00:00,141.94024374770078,2724.2480681731213,19.924803333333333,Spring,2.012004114156746,0.0023467525322912,2.4010743852436276
2019-04-26 01:00:00,145.54083025642274,2873.024541798429,19.806176666666666,Spring,2.110079444484127,0.0011550559705127,2.6927937030769655
2019-04-26 02:00:00,148.6841882430333,2969.0671673376237,19.699928333333332,Spring,2.282050186984127,0.0005129658518978,2.715233650602607
2019-04-26 03:00:00,151.90684204858664,2902.486326393001,19.584529999999997,Spring,2.4932678576388887,0.0004573936052869,2.782553493179531
2019-04-26 04:00:00,153.77343664692373,2746.4193170576864,19.414458333333336,Spring,2.6509350959920637,0.0004138397317452,2.9171931783333793
2019-04-26 05:00:00,152.8951754967809,2655.453821100245,19.338675,Spring,2.7886585023015877,0.000235835525941,3.0518328634872276
2019-04-26 06:00:00,156.93151712008347,2489.4700705633068,19.316593333333337,Spring,2.7464380308333336,0.0001929589404878,2.1093550674102897
2019-04-26 07:00:00,154.43307587413318,2569.5012392716326,19.33571,Spring,2.558530730416667,0.000333948674901,0.9873576911282208
2019-04-26 08:00:00,145.89416099294192,3194.0229316219657,19.397488333333335,Spring,2.2646321612103177,0.000315374449607,1.2117571663846345
2019-04-26 09:00:00,124.91109141139894,3360.063925068128,19.556826666666662,Spring,1.8916615943353177,0.0002606630128482,1.0322375861795037
2019-04-26 10:00:00,134.43204005329824,3976.900237871647,20.084506666666663,Spring,1.56716162828373,0.0002403000105998,1.1444373238077103
2019-04-26 11:00:00,127.69389025544204,4059.638633857291,21.02867666666667,Spring,1.3093421390476188,0.0002349335794576,0.9873576911282208
2019-04-26 12:00:00,122.95532197277257,4109.414268313461,21.751205,Spring,1.1981825269642858,0.0008875581077609,5.071428140794952
2019-04-26 13:00:00,121.3324021974151,4094.082964168211,22.239435,Spring,1.2243089562400793,0.00111249638814,4.667509085333407
2019-04-26 14:00:00,122.50865793128952,4032.655181130844,22.23774,Spring,1.4140275641269842,0.0011038383515331,4.218710134820579
2019-04-26 15:00:00,119.14217403481518,3766.2704247651072,21.940081666666668,Spring,1.6672562863690477,0.0012892777830033,3.545511709051338
2019-04-26 16:00:00,98.07209388868608,3345.173894760105,21.60651,Spring,2.0265485764682536,0.0021918681744135,2.378634437717986
2019-04-26 17:00:00,115.83091579685234,3235.7412665580123,21.282935,Spring,2.3117076789384923,0.0026265978836203,2.0869151198846483
2019-04-26 18:00:00,127.46077662290372,3104.4011228173167,21.016433333333335,Spring,2.588072833700397,0.0022115966862146,2.221554805038497
2019-04-26 19:00:00,129.7159410887525,3007.912333516151,20.814033333333334,Spring,2.753871625119048,0.0027913245979527,2.1542349624615724
2019-04-26 20:00:00,134.70311748328334,2893.336674363126,20.643044999999997,Spring,2.7882065943452385,0.0023839434888056,2.243994752564138
2019-04-26 21:00:00,139.25377080546698,2797.6068101993415,20.461428333333338,Spring,2.67450275390873,0.001751563721605,2.311314595141062
2019-04-26 22:00:00,144.18271588732034,2655.009424355994,20.42596,Spring,2.4520539452976187,0.0013307551176965,2.4235143327692685
2019-04-26 23:00:00,146.2061004153996,2682.5546978166694,20.565831666666668,Spring,2.219321386021825,0.0009783608979736,2.872313283282097
2019-04-27 00:00:00,145.4873472710402,2974.119249081226,20.669263333333333,Spring,2.053413135228175,0.0008224101930501,2.7601135456538897
2019-04-27 01:00:00,143.27256953773053,3204.4343516330264,20.861236666666667,Spring,1.9912631205753968,0.000600389151235,2.6254738605000414
2019-04-27 02:00:00,140.59885490156427,3301.0346691545183,20.700538333333338,Spring,2.034489394126984,0.000381026188352,2.6030339129744
2019-04-27 03:00:00,147.6796436851821,2939.801642073935,20.467998333333338,Spring,2.1830259976190476,0.0004091420211766,2.894753230807738
2019-04-27 04:00:00,150.57384730150488,2638.5924607971147,20.22281333333333,Spring,2.3728154213789683,0.000391617903098,2.9396331258590207
2019-04-27 05:00:00,151.05343093543976,2473.1856450537675,20.027435,Spring,2.5806633165873016,0.0004209233267214,3.0518328634872276
2019-04-27 06:00:00,147.24147013269095,2593.4979278105516,19.92743,Spring,2.7143507443253965,0.0004379233253252,2.872313283282097
2019-04-27 07:00:00,132.94512113530237,3256.0745469613585,19.88449166666667,Spring,2.72973264358135,0.0001653259637882,2.176674909987214
2019-04-27 08:00:00,105.83940041088591,3404.4156844157415,19.82229,Spring,2.603422793035714,0.0002291425970317,2.243994752564138
2019-04-27 09:00:00,121.87038428866435,3227.0616085443435,19.952305000000003,Spring,2.3217525542063493,0.0002903109958751,2.827433388230814
2019-04-27 10:00:00,124.98833025992796,3428.690737944219,20.571796666666668,Spring,1.9647216533234129,0.0002801659418016,1.2566370614359172
2019-04-27 11:00:00,130.98949650348908,3476.0502673980127,21.08716,Spring,1.6536688113988096,0.000143095166843,1.0546775337051448
2019-04-27 12:00:00,129.79213546755955,3415.256667508522,21.635724999999997,Spring,1.3769384659126982,0.0005529269956507,2.7376735981282483
2019-04-27 13:00:00,110.75787963360573,3634.78659472859,22.167365,Spring,1.2355518413690476,0.000837861722022,4.06163050214109
2019-04-27 14:00:00,80.26873044374477,3615.7795965458513,22.485796666666666,Spring,1.270404382638889,0.0008490076729774,5.1163080358462345
2019-04-27 15:00:00,85.53036251163428,3579.635422250513,22.257673333333333,Spring,1.4035334080059525,0.0010340812126815,3.971870712038524
2019-04-27 16:00:00,92.5088064598642,3284.9538907855253,21.760851666666667,Spring,1.684057609623016,0.0007273780388594,2.962073073384662
2019-04-27 17:00:00,112.60843015033603,3188.3819776946443,21.475863333333333,Spring,2.0225204430257935,0.0006841282406765,2.894753230807738
2019-04-27 18:00:00,126.96872681453443,2783.611249110656,20.980861666666662,Spring,2.3465962467857144,0.000786107440873,2.7601135456538897
2019-04-27 19:00:00,136.59713970254822,2464.807365355747,20.61758,Spring,2.6515699503373016,0.000700329206233,2.5132741228718345
2019-04-27 20:00:00,138.95428937434048,2355.827707843805,20.41972,Spring,2.8454087899206346,0.0007540154612507,2.4459542802949104
2019-04-27 21:00:00,140.71035922368293,2240.4639791468935,20.08064166666667,Spring,2.878200780029762,0.0007766679880691,2.490834175346193
2019-04-27 22:00:00,143.76816080312494,2066.6085064262375,19.649113333333332,Spring,2.7695805955853174,0.0007248693024274,2.7601135456538897
2019-04-27 23:00:00,147.55285281069789,2061.293231547821,19.638058333333333,Spring,2.5448651445634916,0.0010177129222839,2.4683942278205517
2019-04-28 00:00:00,146.5802432786439,2153.315477302217,19.584278333333337,Spring,2.232572306488095,0.0011187360098601,2.535714070397476
2019-04-28 01:00:00,151.02889671720743,2103.645299868712,19.520815,Spring,2.0022993187599205,0.0008401326147276,2.715233650602607
2019-04-28 02:00:00,149.49999682410655,2210.8024342760073,19.46333333333333,Spring,1.8459864751984123,0.0007611913595149,3.0967127585385104
2019-04-28 03:00:00,147.76086465610825,2429.2790732565427,19.369716666666665,Spring,1.8614471310416665,0.0007063527478058,3.0967127585385104
2019-04-28 04:00:00,152.23779400283263,2245.039549510063,19.230185,Spring,2.00940800515873,0.000674489279279,3.074272811012869
2019-04-28 05:00:00,157.47586337641076,1981.817905188282,19.153685,Spring,2.233663967430555,0.0005159842365012,2.782553493179531
2019-04-28 06:00:00,158.96311471139555,2027.388977640177,19.070471666666663,Spring,2.502226110555555,0.0005514413645468,2.917193178333379
2019-04-28 07:00:00,158.23852268820434,1967.015168650428,18.817031666666665,Spring,2.694874515605159,0.0006335253085369,3.253792391218
2019-04-28 08:00:00,158.41276069208496,1997.3265385036293,18.699486666666665,Spring,2.745708524375,0.0001904699436482,2.670353755551324
2019-04-28 09:00:00,158.3739024679448,2136.6284391276213,18.58855,Spring,2.648220850793651,0.000131938115622,2.6479138080256828
2019-04-28 10:00:00,160.19459202126154,2151.318447240687,18.830971666666667,Spring,2.3650253750198416,0.0001422893502181,2.827433388230814
2019-04-28 11:00:00,161.6991789510394,1943.9184814302052,19.349468333333338,Spring,1.9771108662896828,0.0001423652744808,2.1093550674102897
2019-04-28 12:00:00,158.00475417733568,2686.022453461672,20.010785,Spring,1.6841610585416666,0.0003342926688943,4.016750607089806
2019-04-28 13:00:00,144.91452445210157,3527.323382104496,20.873726666666663,Spring,1.355676299107143,0.0010787368158537,4.084070449666731
2019-04-28 14:00:00,125.0044721600373,3946.3493759763023,21.422481666666663,Spring,1.2300837857440476,0.0009876623346873,3.5679516565769793
2019-04-28 15:00:00,112.41339385325846,3764.286227808568,21.559723333333334,Spring,1.2714262754960317,0.0010974309747268,3.523071761525696
2019-04-28 16:00:00,115.60552952905292,3555.5517919102713,21.393065,Spring,1.4571972530952382,0.0009501348972484,3.4108720238974892
2019-04-28 17:00:00,121.75916799790218,3301.455737929242,21.061323333333338,Spring,1.773132659593254,0.0005956476099297,2.580593965448758
2019-04-28 18:00:00,129.8526608663778,2918.736527066235,20.65454833333333,Spring,2.1142410595833336,0.000689637609815,2.4459542802949104
2019-04-28 19:00:00,137.1054726020712,2900.128929898555,20.432341666666662,Spring,2.4604519837599206,0.0006947614014882,2.311314595141062
2019-04-28 20:00:00,142.4874353853047,2634.641576770002,20.135213333333333,Spring,2.765143095575397,0.0006204360079128,2.4235143327692685
2019-04-28 21:00:00,145.07424912211678,2440.521383712633,19.755139999999997,Spring,2.9304069899603173,0.0006800391108199,2.5132741228718345
2019-04-28 22:00:00,144.02099960688955,2323.586022858341,19.448165,Spring,2.924536506448413,0.0004762345895568,2.6254738605000414
2019-04-28 23:00:00,145.2980427299242,2243.853002474917,19.324551666666665,Spring,2.748844219801587,0.0003466945875461,2.827433388230814
2019-04-29 00:00:00,147.1926795750354,2149.2389309299087,19.213851666666667,Spring,2.436539739414682,0.0003677338875723,2.9396331258590207
2019-04-29 01:00:00,148.03680045639288,2079.114035840646,19.245103333333336,Spring,2.1216128037599207,0.0003433705390602,3.074272811012869
2019-04-29 02:00:00,149.61236738729133,2153.5998074221434,19.512171666666667,Spring,1.841884782718254,0.000514517976268,3.006952968435945
2019-04-29 03:00:00,150.18967720569103,2428.808172792029,19.584909999999997,Spring,1.6693504449900791,0.0004492518990053,3.0518328634872276
2019-04-29 04:00:00,148.65515416778123,2457.417356780128,19.575221666666668,Spring,1.7173338150892856,0.0005247711715991,3.612831551628262
2019-04-29 05:00:00,147.81160794447322,2312.112488153178,19.41548,Spring,1.872340445654762,0.0006070225248977,3.231352443692358
2019-04-29 06:00:00,142.69369083114478,2357.700383530363,19.210095000000003,Spring,2.2161053709325396,0.0005316606996275,3.0518328634872276
2019-04-29 07:00:00,139.2867976574028,2430.835465799756,17.189905,Spring,2.0549560447222226,0.0441871883229015,2.0869151198846483
2019-04-29 08:00:00,73.90209674896,2979.5129861122687,18.826020000000003,Spring,2.7584295133035712,0.0006549852984568,1.234197113910276
2019-04-29 09:00:00,66.06497487314476,2448.045159452555,18.817903333333337,Spring,2.8037740994543654,0.0006655768079006,0.942477796076938
2019-04-29 10:00:00,61.348357965412745,2171.473917969806,18.920528333333333,Spring,2.674073693769841,0.0003625281997889,1.481036536692331
2019-04-29 11:00:00,61.09213764930463,2211.1056907287193,19.069183333333335,Spring,2.3975354997916667,0.0002225609428584,1.234197113910276
2019-04-29 12:00:00,64.73169053640473,2962.0683498461767,19.527708333333333,Spring,2.065532586200397,0.0001292400584804,1.8625156446282345
2019-04-29 13:00:00,44.93115610888163,3069.408484735085,20.350354999999997,Spring,1.6609073618650791,0.0002490669656812,3.635271499153903
2019-04-29 14:00:00,43.3495881645168,2530.4227017243475,21.079366666666665,Spring,1.341771644394841,0.0003426071087571,3.523071761525696
2019-04-29 15:00:00,51.249507961337656,2683.8201131790147,21.57439833333333,Spring,1.2371350834325394,0.0003648767315711,3.321112233794924
2019-04-29 16:00:00,54.66808256705277,2788.2528142307,21.627653333333335,Spring,1.3119929996031745,0.0004641959598403,2.9396331258590207
2019-04-29 17:00:00,64.84364868160242,2989.955245034585,21.38373,Spring,1.5740422729365078,0.0007439481416728,2.7376735981282483
2019-04-29 18:00:00,90.30377916327951,3292.3319953033792,20.933771666666665,Spring,1.966286362589286,0.0007832832802183,2.6927937030769655
2019-04-29 19:00:00,118.72820546113203,3401.48453706132,20.27822666666667,Spring,2.353554780515873,0.0008467349746274,2.535714070397476
2019-04-29 20:00:00,105.32454661495858,3408.4185662633217,19.982096666666667,Spring,2.731569173313492,0.0009158122994936,2.5132741228718345
2019-04-29 21:00:00,92.19730430476116,3306.211823238549,19.761163333333332,Spring,2.9845356169146826,0.0007675420177369,2.4010743852436276
2019-04-29 22:00:00,76.83476143094569,3075.648371263106,19.51988,Spring,3.0389877360416673,0.0003604011159027,2.6254738605000414
2019-04-29 23:00:00,67.16360480356177,2639.22335882616,19.30856,Spring,2.9630670414880953,0.0003468436178927,2.6479138080256828
2019-04-30 00:00:00,72.62396904531582,2814.6918596858463,19.36802833333333,Spring,2.688363072103175,0.0004061526356137,2.378634437717986
2019-04-30 01:00:00,78.07301505633393,2994.5976137250927,19.407728333333335,Spring,2.311198807787698,0.0001821174551743,2.4010743852436276
2019-04-30 02:00:00,78.95057457205111,3393.2829386980957,19.60164,Spring,1.961905779097222,0.0001244330360058,2.6479138080256828
2019-04-30 03:00:00,56.98302598083262,3285.72845585194,19.918781666666668,Spring,1.6469626278968252,0.0002132009150188,3.635271499153903
2019-04-30 04:00:00,66.93239785088923,3264.477967199307,19.84686333333333,Spring,1.5287553190277776,0.0001723386966265,3.4108720238974892
2019-04-30 05:00:00,65.76648904430567,3414.946588366847,19.75191166666667,Spring,1.6118940507837305,0.0001537963749333,3.657711446679545
2019-04-30 06:00:00,65.74906174557077,3503.986370067545,19.469886666666664,Spring,1.8779129290178571,0.0001983037239978,2.849873335756455
2019-04-30 07:00:00,81.84449644872609,3916.163437856005,19.271315,Spring,2.2378386449007936,0.0002476418903832,2.827433388230814
2019-04-30 08:00:00,114.4030703151479,4474.941305908422,19.12469,Spring,2.583651818313492,0.0001761560654068,1.1444373238077103
2019-04-30 09:00:00,122.66806813223188,4266.783627276038,19.09843,Spring,2.7956389352876982,0.0001908705219647,1.2566370614359172
2019-04-30 10:00:00,118.30848797884975,3723.9661612373143,19.21753,Spring,2.8710058038888886,0.0001756067119788,2.4235143327692685
2019-04-30 11:00:00,120.65559520991988,3446.0747211922235,19.32021166666667,Spring,2.7742505378968256,0.0001738396667237,2.4459542802949104
2019-04-30 12:00:00,113.90524683098346,3252.564506380276,19.36733,Spring,2.5274434337896823,0.0001753782913437,2.2888746476154207
2019-04-30 13:00:00,107.44611918724812,3492.4470428618647,19.643161666666668,Spring,2.180913620496032,0.0001836548897475,2.2664347000897793
2019-04-30 14:00:00,85.08706687675797,3363.668206320791,20.163955,Spring,1.7375298850992065,0.000221564467504,2.3337545426667035
2019-04-30 15:00:00,63.45623559848912,2961.974241754606,20.622433333333333,Spring,1.4242772646329365,0.0002713442475434,3.500631814000055
2019-04-30 16:00:00,41.063948489775825,2201.3521744425093,20.685728333333333,Spring,1.3053105930059523,0.0003149358905752,3.882110921935958
2019-04-30 17:00:00,46.91480052695913,2551.6226188809433,20.79379,Spring,1.4056601977579366,0.0004153746358564,2.782553493179531
2019-04-30 18:00:00,65.91248563483899,2966.0342079408856,20.521128333333333,Spring,1.733799845625,0.0003467981397056,2.378634437717986
2019-04-30 19:00:00,87.94358232428728,3101.364721188755,20.224721666666667,Spring,2.1151302792361113,0.0003915958115696,2.5132741228718345
2019-04-30 20:00:00,105.69077476186531,3228.35286635225,20.11975,Spring,2.5076133940575396,0.0003476847016961,2.5581540179231173
2019-04-30 21:00:00,111.28132008231916,3487.69879509611,20.038925,Spring,2.879834827043651,0.0002999541749445,2.5581540179231173
2019-04-30 22:00:00,105.65362019963533,3867.884081762864,19.93901333333333,Spring,3.092801767063492,0.0002048983427541,2.4235143327692685
2019-04-30 23:00:00,99.1371797002295,3923.481628657175,19.712978333333336,Spring,3.0992849992460316,0.0001422731845293,2.3337545426667035
2019-05-01 00:00:00,109.85466099903162,3214.6946413189544,19.44102333333333,Spring,2.9070533449007936,8.147140068416623e-05,2.3337545426667035
2019-05-01 01:00:00,117.23385401893222,3338.929935840784,19.50709,Spring,2.539040542797619,4.974464689170659e-05,2.4010743852436276
2019-05-01 02:00:00,109.34811006202229,3650.031339686884,19.449198333333335,Spring,2.156563458531746,4.5531980870580256e-05,2.535714070397476
2019-05-01 03:00:00,75.60859087431618,3520.3622248854317,19.483498333333333,Spring,1.7910402483035712,4.74152742284971e-05,2.6479138080256828
2019-05-01 04:00:00,77.63323494461697,3613.8008273044816,19.407285,Spring,1.4855528992063491,0.0002951835202234,5.744626566564193
2019-05-01 05:00:00,79.89434698393652,3699.471515026065,18.97312,Spring,1.3779987447420634,0.0002699108402165,4.847028665538538
2019-05-01 06:00:00,77.12568488712097,3658.6918561311263,18.89102666666667,Spring,1.5218468770535716,0.0001130347802126,4.353349819974428
2019-05-01 07:00:00,96.9103938441172,3900.51485444005,19.14167666666667,Spring,1.8865506106944443,7.462815222655595e-05,3.2762323387436414
2019-05-01 08:00:00,117.6650068405481,3978.962259049058,19.181913333333338,Spring,2.2988403489484126,5.363318417067965e-05,1.0546775337051448
2019-05-01 09:00:00,135.39404067577038,3803.29410977124,19.13227,Spring,2.621113249325397,6.98013309580534e-05,1.1444373238077103
2019-05-01 10:00:00,148.58695639941658,3485.1281057373285,19.160023333333335,Spring,2.8206808615972223,8.76378454567303e-05,1.2790770089615586
2019-05-01 11:00:00,105.76886081260812,3469.9079221830298,19.135101666666667,Spring,2.88447232359127,7.931470531427059e-05,1.121997376282069
2019-05-01 12:00:00,121.10269985346676,3378.4831187546147,19.471051666666664,Spring,2.7156298450297616,6.07342005235132e-05,1.0995574287564276
2019-05-01 13:00:00,126.91426729099454,3167.806235750342,19.830713333333332,Spring,2.505015888452381,0.0001052790306467,2.356194490192345
2019-05-01 14:00:00,105.0790032856232,3553.9140417754716,20.280033333333332,Spring,2.083114111349206,0.0001415025548938,3.455751918948772
2019-05-01 15:00:00,94.0156827527965,3590.4587250613617,20.808305,Spring,1.689019642470238,0.0001573201175228,3.2762323387436414
2019-05-01 16:00:00,70.06838357983364,3001.1951422634465,21.063593333333333,Spring,1.424850953174603,0.0001891147733133,3.0518328634872276
2019-05-01 17:00:00,61.74004129917627,2947.2231314367477,20.94328,Spring,1.3394009202876984,0.0002890752381111,3.792351131833393
2019-05-01 18:00:00,70.42266485981052,3078.6662028003425,20.643498333333337,Spring,1.498344850654762,0.0001897224383509,2.6479138080256828
2019-05-01 19:00:00,80.58300397852362,3076.2295238776246,20.52744,Spring,1.9051153635416664,0.0002304054887823,2.221554805038497
2019-05-01 20:00:00,93.15308779181224,3084.392082166582,20.31203,Spring,2.3379074147817462,0.0003087510126415,2.3337545426667035
2019-05-01 21:00:00,118.1586392367133,3065.060799839326,19.992568333333335,Spring,2.784099744623016,0.0002813425243585,2.4235143327692685
2019-05-01 22:00:00,134.35305488151985,3461.653265360541,19.774753333333333,Spring,3.083464496329365,0.0002126934840062,2.6254738605000414
2019-05-01 23:00:00,139.5746674974253,3173.7514513142396,19.466168333333332,Spring,3.1697950921527775,0.0001347477383731,2.580593965448758
2019-05-02 00:00:00,136.5923027940704,3022.668769106262,19.13282333333333,Spring,3.1260457396329366,7.404218317744662e-05,2.5581540179231173
2019-05-02 01:00:00,135.94392777288164,2955.1090294709793,19.17495166666667,Spring,2.88686820343254,8.269028894166539e-05,2.243994752564138
2019-05-02 02:00:00,134.55329672444736,3008.224332182907,19.35901833333333,Spring,2.452349335109127,4.402081326351114e-05,2.176674909987214
2019-05-02 03:00:00,120.32468739599032,3549.537413082443,19.642181666666666,Spring,2.038373617390873,0.0001124676871037,3.74747123678211
2019-05-02 04:00:00,111.34465319828664,3690.0687598798822,19.603933333333337,Spring,1.5913171562698414,0.0001424166964191,4.173830239769297
2019-05-02 05:00:00,88.25318833313031,3577.2151639810127,19.229953333333334,Spring,1.3011098672519843,0.0004007444333294,5.789506461615476
2019-05-02 06:00:00,80.59850934329866,3497.7766335693896,18.91561,Spring,1.2449970243055557,0.0001351096505439,5.408027353679572
2019-05-02 07:00:00,106.73575222429358,3757.384907360798,19.100731666666665,Spring,1.4365079148412698,8.008623457699402e-05,4.577749295230841
2019-05-02 08:00:00,118.74691929606048,3812.916402140831,19.29806166666667,Spring,1.8656811314484123,3.9765303404480016e-05,1.0771174812307862
2019-05-02 09:00:00,126.29420275108797,3848.1974656943703,19.235005,Spring,2.3050427807638885,6.477457213872618e-05,1.121997376282069
2019-05-02 10:00:00,127.34082503658468,3742.384451039453,19.148095,Spring,2.627144488740079,4.662655024697968e-05,1.2566370614359172
2019-05-02 11:00:00,126.46765129789446,3729.6190669300977,18.984675,Spring,2.849123448392857,7.775957642141783e-05,1.2117571663846345
2019-05-02 12:00:00,122.4579368545224,3658.8312852454424,19.157213333333335,Spring,2.8915529383531746,5.393026565858427e-05,1.3463968515384828
2019-05-02 13:00:00,137.16996678334664,3353.244934696038,19.530313333333332,Spring,2.784226326746031,0.0001015091986447,3.0518328634872276
2019-05-02 14:00:00,139.57426219687954,2984.988963041037,19.906878333333335,Spring,2.542981407480158,0.0001247450470471,2.423514332769269
2019-05-02 15:00:00,110.29576868636508,3343.7739827466307,20.499311666666664,Spring,2.0602509737599206,0.0001371883378984,2.131795014935931
2019-05-02 16:00:00,75.76938172954056,3215.9209502539607,20.892013333333335,Spring,1.6904474555952382,0.0002283572023254,3.1191527060641517
2019-05-02 17:00:00,57.26561307981443,2909.372511638093,20.777421666666665,Spring,1.4525721000297618,0.0002538947456658,3.478191866474414
2019-05-02 18:00:00,54.30775006471552,2864.7514448800644,20.59327,Spring,1.406749360813492,0.0002497858033832,3.455751918948772
2019-05-02 19:00:00,66.80706275623069,3034.4083462465474,20.440925,Spring,1.6692741599404763,0.0001851907386361,2.2664347000897793
2019-05-02 20:00:00,86.88507365342446,3066.250282083625,20.048536666666667,Spring,2.03463704202381,0.0002203008573165,2.199114857512855
2019-05-02 21:00:00,108.67161595660984,3068.187716391769,19.752908333333338,Spring,2.547207331190476,0.0002205539588689,2.221554805038497
2019-05-02 22:00:00,131.30499521563297,2980.1406549423473,19.477063333333337,Spring,2.9693946332142853,0.0002176950762582,2.3337545426667035
2019-05-02 23:00:00,138.31466541441517,3109.336826430639,19.242483333333332,Spring,3.192608570218254,0.0001633659575544,2.2664347000897793
2019-05-03 00:00:00,143.54958652166852,2975.9412419707264,18.935406666666665,Spring,3.2096954542857143,8.238934386362292e-05,2.378634437717986
2019-05-03 01:00:00,144.60639499993232,3148.5550058584085,18.647845,Spring,3.073199330119047,7.090731609106969e-05,2.3337545426667035
2019-05-03 02:00:00,143.24847410194752,3186.763217242438,18.881486666666667,Spring,2.6915990195932538,7.120126583055925e-05,2.2888746476154207
2019-05-03 03:00:00,137.5170343308249,3459.410744427448,19.273985,Spring,2.1617060871825395,7.334237084166845e-05,2.4235143327692685
2019-05-03 04:00:00,114.73331111814052,3497.594713271399,19.113526666666665,Spring,1.7253460489285717,0.0001437464176179,3.545511709051338
2019-05-03 05:00:00,88.79780230159463,3434.241232813536,18.64910666666667,Spring,1.3331391456349206,0.0002376380365246,4.039190554615448
2019-05-03 06:00:00,78.97896971026276,3388.911436917786,18.354676666666663,Spring,1.1250544783630954,0.0003218878284615,4.9367884556411035
2019-05-03 07:00:00,83.84943227679716,3453.5418025273184,18.342155,Spring,1.1246278010119046,0.0001791617156213,5.273387668525724
2019-05-03 08:00:00,100.839648966577,3605.3247574814354,18.78748,Spring,1.4579710981349208,7.719944229580937e-05,3.186472548641076
2019-05-03 09:00:00,123.55582993194702,3670.029051518541,18.964845,Spring,1.937067495416667,9.736588195930762e-05,3.3435521813205655
2019-05-03 10:00:00,139.9457127558179,3395.5713140451085,18.76901666666667,Spring,2.351723984117063,4.658354828077608e-05,1.481036536692331
2019-05-03 11:00:00,132.57506842713872,3510.1607775352804,18.871053333333336,Spring,2.6936402242261908,5.162743297730513e-05,1.2117571663846345
2019-05-03 12:00:00,129.5528400976711,3461.9807070893175,18.852445,Spring,2.89435505861111,5.7605649452301496e-05,1.0322375861795037
2019-05-03 13:00:00,114.60217595293884,3797.9278794749016,18.933153333333333,Spring,2.9130020725198413,9.519970391741806e-05,3.074272811012869
2019-05-03 14:00:00,114.97558563229046,3707.487122783005,19.251326666666667,Spring,2.8208424918055552,9.534039111770697e-05,2.423514332769269
2019-05-03 15:00:00,99.5546133150036,3412.20541528279,19.682371666666665,Spring,2.420171710595238,0.0002228531858924,1.7503159070000276
2019-05-03 16:00:00,83.65786493393998,3276.9376419570963,20.211738333333336,Spring,1.9074751565376984,0.0001840976447919,1.8176357495769515
2019-05-03 17:00:00,56.01062436902858,2935.627341559848,20.428508333333333,Spring,1.6026895893154762,0.0003239522468889,3.478191866474414
2019-05-03 18:00:00,48.14159603870702,2813.3133757672326,20.270278333333337,Spring,1.4568191320238095,0.0003157218547304,3.680151394205186
2019-05-03 19:00:00,51.86444427512815,2884.609132609479,20.08048,Spring,1.5408759021031746,0.0002545422613688,3.365992128846207
2019-05-03 20:00:00,65.20210873353336,3064.646054288319,19.779483333333335,Spring,1.904650434970238,0.0001950626196386,2.311314595141062
2019-05-03 21:00:00,83.52525617158815,3169.4692388363283,19.513268333333333,Spring,2.359614007222222,0.0002370855742358,2.199114857512855
2019-05-03 22:00:00,102.93478983638758,3262.0248865547483,19.322736666666668,Spring,2.828463727222222,0.0002087789215772,2.3337545426667035
2019-05-03 23:00:00,110.90253861321852,3245.373977550185,19.173254999999997,Spring,3.1788430752579364,0.0002162681534485,2.243994752564138
2019-05-04 00:00:00,115.2133249233644,3221.580735908221,18.964258333333337,Spring,3.277250841101191,0.000138400134488,2.221554805038497
2019-05-04 01:00:00,126.75379264546022,3322.5316536452547,18.54247333333333,Spring,3.2308240972916664,9.993932089819846e-05,2.243994752564138
2019-05-04 02:00:00,127.95354247722916,3313.45408665715,18.333835,Spring,2.946122992222222,8.30809240326835e-05,2.1542349624615724
2019-05-04 03:00:00,124.88777050064265,3233.3239682894728,18.437141666666665,Spring,2.432952324672619,9.428185161825287e-05,2.0869151198846483
2019-05-04 04:00:00,83.57600309908398,3154.124550412182,18.61519666666667,Spring,1.9889848534523804,0.0001140544236579,3.006952968435945
2019-05-04 05:00:00,57.05049625225783,2741.7421978828443,18.31441,Spring,1.4471999281150794,0.0002173225633975,3.680151394205186
2019-05-04 06:00:00,43.47599825462924,2359.027800876308,17.922728333333335,Spring,1.1081997308829366,0.0002874044538692,4.577749295230841
2019-05-04 07:00:00,73.68320116322364,3589.5431360465955,17.18599,Spring,0.9663706370734126,0.0002384942182658,4.891908560589821
2019-05-04 08:00:00,67.28520073020992,3117.964946811552,17.70372166666667,Spring,1.0639329838194445,0.000180693027466,5.004108298218028
2019-05-04 09:00:00,94.67672501371796,3399.93287877669,18.394446666666667,Spring,1.4844411931150792,6.923019845160924e-05,3.725031289256469
2019-05-04 10:00:00,133.76385261065917,3635.433593147252,18.383261666666662,Spring,1.924894820138889,4.717110654996252e-05,2.6479138080256828
2019-05-04 11:00:00,133.49852969750705,3875.254649629391,18.50186666666667,Spring,2.4151721930555556,3.487628548018876e-05,1.413716694115407
2019-05-04 12:00:00,130.51728526143944,3947.1800677029887,18.55480833333333,Spring,2.7784265169841267,6.061504212927996e-05,1.840075697102593
2019-05-04 13:00:00,128.0967658963963,3929.7381281208864,18.575845,Spring,2.9365662974801587,9.474082076344034e-05,2.7376735981282483
2019-05-04 14:00:00,121.36771772590104,3681.7189446074144,18.76731,Spring,2.9310097605257934,7.751737631021819e-05,2.0869151198846483
2019-05-04 15:00:00,104.36759969958663,3511.8501154025275,18.971986666666663,Spring,2.7926047344146823,9.759498892729583e-05,1.772755854525669
2019-05-04 16:00:00,75.84055448916982,3370.3226981709295,19.16742,Spring,2.4202433395238097,9.469667256525356e-05,1.7054360119487446
2019-05-04 17:00:00,59.230102558142235,3209.266182483628,19.48332,Spring,2.0152754959821433,0.0001403373940127,2.243994752564138
2019-05-04 18:00:00,42.80429735962824,2837.120586499219,19.56478,Spring,1.7355489413392855,0.0003320929836038,3.500631814000055
2019-05-04 19:00:00,47.20656532267812,3009.5215553162207,19.374871666666664,Spring,1.6165763436507936,0.0002248874677156,3.231352443692358
2019-05-04 20:00:00,52.71307475015411,3074.3305982962083,19.259688333333333,Spring,1.7529947720138883,0.0002215376392861,3.0967127585385104
2019-05-04 21:00:00,69.40002692735865,3310.9582447427983,19.189138333333336,Spring,2.1444318874900796,0.0001735848132088,2.6030339129744
2019-05-04 22:00:00,87.66869979963056,3422.788452106606,19.158545,Spring,2.5938811452281745,0.00019719385302,2.490834175346193
2019-05-04 23:00:00,116.6998708518184,3731.2133115411743,19.112155,Spring,3.0334199687698415,0.0001405654605297,2.6479138080256828
2019-05-05 00:00:00,123.21691755646148,3796.483177570195,18.996366666666667,Spring,3.299612786230159,0.0001753107744699,2.715233650602607
2019-05-05 01:00:00,122.49041786574962,3725.5003628029226,18.637201666666662,Spring,3.325651713928571,0.0001708604737782,2.782553493179531
2019-05-05 02:00:00,126.78017728276174,3552.409393222972,18.173328333333338,Spring,3.1776851084126987,0.0001412015590234,2.782553493179531
2019-05-05 03:00:00,122.83660538321952,3507.007181325808,18.100688333333338,Spring,2.7746990575992063,0.0001308867030805,2.6479138080256828
2019-05-05 04:00:00,93.7584722285593,3386.934601085051,18.121011666666668,Spring,2.281522123015873,0.000131442075258,2.535714070397476
2019-05-05 05:00:00,46.279601442569096,2785.9960705551175,17.866096666666667,Spring,1.7726004448511907,0.0002130963964788,3.1191527060641517
2019-05-05 06:00:00,23.98956656691738,1785.025812548393,17.313403333333333,Spring,1.2855757261309524,0.0003859094385228,3.859670974410317
2019-05-05 07:00:00,21.339662662157593,1838.6855769424992,16.741405,Spring,0.981200577986111,0.0004053840113677,4.824588718012897
2019-05-05 08:00:00,32.77776248243389,2529.204209113571,16.377335,Spring,0.922044243065476,0.0003072847667091,4.959228403166745
2019-05-05 09:00:00,44.14685437821404,2623.8969980865813,17.142113333333334,Spring,1.1093961868849207,0.0002332312234775,4.487989505128276
2019-05-05 10:00:00,85.87920320070269,3425.116983312432,17.929838333333333,Spring,1.6138071747123015,0.0001018410859706,4.173830239769297
2019-05-05 11:00:00,133.75522311495905,3732.662336374151,17.972298333333335,Spring,2.0917403814781745,0.0001636891884477,4.443109610076993
2019-05-05 12:00:00,137.17878743904754,3556.5287013201464,18.101706666666665,Spring,2.5125985220833336,0.0002102826392361,3.1640326011154345
2019-05-05 13:00:00,136.45870839316132,3537.387981165484,18.246789999999997,Spring,2.7935912884126983,0.0001784851326038,2.5581540179231173
2019-05-05 14:00:00,119.24486828451197,3748.300234479248,18.302475,Spring,2.970114660396826,0.0001471315231409,2.490834175346193
2019-05-05 15:00:00,119.02795621709971,3655.323051746529,18.54572,Spring,2.9343222837103173,0.0001086487990503,1.9522754347308
2019-05-05 16:00:00,106.25029705652936,3499.1873501700356,18.554948333333336,Spring,2.6199754242658733,0.0001291531862776,2.1542349624615724
2019-05-05 17:00:00,91.51009846684812,3391.03496909788,18.657635000000003,Spring,2.2098343994345235,0.0001123480889758,2.176674909987214
2019-05-05 18:00:00,80.14876752200396,3390.5046347157213,18.808896666666666,Spring,1.8822067080555556,0.000207512518948,2.962073073384662
2019-05-05 19:00:00,72.00971867621888,3463.1619486887894,18.76908,Spring,1.6782503607638888,0.0002131466084542,2.9396331258590207
2019-05-05 20:00:00,61.38158004345048,3311.1487183353565,18.633615,Spring,1.650776300813492,0.0002168995081798,3.0518328634872276
2019-05-05 21:00:00,88.06046508890697,3510.326379756418,18.345641666666666,Spring,1.9401281691369048,0.0001979900778438,2.894753230807738
2019-05-05 22:00:00,113.84875975734924,3487.2620909782427,18.206018333333336,Spring,2.388670695257937,0.0002147576362686,2.535714070397476
2019-05-05 23:00:00,124.61251943475916,3401.941329676669,18.254285,Spring,2.886868411547619,0.0002199939906091,2.4683942278205517
2019-05-06 00:00:00,135.97943542085835,3318.946335572563,18.293913333333332,Spring,3.2639002702083335,0.0001779894032301,2.6479138080256828
2019-05-06 01:00:00,140.44783732385915,3219.1265999087223,18.036165,Spring,3.376107336706349,7.730343738745406e-05,2.580593965448758
2019-05-06 02:00:00,136.95755316604726,3228.567807401224,17.905613333333335,Spring,3.3289282788888888,9.05274869725816e-05,2.6254738605000414
2019-05-06 03:00:00,131.04614908375106,3397.1586186189443,17.847275000000003,Spring,3.0264060027579367,0.0001182962198881,3.0967127585385104
2019-05-06 04:00:00,129.21378857902835,3493.444472864308,17.789403333333333,Spring,2.495081093829365,0.0001442635037609,3.253792391218
2019-05-06 05:00:00,113.02992642009188,3626.555891101315,17.552661666666665,Spring,1.981096431676587,0.0001835489107719,3.523071761525696
2019-05-06 06:00:00,57.32992739753169,3050.891908006838,17.456255,Spring,1.4652468980357145,0.0002189748915373,3.9045508694616
2019-05-06 07:00:00,38.19600689699931,2347.246921111996,16.783903333333335,Spring,1.0470926978869044,0.0002520709305277,3.971870712038524
2019-05-06 08:00:00,53.372272754862706,3035.988806254588,16.5449,Spring,0.8874555975297618,0.0001426084968721,5.5875469338847035
2019-05-06 09:00:00,68.00272602192118,3347.9279359219663,16.690798333333333,Spring,0.9056196089980156,0.0001631284665665,5.565106986359062
2019-05-06 10:00:00,62.685877965498435,3289.3599738894677,17.215825,Spring,1.2584093307936508,0.0003072503957658,3.859670974410317
2019-05-06 11:00:00,107.15276725831824,3705.777478998499,17.68189166666667,Spring,1.775742347579365,0.0002571041769215,3.5679516565769793
2019-05-06 12:00:00,119.61614017319673,3703.47882757144,17.739438333333332,Spring,2.2558638159325395,0.0002639330268233,3.2089124961667173
2019-05-06 13:00:00,123.02556382865774,3634.3510422355894,17.925394999999998,Spring,2.6977629703373016,0.0002640694384779,2.6479138080256828
2019-05-06 14:00:00,122.8095021364837,3502.8116263814054,18.212201666666665,Spring,2.9343153273611113,0.0003252220466028,2.4459542802949104
2019-05-06 15:00:00,120.3497471663092,3502.7042656810268,18.435026666666666,Spring,2.97903075265873,0.0001639003126274,2.378634437717986
2019-05-06 16:00:00,118.86009827614444,3506.5911746364077,18.51697,Spring,2.8537628024007935,0.0001366522223641,2.2664347000897793
2019-05-06 17:00:00,116.972483987737,3617.267732049885,18.397493333333333,Spring,2.539733964404762,0.0001214788042867,2.3337545426667035
2019-05-06 18:00:00,114.90999427678496,3598.2305721372495,18.347178333333332,Spring,2.168871901825397,0.0001098224066294,2.311314595141062
2019-05-06 19:00:00,104.87216293267986,3598.258064075214,18.25137833333333,Spring,1.8932835043948413,0.000213280566555,3.141592653589793
2019-05-06 20:00:00,105.24670967788671,3692.304936478339,18.13984333333333,Spring,1.753999343611111,0.000217343928423,3.321112233794924
2019-05-06 21:00:00,113.29693191367186,3684.443996064008,18.060041666666667,Spring,1.8412678590277776,0.0002406083069819,3.478191866474414
2019-05-06 22:00:00,118.92209865864798,3594.326109100118,18.10822,Spring,2.202447843343254,0.0002055985363478,3.0967127585385104
2019-05-06 23:00:00,123.6034081977326,3411.955155146329,18.06876,Spring,2.6363975394047623,0.000247047007932,3.141592653589793
2019-05-07 00:00:00,127.54069253248588,3339.9055845335215,17.992906666666666,Spring,3.089242699761905,0.0001996849680137,3.006952968435945
2019-05-07 01:00:00,129.37183352118603,3327.4416253050413,17.95868,Spring,3.365183543174603,0.0001469832280379,2.894753230807738
2019-05-07 02:00:00,127.53217523661807,3322.543436584626,17.944338333333334,Spring,3.4046773862797624,0.0001004012257328,2.7376735981282483
2019-05-07 03:00:00,126.08897345861476,3488.6794150665705,17.917853333333333,Spring,3.245215476190476,9.008695921879211e-05,2.827433388230814
2019-05-07 04:00:00,126.3897009575838,3461.365168878752,17.845066666666664,Spring,2.7994474881051588,6.721015024740428e-05,3.0518328634872276
2019-05-07 05:00:00,119.5060594383705,3592.368957263954,17.586413333333333,Spring,2.307227827718254,0.0001155495764167,3.231352443692358
2019-05-07 06:00:00,96.00617496259856,3798.966168415538,17.365971666666667,Spring,1.825357484136905,0.0001949360076388,3.680151394205186
2019-05-07 07:00:00,53.72461685447671,3471.442538186939,17.013091666666664,Spring,1.3439222776488091,0.0003240045886031,4.420669662551352
2019-05-07 08:00:00,48.95005012408176,3396.190480909426,16.700936666666667,Spring,1.042206720853175,0.0001978738761364,5.250947721000083
2019-05-07 09:00:00,71.60138580343154,3720.415461992624,16.671791666666667,Spring,1.0874718794642857,0.0004434841961162,6.507584782435999
2019-05-07 10:00:00,68.97475134726687,3005.616900970918,16.880693333333333,Spring,0.9286626241071428,0.0004492071944632,5.385587406153931
2019-05-07 11:00:00,67.98354995653986,2948.025693101391,17.63557666666667,Spring,1.270639972638889,0.0001312486371532,4.196270187294938
2019-05-07 12:00:00,70.1740091250382,3489.2588603035674,18.165098333333333,Spring,1.771452203214286,0.0005078055395924,4.375789767500069
2019-05-07 13:00:00,45.164950774958214,3214.189572174166,18.51561333333333,Spring,2.284177009801587,0.0005405154676278,4.218710134820579
2019-05-07 14:00:00,42.10617990669326,2918.9221064914923,18.677068333333334,Spring,2.6360959156547614,0.000865806354489,3.455751918948772
2019-05-07 15:00:00,59.31865440452235,3103.322456643965,18.85277166666667,Spring,2.8926064329265877,0.0005099128750875,2.4235143327692685
2019-05-07 16:00:00,74.87951551285838,3167.8898320854196,19.028595,Spring,2.9535804401190475,0.0004923003972751,2.1093550674102897
2019-05-07 17:00:00,86.23429073884026,3292.463922409205,19.14425333333333,Spring,2.8515606992857143,0.0005178816749475,1.9747153822564416
2019-05-07 18:00:00,86.71081325529582,3351.8247598989187,19.124566666666663,Spring,2.5490315183333334,0.0005937697202595,2.5581540179231173
2019-05-07 19:00:00,85.59264837830504,3321.852639696268,19.056445,Spring,2.249467034305556,0.000556698146241,2.670353755551324
2019-05-07 20:00:00,92.10481912279232,3360.4250038445753,18.92838,Spring,2.000682171656746,0.0006333438565447,2.8049934407051724
2019-05-07 21:00:00,102.82803585783329,3531.871044855591,18.763105,Spring,1.9075702165873016,0.0006144238760527,3.186472548641076
2019-05-07 22:00:00,104.1602784161013,3591.878602842318,18.690366666666662,Spring,2.0170730692261905,0.0003511250815923,2.7601135456538897
2019-05-07 23:00:00,96.65255816453252,3787.5507624823495,18.546495,Spring,2.3576673975892857,0.000407096850035,2.7601135456538897
2019-05-08 00:00:00,87.75478016434339,3752.525572819228,18.407641666666667,Spring,2.8082310888690474,0.0004961947475288,2.6927937030769655
2019-05-08 01:00:00,84.5907956388108,3706.874725873568,18.312745,Spring,3.176921243392857,0.0005290073767441,2.5581540179231173
2019-05-08 02:00:00,73.8374057863661,3665.2795126715264,18.299768333333336,Spring,3.349880095674603,0.0003688498307812,2.580593965448758
2019-05-08 03:00:00,75.90880006648308,3690.866518583139,18.27793666666667,Spring,3.352882278561508,0.000490892203312,2.490834175346193
2019-05-08 04:00:00,94.230890185108,3698.27553344211,18.25975833333333,Spring,3.146962861547619,0.000487155793907,2.4683942278205517
2019-05-08 05:00:00,94.27606949957224,3713.326241058588,18.25326,Spring,2.6647797011507937,0.0003438229703877,2.580593965448758
2019-05-08 06:00:00,67.78526357930937,3232.8057473663307,18.068716666666667,Spring,2.166323861924603,0.0003475161456226,3.1640326011154345
2019-05-08 07:00:00,57.60801604294268,2587.470170183992,17.973495,Spring,1.6557933264285718,0.0008915597916004,4.487989505128276
2019-05-08 08:00:00,46.624585817966064,2153.4374426983827,17.923206666666665,Spring,1.207042321001984,0.001847790854251,5.722186619038552
2019-05-08 09:00:00,47.98451552685347,2351.2047383681193,17.586025,Spring,1.0036553260416667,0.0002233745646158,5.004108298218028
2019-05-08 10:00:00,52.24235808748978,2954.4835744947504,17.636806666666665,Spring,1.008653759454365,0.0529178917968028,10.367255756846316
2019-05-08 11:00:00,71.21496911149461,3485.908120089566,17.94043,Spring,0.9722704494246032,0.0001271902015519,4.577749295230841
2019-05-08 12:00:00,73.89103387578874,3402.1511907952463,18.446911666666665,Spring,1.3706968885912698,0.0001107144390561,3.478191866474414
2019-05-08 13:00:00,93.36218820903233,3809.794717515544,18.808861666666665,Spring,1.596715972718254,9.966999010257588e-05,3.725031289256469
2019-05-08 14:00:00,110.67660489209128,3991.219971677091,18.97315166666667,Spring,2.33148856843254,0.0007778843763945,3.657711446679545
2019-05-08 15:00:00,105.24060835844408,3753.9078184188543,19.094935,Spring,2.676764164206349,0.0006981613616585,2.5132741228718345
2019-05-08 16:00:00,84.17506609800537,3223.044282086689,19.16252666666667,Spring,2.88002947343254,0.000514118119777,2.0420352248333655
2019-05-08 17:00:00,79.2753098433187,3126.128761149126,19.149608333333333,Spring,2.9320194937202384,0.0006634277874467,1.884955592153876
2019-05-08 18:00:00,82.25373106933044,3056.783332775616,19.168259999999997,Spring,2.8294624104563493,0.0004446912998325,1.884955592153876
2019-05-08 19:00:00,83.47377065474825,3032.3307827720328,19.158055,Spring,2.563130904484127,0.0003704434403524,1.9747153822564416
2019-05-08 20:00:00,83.21236263346145,3089.684383424793,19.12383833333333,Spring,2.297699951964286,0.0002473730000623,2.1093550674102897
2019-05-08 21:00:00,95.81968993032038,3334.1244488252883,19.0605,Spring,2.042602919503969,0.0003777023111141,2.199114857512855
2019-05-08 22:00:00,106.10045611031872,3456.655326148484,18.943293333333333,Spring,1.998313114503968,0.0003154514035331,2.3337545426667035
2019-05-08 23:00:00,113.44046052291696,3608.503947443945,18.813853333333338,Spring,2.132451009831349,0.0002728060450143,2.5132741228718345
2019-05-09 00:00:00,114.75058124777836,3674.674033093037,18.780285,Spring,2.4502971308134924,0.0003455966423512,2.715233650602607
2019-05-09 01:00:00,134.17471140469564,3621.831736347682,18.695395,Spring,2.852718438829365,0.0005280396898568,2.6927937030769655
2019-05-09 02:00:00,126.95483170379352,3664.939458542583,18.6114,Spring,3.171938533313492,0.000566435923006,2.670353755551324
2019-05-09 03:00:00,126.78364075179492,3552.860360393641,18.53921666666667,Spring,3.3007109584424605,0.0004866372047655,2.580593965448758
2019-05-09 04:00:00,111.15657146929053,3369.8307726461653,18.485296666666667,Spring,3.2780691706150793,0.0006234983230204,2.378634437717986
2019-05-09 05:00:00,119.58950561467996,3345.7164798018457,18.423203333333333,Spring,3.0100468961904765,0.0004626802839442,2.423514332769269
2019-05-09 06:00:00,94.30147397880016,3392.074297881186,18.36805,Spring,2.595683075138889,0.0005738380596288,2.4683942278205517
2019-05-09 07:00:00,86.92090023519935,3213.1325540232797,18.275791666666667,Spring,2.131547113055555,0.0004924836899494,2.6927937030769655
2019-05-09 08:00:00,85.65453912905477,3158.12006405959,18.27324666666667,Spring,1.628353300277778,0.0004450827006439,3.0967127585385104
2019-05-09 09:00:00,50.366693040488,2342.078015157355,18.430053333333333,Spring,1.2510011588095238,0.003915598980204,6.8217440477949784
2019-05-09 10:00:00,65.7466242653152,3363.6573933864174,18.350045,Spring,1.072630555019841,0.0009796112823048,4.039190554615448
2019-05-09 11:00:00,84.75375159949593,3896.857357790343,18.320353333333333,Spring,0.8934290411111111,0.0007763369631135,6.507584782435999
2019-05-09 12:00:00,79.63469923999872,3266.1217323729397,18.623776666666668,Spring,1.0240054844246032,0.0004192490634686,3.657711446679545
2019-05-09 13:00:00,105.36374503772149,3444.711612360306,18.925321666666665,Spring,1.3986514360218254,0.0005081971882474,3.4557519189487724
2019-05-09 14:00:00,112.69850626295514,3464.240799848517,18.918918333333338,Spring,1.8283150544246032,0.0006652114783715,3.231352443692358
2019-05-09 15:00:00,121.46894501297,3398.76258222401,18.950673333333334,Spring,2.2901731616666665,0.0006925509676842,3.006952968435945
2019-05-09 16:00:00,107.25916741771168,3637.6224813370504,19.01543666666667,Spring,2.6479214092559524,0.0007602796793272,2.827433388230814
2019-05-09 17:00:00,112.4786227743242,3475.252439318169,19.049236666666665,Spring,2.817853631507937,0.0007433939900447,2.6030339129744
2019-05-09 18:00:00,106.231991082615,3477.0556605109164,19.039436666666667,Spring,2.888149435357143,0.0007465231556709,2.3337545426667035
2019-05-09 19:00:00,108.3257170557927,3370.40401828559,19.015013333333332,Spring,2.8270855242261907,0.0005809042255743,2.2888746476154207
2019-05-09 20:00:00,112.77071138521664,3297.099532441949,18.976288333333333,Spring,2.642660475922619,0.0004924827382868,2.670353755551324
2019-05-09 21:00:00,131.23556480730971,3268.5990876787446,18.956436666666665,Spring,2.4086021804464286,0.0005742842444351,2.9396331258590207
2019-05-09 22:00:00,128.29814421304974,3245.514880856403,18.913715000000003,Spring,2.186338296845238,0.0007043177771704,2.962073073384662
2019-05-09 23:00:00,132.77737913948272,3182.5715456629505,18.826358333333335,Spring,2.111211306785714,0.0005567490934345,2.8049934407051724
2019-05-10 00:00:00,136.70057270664347,3191.129735131115,18.733755,Spring,2.183352143859127,0.000583909633355,3.029392915961586
2019-05-10 01:00:00,144.0755184909398,2945.1673824218433,18.630073333333332,Spring,2.482218324702381,0.0004693190743312,3.0518328634872276
2019-05-10 02:00:00,149.39839805351912,2750.5716018585445,18.57021166666667,Spring,2.8360201658432542,0.0005428990054331,2.827433388230814
2019-05-10 03:00:00,149.63856745618446,2676.8480704876183,18.490336666666668,Spring,3.0882975946924605,0.0003986129882804,2.535714070397476
2019-05-10 04:00:00,147.98112441248395,2875.1814822002952,18.408911666666665,Spring,3.1890757628075397,0.0004172927552456,2.4010743852436276
2019-05-10 05:00:00,143.1353887193471,3188.8536661158587,18.318458333333336,Spring,3.1687791936507934,0.0005411374759111,2.243994752564138
2019-05-10 06:00:00,113.63582788855476,3607.495546049921,18.269391666666667,Spring,2.958820464861111,0.0004597393437592,2.243994752564138
2019-05-10 07:00:00,114.74828840727096,3652.332704006034,18.232796666666665,Spring,2.6527243206944444,0.0003484404258557,2.243994752564138
