hour,d50,sigma2,temperature,season
2018-07-18 12:00:00,26.820727390805466,2793.1429301362905,22.065265,Summer
2018-07-18 13:00:00,72.75098607409058,3561.7235086858464,22.190191666666667,Summer
2018-07-18 14:00:00,72.86271254158754,3638.172733036563,22.17214166666667,Summer
2018-07-18 15:00:00,44.69224979244528,2204.6186457146714,22.260851666666667,Summer
2018-07-18 16:00:00,47.27302447603816,2327.2168066684944,22.49640833333333,Summer
2018-07-18 17:00:00,47.08541606035341,2324.0249036961095,22.50634,Summer
2018-07-18 18:00:00,46.91827414280167,2377.5296287171604,22.526186666666668,Summer
2018-07-18 19:00:00,48.26140423444595,2421.7850191302887,22.466959999999997,Summer
2018-07-18 20:00:00,47.12975336221925,2348.0102988559975,22.185763333333334,Summer
2018-07-18 21:00:00,49.73920390163855,2645.9159034844374,21.823781666666665,Summer
2018-07-18 22:00:00,65.07770044008487,3532.0882752443904,21.87207,Summer
2018-07-18 23:00:00,63.64438214605478,3509.523306819953,21.924035,Summer
2018-07-19 00:00:00,60.6639391466755,3436.0533050728486,22.024839999999998,Summer
2018-07-19 01:00:00,53.590066094192075,3384.4208886526744,21.937698333333334,Summer
2018-07-19 02:00:00,52.78261020719542,3320.6384274923466,21.633103333333334,Summer
2018-07-19 03:00:00,51.95790501847176,3048.3585196904537,21.834595,Summer
2018-07-19 04:00:00,56.9688922350618,3279.2225877367296,21.887316666666667,Summer
2018-07-19 05:00:00,53.32354931898492,3067.3993093138997,21.875625,Summer
2018-07-19 06:00:00,54.61857891732487,2961.6755197214684,21.80040166666667,Summer
2018-07-19 07:00:00,51.63486824665583,2793.9880951720006,21.557636666666667,Summer
2018-07-19 08:00:00,49.97970757662631,2869.228506099079,21.48789833333333,Summer
2018-07-19 09:00:00,62.12982256743983,3449.0500609390865,21.577926666666666,Summer
2018-07-19 10:00:00,63.7654404313858,3978.5333061668116,21.610906666666665,Summer
2018-07-19 11:00:00,70.76233703156183,4602.296000466586,21.74253333333333,Summer
2018-07-19 12:00:00,69.57202839726543,4451.550289071674,21.986593333333335,Summer
2018-07-19 13:00:00,102.71433881676882,4633.179116789906,22.298170000000002,Summer
2018-07-19 14:00:00,126.2902518536249,4310.261833951369,22.361125,Summer
2018-07-19 15:00:00,122.73442316885064,4206.198085654451,22.444790163934428,Summer
2018-07-19 16:00:00,108.50467671085853,3833.9269244493653,22.757074576271187,Summer
2018-07-19 17:00:00,103.5463326785766,3792.0255774043403,22.914649999999998,Summer
2018-07-19 18:00:00,95.06100507775233,3630.8468035260007,22.919047540983605,Summer
2018-07-19 19:00:00,100.3504001214811,3632.186093214866,22.86904745762712,Summer
2018-07-19 20:00:00,104.92666790875265,3692.200078306204,22.638963333333333,Summer
2018-07-19 21:00:00,88.06385628617107,3630.0570932888286,22.332785,Summer
2018-07-19 22:00:00,101.70396344164686,3888.5485843333354,22.12163,Summer
2018-07-19 23:00:00,98.21632169648748,4021.552477294076,22.270306666666666,Summer
2018-07-20 00:00:00,89.91752479351186,4124.061619464983,22.300435,Summer
2018-07-20 01:00:00,71.22014132565549,3978.3890082695225,22.327616666666664,Summer
2018-07-20 02:00:00,67.39327512262426,3868.9773122045217,22.134153333333334,Summer
2018-07-20 03:00:00,65.46066407755585,3515.228816220638,22.12365833333333,Summer
2018-07-20 04:00:00,59.97057396652366,3272.115282748977,22.045408333333334,Summer
2018-07-20 05:00:00,59.472292739719364,3187.5662417243534,21.941845,Summer
2018-07-20 06:00:00,61.46121027343509,3107.7978731000994,22.02308833333333,Summer
2018-07-20 07:00:00,63.13496624437903,3232.9710347984205,21.959423333333334,Summer
2018-07-20 08:00:00,97.58320011307754,4167.0875475298435,21.756901666666668,Summer
2018-07-20 09:00:00,108.405806595086,4238.1585970731885,21.699166666666667,Summer
2018-07-20 10:00:00,111.23477695862775,4550.090505847728,21.897188333333336,Summer
2018-07-20 11:00:00,111.48067048731377,4771.150715435824,22.041256666666666,Summer
2018-07-20 12:00:00,107.35507540092917,4861.850394621621,22.127006666666666,Summer
2018-07-20 13:00:00,89.60867939622139,4675.5094748948195,22.372735,Summer
2018-07-20 14:00:00,78.67561232736182,4008.410004794031,22.668375,Summer
2018-07-20 15:00:00,78.71834607584964,3821.686069996981,22.684363333333334,Summer
2018-07-20 16:00:00,104.06010324016879,3832.499619797249,22.76071166666667,Summer
2018-07-20 17:00:00,46.53308684229404,2370.9281461964774,23.091701666666665,Summer
2018-07-20 18:00:00,43.18247003099023,2169.832080681035,23.347325,Summer
2018-07-20 19:00:00,38.14193292360133,1782.341737349196,23.378498333333333,Summer
2018-07-20 20:00:00,41.310705179303014,2109.460045028465,23.171333333333333,Summer
2018-07-20 21:00:00,42.5811290122413,2143.921785352849,22.781973333333333,Summer
2018-07-20 22:00:00,48.93880422316941,2612.237458786759,22.53747666666667,Summer
2018-07-20 23:00:00,58.1399880670964,3152.1919358374216,22.56199666666667,Summer
2018-07-21 00:00:00,85.61348206154938,3871.7655087301473,22.620866666666664,Summer
2018-07-21 01:00:00,96.7816603742638,4119.826794106365,22.615865,Summer
2018-07-21 02:00:00,64.89804689603528,3797.360399343067,22.56692,Summer
2018-07-21 03:00:00,72.53683066359758,3873.0384507728313,22.527316666666664,Summer
2018-07-21 04:00:00,97.01575554566415,3970.201914670277,22.40688833333333,Summer
2018-07-21 05:00:00,92.89103743646268,3846.2293832592136,22.263975000000002,Summer
2018-07-21 06:00:00,72.00689728729279,3900.413372627283,22.20041666666667,Summer
2018-07-21 07:00:00,92.65557310818227,4117.97178641384,22.254178333333336,Summer
2018-07-21 08:00:00,104.14962834854458,4192.0599470461675,22.255978333333335,Summer
2018-07-21 09:00:00,75.28572122090367,3660.461388064885,22.12105081967213,Summer
2018-07-21 10:00:00,71.86094952990396,3782.5397009541957,22.060710169491525,Summer
2018-07-21 11:00:00,77.21676186609136,4140.217166816793,22.353495000000002,Summer
2018-07-21 12:00:00,95.10341925273104,4444.253446990464,22.52582131147541,Summer
2018-07-21 13:00:00,127.40271116276699,4412.85566745589,22.776483050847457,Summer
2018-07-21 14:00:00,156.0904160867317,4413.069354084513,22.976631666666666,Summer
2018-07-21 15:00:00,72.71493399770878,3728.2200707176066,23.063004918032785,Summer
2018-07-21 16:00:00,67.68102147903127,3307.305486091791,23.07341525423729,Summer
2018-07-21 17:00:00,82.55682118539431,3294.689870941192,23.15198333333333,Summer
2018-07-21 18:00:00,115.08976839382998,3351.827782489886,23.259128333333333,Summer
2018-07-21 19:00:00,128.0063312360988,3073.364758504721,23.109984999999998,Summer
2018-07-21 20:00:00,132.10011324813098,3163.281274364348,23.035533333333333,Summer
2018-07-21 21:00:00,139.37176619928005,3511.547706783405,23.070510000000002,Summer
2018-07-21 22:00:00,141.60274370104696,3554.1400295105186,23.069243333333336,Summer
2018-07-21 23:00:00,126.14017274325626,3637.865907478689,22.822158333333334,Summer
2018-07-22 00:00:00,126.02152764218764,3984.6857507169207,22.782441666666667,Summer
2018-07-22 01:00:00,97.2142189803862,4103.80728492878,22.720630000000003,Summer
2018-07-22 02:00:00,102.07988747087816,4100.373793894774,22.764078333333334,Summer
2018-07-22 03:00:00,60.95252012494737,3588.2067108780593,22.77278,Summer
2018-07-22 04:00:00,65.227711306879,3669.3213429691905,22.835385,Summer
2018-07-22 05:00:00,79.73840414090137,3739.5991542940533,22.610831666666666,Summer
2018-07-22 06:00:00,93.18991852162847,3743.393846415458,22.451275000000003,Summer
2018-07-22 07:00:00,94.32481948418348,3727.339261555383,22.614463333333333,Summer
2018-07-22 08:00:00,102.88642764320726,3956.103505011578,22.607923333333336,Summer
2018-07-22 09:00:00,121.84338706287303,4308.173686382268,22.564078333333335,Summer
2018-07-22 10:00:00,137.17367452887328,4098.848030219351,22.593056666666666,Summer
2018-07-22 11:00:00,141.56437930321187,3941.97277152046,22.472065,Summer
2018-07-22 12:00:00,122.1265189508498,4333.904303341963,22.686556666666668,Summer
2018-07-22 13:00:00,106.80610195616075,4411.735854774466,22.870079999999998,Summer
2018-07-22 14:00:00,76.73615414853646,4361.826223980727,23.046746666666664,Summer
2018-07-22 15:00:00,80.33796482017286,3999.1994869423593,23.17903,Summer
2018-07-22 16:00:00,68.91512810697802,3678.8160991633254,23.24764,Summer
2018-07-22 17:00:00,58.76497931982104,3241.5397364856412,23.246165,Summer
2018-07-22 18:00:00,47.79591575650996,2489.129657144121,23.217801666666666,Summer
2018-07-22 19:00:00,63.268674871761775,2959.3393468783797,23.033040000000003,Summer
2018-07-22 20:00:00,71.55534525127092,3269.3216250610385,22.924590000000002,Summer
2018-07-22 21:00:00,67.74424775751365,3390.3665181037036,22.851845,Summer
2018-07-22 22:00:00,69.93124593588743,3202.8228662230854,22.855331666666665,Summer
2018-07-22 23:00:00,67.09014298561033,3248.263100822621,22.893790000000003,Summer
2018-07-23 00:00:00,67.52692152931377,3174.9070507133774,22.86359666666667,Summer
2018-07-23 01:00:00,70.81846477974157,3575.312028464765,22.797385000000002,Summer
2018-07-23 02:00:00,92.05522456093615,4082.3187506431523,22.66889666666667,Summer
2018-07-23 03:00:00,107.23836255841294,4222.067355864918,22.508926229508198,Summer
2018-07-23 04:00:00,64.59094571277797,3841.641650568766,22.33066440677966,Summer
2018-07-23 05:00:00,63.84988336090234,4041.0522371558254,22.261428333333335,Summer
2018-07-23 06:00:00,78.32093164348332,4062.1411658437937,22.095768852459013,Summer
2018-07-23 07:00:00,85.67286889068086,4096.4591819623565,22.13502372881356,Summer
2018-07-23 08:00:00,78.30718814807139,3775.9542533348736,22.163753333333332,Summer
2018-07-23 09:00:00,94.72688720911626,4123.779974116946,22.136967213114755,Summer
2018-07-23 10:00:00,101.51968454802778,4134.462475475941,22.11112542372881,Summer
2018-07-23 11:00:00,69.69909445484396,3619.810299153043,22.101706666666665,Summer
2018-07-23 12:00:00,58.792179569443576,3412.8483997053772,22.2412737704918,Summer
2018-07-23 13:00:00,57.982670221720795,3671.7461770822993,22.488318644067796,Summer
2018-07-23 14:00:00,59.03250246614151,4052.073307215837,22.698083333333333,Summer
2018-07-23 15:00:00,71.88018897126788,4541.88288781954,22.892609999999998,Summer
2018-07-23 16:00:00,85.20975995290102,4557.273732625961,23.211883333333333,Summer
2018-07-23 17:00:00,70.16582292939654,4271.474816766789,23.187111666666667,Summer
2018-07-23 18:00:00,52.45863686295718,3557.5660930628073,22.932981666666667,Summer
2018-07-23 19:00:00,34.69874836543026,2425.865659250996,22.683775,Summer
2018-07-23 20:00:00,37.59420885071768,2496.4427600617087,22.40308,Summer
2018-07-23 21:00:00,39.424327050584154,3471.0842432433983,22.23532833333333,Summer
2018-07-23 22:00:00,39.81524196452403,2738.471405153262,22.15149166666667,Summer
2018-07-23 23:00:00,38.59267311439453,2518.1913859375336,22.174875,Summer
2018-07-24 00:00:00,40.1851428964207,2492.740759323045,22.184003333333333,Summer
2018-07-24 01:00:00,38.810008097790515,2426.9823772833233,22.224896666666666,Summer
2018-07-24 02:00:00,61.37311811546921,3853.5454447157235,22.335503333333335,Summer
2018-07-24 03:00:00,114.29176193000538,4337.953997411631,22.352915,Summer
2018-07-24 04:00:00,116.58363186519756,4364.43362173003,22.23913,Summer
2018-07-24 05:00:00,103.7974179634686,4475.143211217257,22.062965000000002,Summer
2018-07-24 06:00:00,100.81057329019185,4493.840347216894,21.98548,Summer
2018-07-24 07:00:00,114.93797912971736,4465.3744844014145,21.832335,Summer
2018-07-24 08:00:00,107.1755680023748,4536.349411405506,21.783399999999997,Summer
2018-07-24 09:00:00,67.36094668732859,3510.793602231417,21.83133666666667,Summer
2018-07-24 10:00:00,87.1456316051415,3876.8634134461677,21.84713,Summer
2018-07-24 11:00:00,78.35500991053071,3796.315458810812,21.828638333333334,Summer
2018-07-24 12:00:00,63.57200013538416,3579.1541087081205,21.791108333333334,Summer
2018-07-24 13:00:00,63.02540964185341,3659.712950584721,22.006085,Summer
2018-07-24 14:00:00,56.60411431178342,3804.7166990415913,22.552251666666667,Summer
2018-07-24 15:00:00,50.38323890758414,3756.077812266385,22.72292,Summer
2018-07-24 16:00:00,71.92872879223513,4100.960814716909,22.90856,Summer
2018-07-24 17:00:00,71.54099507361201,4016.36940561373,23.025125,Summer
2018-07-24 18:00:00,62.894833191824446,3840.6936365231904,22.81185833333333,Summer
2018-07-24 19:00:00,43.72915414671895,3204.6355621790926,22.426843333333334,Summer
2018-07-24 20:00:00,37.757111583559976,2790.6110461967623,22.206866666666667,Summer
2018-07-24 21:00:00,40.897067283322315,2802.746022659391,21.98653770491803,Summer
2018-07-24 22:00:00,52.4764046636932,3263.9040685441955,21.91232881355932,Summer
2018-07-24 23:00:00,45.86595126999133,2886.707057032109,21.859045,Summer
2018-07-25 00:00:00,41.98159018163201,2620.609789917854,21.791726229508196,Summer
2018-07-25 01:00:00,39.91939879914615,2489.490607293364,21.978961016949153,Summer
2018-07-25 02:00:00,56.765588338540624,3379.310968856971,22.048348333333333,Summer
2018-07-25 03:00:00,87.9718901382521,3757.1438515519812,22.282716393442623,Summer
2018-07-25 04:00:00,107.47624573685914,3747.29805759146,22.271205084745763,Summer
2018-07-25 05:00:00,108.66739421806807,3803.0532304736153,22.117303333333332,Summer
2018-07-25 06:00:00,101.52134742880023,3956.913647913493,21.90199016393443,Summer
2018-07-25 07:00:00,102.72122223211237,3931.3696942298584,21.781757627118647,Summer
2018-07-25 08:00:00,105.5085095838393,4039.0055982603963,21.534746666666667,Summer
2018-07-25 09:00:00,90.5945598412256,3888.6095832853143,21.612008333333332,Summer
2018-07-25 10:00:00,68.23083533056102,3591.584526199653,21.70658,Summer
2018-07-25 11:00:00,79.25336212612376,3540.729133758561,21.82479,Summer
2018-07-25 12:00:00,73.19800065779148,3410.1460476468733,21.823013333333332,Summer
2018-07-25 13:00:00,58.93730560959086,2957.160192137145,21.747205,Summer
2018-07-25 14:00:00,43.353602922847315,2076.779853541334,22.065111666666667,Summer
2018-07-25 15:00:00,38.20771686891624,2053.120432361744,22.568253333333335,Summer
2018-07-25 16:00:00,36.80964204079187,2126.558679492543,22.747545,Summer
2018-07-25 17:00:00,36.71181575881823,2164.0567207656823,22.880536666666668,Summer
2018-07-25 18:00:00,42.71415779423636,2478.2959453148683,22.78179833333333,Summer
2018-07-25 19:00:00,44.055864905743036,2398.5435275780246,22.277291666666667,Summer
2018-07-25 20:00:00,37.85868814054659,1734.0706954716438,22.14654833333333,Summer
2018-07-25 21:00:00,39.1999026235772,1909.9172867705552,21.912006666666667,Summer
2018-07-25 22:00:00,36.813053495174245,1791.0387962293676,21.81684166666667,Summer
2018-07-25 23:00:00,45.22793354493277,2465.3720578689235,21.700791666666664,Summer
2018-07-26 00:00:00,48.71711600360736,2453.0796482285577,21.646345,Summer
2018-07-26 01:00:00,43.993100916213045,2078.845634214494,21.515758333333334,Summer
2018-07-26 02:00:00,44.339561832030874,2098.4552538075154,21.638121666666667,Summer
2018-07-26 03:00:00,41.98530368119728,1870.4557453843422,21.648413333333334,Summer
2018-07-26 04:00:00,44.190993666745825,2220.0628987383475,21.817568333333334,Summer
2018-07-26 05:00:00,50.70486984741873,2666.2935663841463,21.805936666666664,Summer
2018-07-26 06:00:00,38.25973797438775,2000.304258604509,21.40441666666667,Summer
2018-07-26 07:00:00,24.71763520959025,1247.2142637665388,21.276885,Summer
2018-07-26 08:00:00,29.891399163991007,1900.4125815205916,21.188158333333334,Summer
2018-07-26 09:00:00,48.33001597605531,2296.318815940419,21.20213,Summer
2018-07-26 10:00:00,45.421562889862344,1819.468093945036,21.369685,Summer
2018-07-26 11:00:00,55.315766423213134,2577.030264532003,21.525233333333333,Summer
2018-07-26 12:00:00,60.19758878587933,3004.4616073001353,21.59189,Summer
2018-07-26 13:00:00,44.78721516170103,2149.7291237901663,21.704878333333333,Summer
2018-07-26 14:00:00,37.96760998437692,1758.9736376875858,21.77127,Summer
2018-07-26 15:00:00,35.52181859605554,1727.48523109213,21.960991803278688,Summer
2018-07-26 16:00:00,32.538254455442456,1529.3305654386595,22.352072881355934,Summer
2018-07-26 17:00:00,30.604922778109902,1638.2780715829758,22.55611,Summer
2018-07-26 18:00:00,34.50344475092658,2003.8044334820588,22.496011475409833,Summer
2018-07-26 19:00:00,34.500695286219326,1887.626722466015,21.884055932203392,Summer
2018-07-26 20:00:00,30.32801419050515,1463.8453303591577,21.646825,Summer
2018-07-26 21:00:00,28.642686148544396,1290.7904189338988,21.392203278688527,Summer
2018-07-26 22:00:00,31.7769754342549,1561.8551604206514,21.20311186440678,Summer
2018-07-26 23:00:00,38.649130055124445,1992.8720299191523,21.139041666666667,Summer
2018-07-27 00:00:00,48.10503198167751,2644.2397629144307,21.11343770491803,Summer
2018-07-27 01:00:00,43.88385522028659,2048.6035281099357,21.108430508474576,Summer
2018-07-27 02:00:00,43.63694178949593,1969.3007747745992,21.209319999999998,Summer
2018-07-27 03:00:00,45.737467056201204,1976.440130525301,21.285653333333336,Summer
2018-07-27 04:00:00,47.14896428301063,2225.664549068914,21.382861666666667,Summer
2018-07-27 05:00:00,42.550028389467,2071.829392369539,21.68226333333333,Summer
2018-07-27 06:00:00,153.77596918041235,3615.3359667175164,21.105071666666667,Summer
2018-07-27 07:00:00,28.989028750015702,1552.4759463956452,20.966416666666664,Summer
2018-07-27 08:00:00,49.50980950833656,3732.8944153895395,20.94065,Summer
2018-07-27 09:00:00,118.5715186201073,3986.0688348803833,21.029518333333332,Summer
2018-07-27 10:00:00,68.96264128851647,4377.624627207861,21.101895,Summer
2018-07-27 11:00:00,43.25162631040107,2354.576731385066,21.1328,Summer
2018-07-27 12:00:00,45.524228855577356,2271.27233075504,21.258013333333334,Summer
2018-07-27 13:00:00,37.65088274665044,1881.6891540994518,21.369775,Summer
2018-07-27 14:00:00,38.21905183743003,1996.176000520384,21.454896666666667,Summer
2018-07-27 15:00:00,39.592552973374005,1860.6873614679353,21.608688333333337,Summer
2018-07-27 16:00:00,31.532066924416203,1420.5769680313979,22.034045,Summer
2018-07-27 17:00:00,28.76513668563934,1312.8488194336614,22.246815,Summer
2018-07-27 18:00:00,30.355719058724503,1531.9905021461693,22.363819999999997,Summer
2018-07-27 19:00:00,39.66271162533328,2191.003649808491,22.120001666666667,Summer
2018-07-27 20:00:00,34.14288097085797,1702.9212533997738,21.42825333333333,Summer
2018-07-27 21:00:00,33.13465460668063,1637.7886464232374,21.214535,Summer
2018-07-27 22:00:00,28.014112493641136,1327.085699020816,21.042976666666668,Summer
2018-07-27 23:00:00,38.296477796468025,1993.8946287954532,21.006261666666667,Summer
2018-07-28 00:00:00,47.25325909502641,2638.7234390842423,20.950505,Summer
2018-07-28 01:00:00,42.08570633422671,2146.041134399239,20.871045,Summer
2018-07-28 02:00:00,40.64371285336068,1752.3643524822878,20.902046666666667,Summer
2018-07-28 03:00:00,41.901920557413376,1724.580214496279,21.00824,Summer
2018-07-28 04:00:00,46.59253850289068,2062.738351871416,21.105623333333334,Summer
2018-07-28 05:00:00,48.586479618809335,2414.257151637612,21.351223333333333,Summer
2018-07-28 06:00:00,44.35027273030021,2265.3886363056968,21.113591666666665,Summer
2018-07-28 07:00:00,39.18269773361344,2474.057194234665,20.667975000000002,Summer
2018-07-28 08:00:00,22.446896168917387,1299.5007891651092,20.570591666666665,Summer
2018-07-28 09:00:00,25.824004351050636,1722.9548509424662,20.66135081967213,Summer
2018-07-28 10:00:00,53.09139123521429,2490.390762260791,20.730442372881356,Summer
2018-07-28 11:00:00,50.32455869240644,2251.9553741901336,20.846645000000002,Summer
2018-07-28 12:00:00,58.423752929098356,2553.4798930436104,20.921709836065574,Summer
2018-07-28 13:00:00,76.57057947411607,3339.0255925715246,20.912869491525424,Summer
2018-07-28 14:00:00,58.21415386362189,2821.2473768066975,20.98594166666667,Summer
2018-07-28 15:00:00,43.37500203415587,1976.6470882526867,21.29337049180328,Summer
2018-07-28 16:00:00,38.37647487451791,1717.5195972114661,21.676913559322035,Summer
2018-07-28 17:00:00,33.74883951059478,1471.4886300958738,21.757648333333336,Summer
2018-07-28 18:00:00,31.568526611760483,1491.9641201416289,21.77347868852459,Summer
2018-07-28 19:00:00,48.09657066052173,2676.5513221493834,21.820110169491528,Summer
2018-07-28 20:00:00,53.886894641843625,2787.1269270344455,21.79225166666667,Summer
2018-07-28 21:00:00,41.88138419058209,2147.7019066853204,21.180221666666668,Summer
2018-07-28 22:00:00,33.01931470286445,1494.5951965118684,20.893763333333332,Summer
2018-07-28 23:00:00,32.7922419568805,1487.802995324765,20.786696666666668,Summer
2018-07-29 00:00:00,41.64939423271578,2080.5608478233435,20.822911666666666,Summer
2018-07-29 01:00:00,55.647957963718575,2845.1444515313133,20.762476666666664,Summer
2018-07-29 02:00:00,51.05290190399808,2366.41416200112,20.64322,Summer
2018-07-29 03:00:00,48.466109269508046,2136.61554443169,20.782348333333335,Summer
2018-07-29 04:00:00,44.774450914644014,1907.668770808225,20.94473833333333,Summer
2018-07-29 05:00:00,55.65922997180952,2833.9404712790915,21.132716666666667,Summer
2018-07-29 06:00:00,59.56455513016968,2948.1736329521214,21.214265,Summer
2018-07-29 07:00:00,37.678230367917365,2126.8404609499084,21.008221666666667,Summer
2018-07-29 08:00:00,56.43063198263299,3887.681205360384,20.784701666666667,Summer
2018-07-29 09:00:00,93.77412650199439,5418.747153902805,20.837806666666665,Summer
2018-07-29 10:00:00,52.885554450032856,2919.521073817261,21.029708333333335,Summer
2018-07-29 11:00:00,55.476952379074255,2609.2184533096483,21.0389,Summer
2018-07-29 12:00:00,40.087233973588745,1537.694577756501,20.977281666666666,Summer
2018-07-29 13:00:00,47.47862994422375,2109.0152971542943,20.912468333333333,Summer
2018-07-29 14:00:00,37.62422301403274,1513.8388816745203,20.871098333333336,Summer
2018-07-29 15:00:00,35.75878781714272,1604.709730072414,20.948625,Summer
2018-07-29 16:00:00,39.02699053845062,1953.2758834385966,21.19127,Summer
2018-07-29 17:00:00,38.126892357070474,1964.0894812175027,21.383255000000002,Summer
2018-07-29 18:00:00,36.36965720123032,1866.729031360711,21.66355666666667,Summer
2018-07-29 19:00:00,38.27248250835278,2275.661361434578,21.612025,Summer
2018-07-29 20:00:00,49.51447404554149,2808.2854716097977,21.290006666666667,Summer
2018-07-29 21:00:00,52.88943008714497,2963.080813901578,20.956081666666666,Summer
2018-07-29 22:00:00,40.14548838816057,2250.4763522392886,20.57606666666667,Summer
2018-07-29 23:00:00,40.02285454433641,1835.4945931742059,20.567828333333335,Summer
2018-07-30 00:00:00,49.304209713711586,2381.5685432013206,20.54187704918033,Summer
2018-07-30 01:00:00,64.31856370621009,3054.4070486876994,20.487533898305085,Summer
2018-07-30 02:00:00,56.61736750984275,2768.3352020174425,20.476786666666666,Summer
2018-07-30 03:00:00,44.94656772799423,2084.284201476614,20.44122295081967,Summer
2018-07-30 04:00:00,42.10845344113354,1939.1999596048154,20.607152542372884,Summer
2018-07-30 05:00:00,43.24559250052454,2369.1844664978353,20.657381666666666,Summer
2018-07-30 06:00:00,67.77454823789036,3411.7722048154806,20.582839344262297,Summer
2018-07-30 07:00:00,95.76198877864576,3867.283410667401,20.580622033898305,Summer
2018-07-30 08:00:00,118.27263266638525,4200.871604535689,20.309143333333335,Summer
2018-07-30 09:00:00,138.8303130986425,4535.848408827187,20.22190655737705,Summer
2018-07-30 10:00:00,130.05844199346205,4631.314018395743,20.420110169491526,Summer
2018-07-30 11:00:00,92.89515513355298,4353.773124468393,20.56495,Summer
2018-07-30 12:00:00,68.14066220206954,3503.175132923782,20.590439344262293,Summer
2018-07-30 13:00:00,48.39021077494513,2496.864600337441,20.61917966101695,Summer
2018-07-30 14:00:00,42.77372374483225,2296.0011184455157,20.710941666666667,Summer
2018-07-30 15:00:00,39.60279970423774,2221.850233791847,20.799221666666668,Summer
2018-07-30 16:00:00,39.1511397642186,2145.58356416443,20.892668333333333,Summer
2018-07-30 17:00:00,35.6871700657223,2097.8676338374617,21.057596666666665,Summer
2018-07-30 18:00:00,37.86131832802347,2542.854157224623,21.336543333333335,Summer
2018-07-30 19:00:00,42.2430102247974,3045.6134290959926,21.32943,Summer
2018-07-30 20:00:00,101.69380228780349,4084.600572696511,21.3922,Summer
2018-07-30 21:00:00,109.0265068330007,3937.6255172055667,21.28023166666667,Summer
2018-07-30 22:00:00,103.12989576308733,3867.84484958738,20.638088333333332,Summer
2018-07-30 23:00:00,57.81286831081772,3592.5601451539223,20.43663666666667,Summer
2018-07-31 00:00:00,44.63468940854714,2673.242740300757,20.409991666666667,Summer
2018-07-31 01:00:00,49.602221270453846,2806.7281486681386,20.376430000000003,Summer
2018-07-31 02:00:00,52.855503378336465,2918.7022578259525,20.331081666666666,Summer
2018-07-31 03:00:00,53.18885490110398,2932.3118581892195,20.275845,Summer
2018-07-31 04:00:00,49.37606840171564,2940.927746962253,20.24322833333333,Summer
2018-07-31 05:00:00,53.034380500871904,3117.0875176429436,20.41042666666667,Summer
2018-07-31 06:00:00,89.15199875140803,3941.192068814089,20.62774,Summer
2018-07-31 07:00:00,110.06790286353782,3692.592109193484,20.7101,Summer
2018-07-31 08:00:00,116.39593204397553,3644.2261492897524,20.641894999999998,Summer
2018-07-31 09:00:00,107.7163592667304,3959.574546373271,20.543878333333332,Summer
2018-07-31 10:00:00,118.11219430647432,3977.536419421112,20.562773333333332,Summer
2018-07-31 11:00:00,119.90993082175748,3860.3030328452624,20.525678333333335,Summer
2018-07-31 12:00:00,118.28597993289294,3851.4047305010736,20.517105,Summer
2018-07-31 13:00:00,71.23224832203942,3660.556649720942,20.594545,Summer
2018-07-31 14:00:00,51.616724481705425,3354.479118278099,20.565616666666664,Summer
2018-07-31 15:00:00,44.3848453787959,3059.8773488526454,20.6103131147541,Summer
2018-07-31 16:00:00,42.5355068029251,2905.6006298096854,20.672503389830506,Summer
2018-07-31 17:00:00,43.835300690421434,3083.4541875840514,20.79632333333333,Summer
2018-07-31 18:00:00,47.01843351956519,3325.0753741317512,20.87921147540984,Summer
2018-07-31 19:00:00,60.209871378940775,3615.6592250393783,20.990298305084746,Summer
2018-07-31 20:00:00,102.93057321910842,3750.924323513014,21.08572333333333,Summer
2018-07-31 21:00:00,118.31962767215599,3406.883854438541,21.0249868852459,Summer
2018-07-31 22:00:00,130.01029718235657,3411.6963354152685,20.705088135593222,Summer
2018-07-31 23:00:00,130.90991081342904,3599.8381117474314,20.25113,Summer
2018-08-01 00:00:00,93.29882666227047,3862.060150729948,20.152285245901638,Summer
2018-08-01 01:00:00,65.7258860851342,3591.7486890659648,20.14575593220339,Summer
2018-08-01 02:00:00,71.30837885417904,3538.7883712606767,20.137563333333333,Summer
2018-08-01 03:00:00,72.23224796296756,3549.8672285637194,20.05397704918033,Summer
2018-08-01 04:00:00,65.27329924526695,3488.7016154345665,20.002989830508476,Summer
2018-08-01 05:00:00,74.41166998651254,3650.9690582958574,20.21735,Summer
2018-08-01 06:00:00,95.37953080197043,3703.8071139725007,20.146631666666668,Summer
2018-08-01 07:00:00,106.58067954701794,3588.446838835517,20.356091666666668,Summer
2018-08-01 08:00:00,28.601613688866344,2548.5567995744377,20.499385,Summer
2018-08-01 09:00:00,20.489754895640907,2569.076921616568,20.28638,Summer
2018-08-01 10:00:00,17.633565535811094,1732.3366143794437,20.256944999999998,Summer
2018-08-01 11:00:00,18.967752962273362,1863.2226440513498,20.461615,Summer
2018-08-01 12:00:00,50.499737636051165,2439.8860804620954,20.47026,Summer
2018-08-01 13:00:00,51.134391841201605,2479.7807337090144,20.47822,Summer
2018-08-01 14:00:00,42.12376383129905,1883.6343161434784,20.488555,Summer
2018-08-01 15:00:00,36.5859268611499,1591.2339993472801,20.466303333333332,Summer
2018-08-01 16:00:00,33.88998770548846,1492.4905218619597,20.517355000000002,Summer
2018-08-01 17:00:00,34.41180463412215,1725.5186865268702,20.57079333333333,Summer
2018-08-01 18:00:00,31.923452741144125,1536.7952141640671,20.692088333333334,Summer
2018-08-01 19:00:00,37.184484841357914,2067.317784239753,20.943566666666666,Summer
2018-08-01 20:00:00,40.35794748333634,2197.2723773398566,21.009576666666664,Summer
2018-08-01 21:00:00,56.90654565894572,2737.6189675405576,21.035481666666666,Summer
2018-08-01 22:00:00,59.25028485189734,2767.913272903121,20.7002,Summer
2018-08-01 23:00:00,49.540096069982894,2481.4359250941916,20.22114,Summer
2018-08-02 00:00:00,38.47153436435835,1803.1831801795818,19.969316666666664,Summer
2018-08-02 01:00:00,34.88624415687124,1725.2805944942686,19.902701666666665,Summer
2018-08-02 02:00:00,28.75701415260217,1562.6522369561094,19.832150000000002,Summer
2018-08-02 03:00:00,29.201207038418108,1675.9872593859627,19.796699999999998,Summer
2018-08-02 04:00:00,43.37145408681111,2624.4014121277864,19.74076,Summer
2018-08-02 05:00:00,47.16099893122016,2321.543755542463,19.737255,Summer
2018-08-02 06:00:00,53.15129924144765,2775.865086945075,19.718668852459015,Summer
2018-08-02 07:00:00,50.265821091847215,2643.3829737667693,19.823013559322035,Summer
2018-08-02 08:00:00,57.48267032419068,2964.071187549014,19.85079,Summer
2018-08-02 09:00:00,79.81355364546958,4586.087846799061,19.914024590163933,Summer
2018-08-02 10:00:00,98.59036085941406,5145.578992090177,20.020045762711867,Summer
2018-08-02 11:00:00,70.94081351391148,4306.121098409449,20.163911666666667,Summer
2018-08-02 12:00:00,75.77831209006288,4286.001272303429,20.260024590163933,Summer
2018-08-02 13:00:00,46.06643607532989,2297.6091978260715,20.254147457627116,Summer
2018-08-02 14:00:00,30.160363461680795,1394.1818839463635,20.274684999999998,Summer
2018-08-02 15:00:00,26.66867128167808,1380.2829572165697,20.255467213114752,Summer
2018-08-02 16:00:00,28.345918441687267,1464.8103965572461,20.279518644067796,Summer
2018-08-02 17:00:00,31.627327385752135,1768.8085140716878,20.314663333333332,Summer
2018-08-02 18:00:00,32.00437521272272,1894.4805732042087,20.401377049180326,Summer
2018-08-02 19:00:00,34.33245670814287,2192.546954578729,20.63658813559322,Summer
2018-08-02 20:00:00,36.59052803994538,2264.9023230466096,20.97492,Summer
2018-08-02 21:00:00,54.99841941752783,2764.500825604465,21.047306666666667,Summer
2018-08-02 22:00:00,49.69633710481749,2505.24738070478,20.548765,Summer
2018-08-02 23:00:00,54.5057368141146,2785.103821644024,20.3944,Summer
2018-08-03 00:00:00,58.622875401196744,2947.2294151125925,20.191405,Summer
2018-08-03 01:00:00,54.67803451845856,2532.2275514687717,19.969046666666667,Summer
2018-08-03 02:00:00,53.19840790605089,2542.94220257938,19.850250000000003,Summer
2018-08-03 03:00:00,66.86940662908987,3011.899651932521,19.756385,Summer
2018-08-03 04:00:00,80.40071210247478,3324.478212521498,19.689081666666667,Summer
2018-08-03 05:00:00,57.80221870214959,2794.8715342804435,19.702743333333334,Summer
2018-08-03 06:00:00,53.40281628931372,2583.383573375283,19.991913333333333,Summer
2018-08-03 07:00:00,51.55819279222004,2505.2298158024896,20.334323333333334,Summer
2018-08-03 08:00:00,57.33956166822648,3019.2089975722783,20.330118333333335,Summer
2018-08-03 09:00:00,69.83569833706927,3613.8357457672555,20.278441666666666,Summer
2018-08-03 10:00:00,115.14658636061398,4645.9178881059115,20.171153333333333,Summer
2018-08-03 11:00:00,141.85861408734013,4895.573826679637,20.150778333333335,Summer
2018-08-03 12:00:00,140.90012869197534,4795.302067087678,20.432293333333334,Summer
2018-08-03 13:00:00,61.49204318367328,3473.025981454659,20.815715,Summer
2018-08-03 14:00:00,54.10772418531066,2910.135889653482,20.663573333333332,Summer
2018-08-03 15:00:00,41.62133295065118,2026.6051210723708,20.499256666666668,Summer
2018-08-03 16:00:00,41.345513960856515,2061.8774547951534,20.503196666666668,Summer
2018-08-03 17:00:00,41.14496945359063,2129.0740391403024,20.562841666666667,Summer
2018-08-03 18:00:00,45.68102461976143,2478.2743260802526,20.576040983606557,Summer
2018-08-03 19:00:00,52.24465054681311,2758.4375833440736,20.80211525423729,Summer
2018-08-03 20:00:00,56.411877838408074,2900.3995531004966,20.903285,Summer
2018-08-03 21:00:00,68.46733054952372,3378.865492974388,20.966337704918033,Summer
2018-08-03 22:00:00,90.5153361643683,3710.43539445794,21.145530508474575,Summer
2018-08-03 23:00:00,107.69352190715686,3769.8210287870206,21.169875,Summer
2018-08-04 00:00:00,118.59650724782895,3924.71056981744,21.05676065573771,Summer
2018-08-04 01:00:00,114.65627279429728,3882.3466273843346,20.964615254237287,Summer
2018-08-04 02:00:00,116.5886908069952,3948.026111633458,20.682468333333336,Summer
2018-08-04 03:00:00,107.46364380893031,3889.969505164946,20.538531147540983,Summer
2018-08-04 04:00:00,80.26596259365132,3891.8098665859548,20.300549152542374,Summer
2018-08-04 05:00:00,71.49892027972078,3693.450737036229,20.13866833333333,Summer
2018-08-04 06:00:00,59.378929120985006,3542.280420013054,20.17392950819672,Summer
2018-08-04 07:00:00,69.53690837342656,3700.0375993282114,20.275106779661016,Summer
2018-08-04 08:00:00,80.19604858414823,3959.339266795559,20.41524666666667,Summer
2018-08-04 09:00:00,81.41953010627134,4108.087257768702,20.470411475409836,Summer
2018-08-04 10:00:00,90.72471363604049,4166.216055510637,20.639237288135593,Summer
2018-08-04 11:00:00,132.2622089334753,4241.653701577265,20.887255,Summer
2018-08-04 12:00:00,138.6789139466461,3885.5503190669556,21.073518333333332,Summer
2018-08-04 13:00:00,119.17974393414096,3940.7306390660933,21.04664166666667,Summer
2018-08-04 14:00:00,102.77894822173491,3971.895222557008,20.981415000000002,Summer
2018-08-04 15:00:00,61.136147895182205,3714.323526948806,20.802781666666665,Summer
2018-08-04 16:00:00,45.33529179171279,3070.9624980320104,20.812818333333333,Summer
2018-08-04 17:00:00,42.38946643127373,2793.055868902092,20.94569,Summer
2018-08-04 18:00:00,43.908207288812335,2844.863211973321,21.017788333333332,Summer
2018-08-04 19:00:00,48.724444039351496,3046.005014958312,21.07707,Summer
2018-08-04 20:00:00,58.5415146176728,3275.0871082299673,21.043416666666666,Summer
2018-08-04 21:00:00,58.97865781356026,3398.526731046478,20.906765,Summer
2018-08-04 22:00:00,74.88415434101651,3792.602772606956,20.9811,Summer
2018-08-04 23:00:00,113.75374006384969,3989.252446756169,20.914245,Summer
2018-08-05 00:00:00,117.37342796735396,4032.261099751625,20.814081666666667,Summer
2018-08-05 01:00:00,112.27586461331771,3928.5776726323033,20.684626666666666,Summer
2018-08-05 02:00:00,119.54531195042614,3969.182121724114,20.419095000000002,Summer
2018-08-05 03:00:00,112.27424011883693,3838.8448110486625,20.094668333333335,Summer
2018-08-05 04:00:00,90.4898551853122,3778.1105849070027,20.18976,Summer
2018-08-05 05:00:00,60.5355772105455,3449.4875196479943,20.161186666666666,Summer
2018-08-05 06:00:00,64.30457580191438,3402.2708233560625,20.090988333333332,Summer
2018-08-05 07:00:00,61.86553697779014,3343.4528492669115,20.057465,Summer
2018-08-05 08:00:00,68.27655433110047,3575.5891683408463,20.157601666666668,Summer
2018-08-05 09:00:00,80.83820749867175,3914.0014674593476,20.4101,Summer
2018-08-05 10:00:00,116.01439649366537,4232.786871611919,20.52397288135593,Summer
2018-08-05 11:00:00,132.977909476773,4144.700682445998,20.624551666666665,Summer
2018-08-05 12:00:00,134.0967398830385,4000.3423034811926,20.66027704918033,Summer
2018-08-05 13:00:00,142.4374427879789,3933.7700963458974,20.653266101694914,Summer
2018-08-05 14:00:00,137.27991589236606,3857.7662547684113,20.99744666666667,Summer
2018-08-05 15:00:00,114.53595561044759,3915.6363170707673,21.370637704918032,Summer
2018-08-05 16:00:00,88.37718400937396,3829.7280804686234,21.045996610169492,Summer
2018-08-05 17:00:00,62.062849016500905,3648.5045806080625,20.964296666666666,Summer
2018-08-05 18:00:00,55.281973578562884,3353.665102845927,20.904901639344263,Summer
2018-08-05 19:00:00,56.961385492633426,3374.07463633642,20.84618983050847,Summer
2018-08-05 20:00:00,74.48579680170143,3553.589469951283,20.86982833333333,Summer
2018-08-05 21:00:00,97.77078955510692,3676.8812927888466,20.94425081967213,Summer
2018-08-05 22:00:00,111.2005213074184,3657.02999619494,20.95040847457627,Summer
2018-08-05 23:00:00,113.01174473614172,3480.857710885418,21.16094,Summer
2018-08-06 00:00:00,117.36234576890863,3396.689493758414,21.18083770491803,Summer
2018-08-06 01:00:00,118.12887688653106,3294.7267702019135,20.91064406779661,Summer
2018-08-06 02:00:00,111.04536610382783,3156.1311567358653,20.654121666666665,Summer
2018-08-06 03:00:00,112.90296632659384,3360.763369463094,20.513371666666668,Summer
2018-08-06 04:00:00,117.7157896037279,3454.0039626240314,20.64979,Summer
2018-08-06 05:00:00,121.0894811068979,3511.189154737609,20.420216666666665,Summer
2018-08-06 06:00:00,110.97682345279827,3524.1776993370086,20.22528,Summer
2018-08-06 07:00:00,95.49475296819195,3547.426669917273,20.092211666666667,Summer
2018-08-06 08:00:00,94.15704230601426,3683.485463832205,20.080631666666665,Summer
2018-08-06 09:00:00,100.43992844050504,3703.587434675577,20.105098333333334,Summer
2018-08-06 10:00:00,110.00843180520208,3817.889328660901,20.27395,Summer
2018-08-06 11:00:00,116.68143872693355,3937.409439835456,21.005381666666665,Summer
2018-08-06 12:00:00,133.85463262288948,4098.10157576855,21.272123333333333,Summer
2018-08-06 13:00:00,124.7111323946944,3958.7336760636776,21.461658333333332,Summer
2018-08-06 14:00:00,125.5195124418617,3669.217555867053,21.677023333333334,Summer
2018-08-06 15:00:00,117.86084978247416,3526.9827690414872,21.728416666666664,Summer
2018-08-06 16:00:00,119.65584623670748,3976.4410731875087,21.459296666666667,Summer
2018-08-06 17:00:00,125.49813855191637,4137.89919174699,21.113094999999998,Summer
2018-08-06 18:00:00,127.04635764798454,4244.541899037873,21.018453333333333,Summer
2018-08-06 19:00:00,123.72651071618682,4214.706687347628,20.919548333333335,Summer
2018-08-06 20:00:00,122.03124616820038,4445.607490847142,20.857689999999998,Summer
2018-08-06 21:00:00,143.71248578273935,4495.8269309231855,20.811376666666668,Summer
2018-08-06 22:00:00,148.20247697815282,4212.415809898548,20.811316666666666,Summer
2018-08-06 23:00:00,152.48022601533302,4153.546864320841,20.895905000000003,Summer
2018-08-07 00:00:00,150.46876470399502,4197.934230579855,21.07865737704918,Summer
2018-08-07 01:00:00,144.97509411715683,4244.999113484124,21.307113559322033,Summer
2018-08-07 02:00:00,142.4493706955214,4085.187399204056,21.374941666666665,Summer
2018-08-07 03:00:00,139.6524951511552,4110.784451912159,21.1199868852459,Summer
2018-08-07 04:00:00,143.75210667407765,4120.540265138745,20.958767796610168,Summer
2018-08-07 05:00:00,140.7570714961076,4059.046843231441,20.679583333333333,Summer
2018-08-07 06:00:00,140.38280324452654,3953.3926462995437,20.51514426229508,Summer
2018-08-07 07:00:00,138.36801553382028,4107.855658267492,20.29566779661017,Summer
2018-08-07 08:00:00,128.13978723253464,4222.607073997817,20.214886666666665,Summer
2018-08-07 09:00:00,133.41345583693794,4215.180293758151,20.23289180327869,Summer
2018-08-07 10:00:00,135.05029567003794,4218.580639821084,20.228269491525424,Summer
2018-08-07 11:00:00,133.79921333644808,4184.141988558647,20.156371666666665,Summer
2018-08-07 12:00:00,133.2905774732261,4227.321848500644,20.53938032786885,Summer
2018-08-07 13:00:00,147.36159210919607,4420.77866439125,20.984954237288136,Summer
2018-08-07 14:00:00,146.5977308036965,4324.299178344105,21.210755,Summer
2018-08-07 15:00:00,145.9599601543858,4258.708400766376,21.450022950819672,Summer
2018-08-07 16:00:00,143.30396222166607,4135.5661294815645,21.33146779661017,Summer
2018-08-07 17:00:00,143.77474704067106,4118.2775980624165,20.696738333333332,Summer
2018-08-07 18:00:00,132.2417763676293,4163.905725785171,20.619086666666664,Summer
2018-08-07 19:00:00,133.6649138984477,4415.348875363218,20.483285000000002,Summer
2018-08-07 20:00:00,128.34259312584288,4525.458287385547,20.35017,Summer
2018-08-07 21:00:00,111.45812961336458,4498.011952922998,20.26367,Summer
2018-08-07 22:00:00,112.14588753810051,4419.879703753108,20.233279999999997,Summer
2018-08-07 23:00:00,112.28768982036827,4299.192338341682,20.122825,Summer
2018-08-08 00:00:00,115.62609221837062,4210.1555244218935,20.13471,Summer
2018-08-08 01:00:00,121.3460130589348,4233.478342183994,20.325505,Summer
2018-08-08 02:00:00,123.6577881368523,4177.658236212716,20.737016666666666,Summer
2018-08-08 03:00:00,123.20076238701404,4189.726489363678,20.633585,Summer
2018-08-08 04:00:00,117.61582542695379,4252.485191157935,20.283976666666668,Summer
2018-08-08 05:00:00,115.5444500114797,4143.433132545733,20.185316666666665,Summer
2018-08-08 06:00:00,112.31348593943281,3949.08405602543,20.07801,Summer
2018-08-08 07:00:00,106.12301380200114,3794.409696198164,19.766261666666665,Summer
2018-08-08 08:00:00,107.17598254495047,3817.889710069366,19.806828333333332,Summer
2018-08-08 09:00:00,105.39938578842177,3906.5717562149152,19.903623333333332,Summer
2018-08-08 10:00:00,104.88541703009967,4109.726965004571,19.95307,Summer
2018-08-08 11:00:00,95.62800541897019,3882.3136909824507,19.959484999999997,Summer
2018-08-08 12:00:00,98.60788245922086,3928.7209247821365,19.910183333333336,Summer
2018-08-08 13:00:00,102.0498744451022,4030.3795678514207,20.459465,Summer
2018-08-08 14:00:00,99.94578007090661,4055.627917977995,20.67568,Summer
2018-08-08 15:00:00,101.20233528132225,4168.384393551193,21.001731147540987,Summer
2018-08-08 16:00:00,103.81044836504356,4147.697323702374,21.29569830508475,Summer
2018-08-08 17:00:00,107.56988974799722,4076.9751979187295,21.34668,Summer
2018-08-08 18:00:00,112.50748208085386,4125.736869832161,20.995111475409836,Summer
2018-08-08 19:00:00,112.1300762463776,4154.272610926363,20.63747288135593,Summer
2018-08-08 20:00:00,108.34022658488199,4246.885207147048,20.597951666666667,Summer
2018-08-08 21:00:00,108.40622546586262,4354.227513471302,20.42350819672131,Summer
2018-08-08 22:00:00,107.71890984815906,4332.384487821711,20.366571186440677,Summer
2018-08-08 23:00:00,104.70905516428022,4271.3335414976555,20.408718333333336,Summer
2018-08-09 00:00:00,112.91996338872977,4374.640910771015,20.30117049180328,Summer
2018-08-09 01:00:00,113.16272079876119,4312.414722077752,20.229371186440677,Summer
2018-08-09 02:00:00,114.59379731675381,4344.442967062406,20.492226666666667,Summer
2018-08-09 03:00:00,127.6498653432954,4141.714319474269,20.77156885245902,Summer
2018-08-09 04:00:00,114.2935690425048,4258.003287616848,20.86931186440678,Summer
2018-08-09 05:00:00,110.50379568148853,4461.396763454769,20.72173666666667,Summer
2018-08-09 06:00:00,121.80615461620039,4508.387163074358,20.572896721311476,Summer
2018-08-09 07:00:00,113.76522975717523,4512.105345589111,20.418857627118644,Summer
2018-08-09 08:00:00,113.18132167778126,4415.649162687383,20.096526666666666,Summer
2018-08-09 09:00:00,106.6470451795866,4343.345703621705,20.24251,Summer
2018-08-09 10:00:00,116.75246854632238,4684.762980827336,20.260636666666667,Summer
2018-08-09 11:00:00,127.22285616062928,4841.644051715075,20.257865,Summer
2018-08-09 12:00:00,116.5364427850526,4771.801173110984,20.210158333333332,Summer
2018-08-09 13:00:00,110.89794573359822,4763.356463487483,20.22406833333333,Summer
2018-08-09 14:00:00,111.37995085104701,4647.758893368557,20.489265,Summer
2018-08-09 15:00:00,118.36842339573752,4715.806821857193,20.661876666666668,Summer
2018-08-09 16:00:00,112.46687827869127,4718.2700852203925,21.066658333333333,Summer
2018-08-09 17:00:00,120.4083099887423,4742.417893217895,21.299809999999997,Summer
2018-08-09 18:00:00,130.3735142705876,4785.069119573267,21.379645,Summer
2018-08-09 19:00:00,118.12598942125204,4558.41344011921,21.310068333333334,Summer
2018-08-09 20:00:00,121.13729077061174,4570.971883873554,21.052616666666665,Summer
2018-08-09 21:00:00,118.0414603686722,4621.7762762136845,20.98485833333333,Summer
2018-08-09 22:00:00,114.84562228296309,4600.053216210446,20.844416666666667,Summer
2018-08-09 23:00:00,126.12717694248292,4911.748476454855,20.792616666666667,Summer
2018-08-10 00:00:00,118.8788348496209,4976.973115829832,20.832638333333332,Summer
2018-08-10 01:00:00,124.4280060855252,4973.242120534134,20.53635166666667,Summer
2018-08-10 02:00:00,120.49036193545402,4817.116740464187,20.33087,Summer
2018-08-10 03:00:00,106.51178342480632,4811.91705989412,20.640210000000003,Summer
2018-08-10 04:00:00,111.92169772936936,4843.234310691251,20.996243333333332,Summer
2018-08-10 05:00:00,96.39778498081031,4840.181213388603,21.164481666666667,Summer
2018-08-10 06:00:00,76.60385964080622,4591.120877814057,21.140775409836063,Summer
2018-08-10 07:00:00,29.36716013421008,4291.961985873564,20.989577966101695,Summer
2018-08-10 08:00:00,59.61666141982005,4930.473438530042,20.639741666666666,Summer
2018-08-10 09:00:00,93.53006522806263,5580.280235746315,20.376409836065573,Summer
2018-08-10 10:00:00,116.75136027792846,5376.317756441342,20.695142372881357,Summer
2018-08-10 11:00:00,141.34302910383605,5218.950983498016,20.883656666666663,Summer
2018-08-10 12:00:00,136.08730551098625,5151.632487966041,20.946016393442626,Summer
2018-08-10 13:00:00,116.43309376125526,5211.717657989409,20.901993220338984,Summer
2018-08-10 14:00:00,111.1325867002848,5116.4656969867265,20.894886666666665,Summer
2018-08-10 15:00:00,117.59652136722379,5153.822929968542,20.78906229508197,Summer
2018-08-10 16:00:00,96.46080949250421,4630.918729452045,20.766789830508475,Summer
2018-08-10 17:00:00,100.56857674691182,4598.879445712022,21.090278333333334,Summer
2018-08-10 18:00:00,116.96301456829087,4780.392507238897,21.19357868852459,Summer
2018-08-10 19:00:00,123.0036053083945,4719.141464024745,21.183089830508475,Summer
2018-08-10 20:00:00,120.56189207533009,4618.7869923545695,21.037373333333335,Summer
2018-08-10 21:00:00,112.78526188308581,4665.306820426418,21.21157213114754,Summer
2018-08-10 22:00:00,107.6049538261806,4873.223253523342,21.22902881355932,Summer
2018-08-10 23:00:00,108.53330003381895,4791.073684132406,21.085296666666668,Summer
2018-08-11 00:00:00,105.52764587784807,4627.604300163121,21.077144262295082,Summer
2018-08-11 01:00:00,104.01139909007179,4712.482407273359,21.13708305084746,Summer
2018-08-11 02:00:00,113.87206547760198,4947.536221935105,20.520126666666666,Summer
2018-08-11 03:00:00,114.61122998800735,4656.375237804585,20.315845000000003,Summer
2018-08-11 04:00:00,119.7076876727877,4749.559489242083,20.454703333333335,Summer
2018-08-11 05:00:00,118.76650827448728,4637.327968383113,20.898008333333333,Summer
2018-08-11 06:00:00,117.22583485126835,4969.1228323202895,21.167363333333334,Summer
2018-08-11 14:00:00,76.5170150358763,5495.356413450537,21.154796666666666,Summer
2018-08-11 15:00:00,48.144983086221124,4349.553095258441,21.084463333333336,Summer
2018-08-11 16:00:00,58.159038705470394,4140.975377138983,21.03201,Summer
2018-08-11 17:00:00,74.9943384414776,4755.935467967979,21.057305,Summer
2018-08-11 18:00:00,91.90164869896884,4670.046755329671,21.299495,Summer
2018-08-11 19:00:00,90.52541931924335,4454.287817593258,21.401040000000002,Summer
2018-08-11 20:00:00,97.16774196669792,4286.694784422996,21.299315,Summer
2018-08-11 21:00:00,97.3208229419651,4209.586646876253,20.97574918032787,Summer
2018-08-11 22:00:00,91.9970537332116,4359.115782223022,21.249301694915253,Summer
2018-08-11 23:00:00,90.69212199876192,4360.343462200344,21.205949999999998,Summer
2018-08-12 00:00:00,98.48475672333424,4605.795642560417,20.899596721311475,Summer
2018-08-12 01:00:00,87.39019267851789,4731.597919314351,21.00845593220339,Summer
2018-08-12 02:00:00,82.41736150386988,4244.651562193036,21.161963333333333,Summer
2018-08-12 03:00:00,87.55678843904569,4551.251427738333,20.51902131147541,Summer
2018-08-12 04:00:00,97.2257133173877,4642.549730316726,20.5815186440678,Summer
2018-08-12 05:00:00,97.43640430780498,4472.22659989051,20.649099999999997,Summer
2018-08-12 06:00:00,96.97452606958664,4704.125286398144,21.03864918032787,Summer
2018-08-12 08:00:00,1.0863095,0.009128833841244367,21.04998,Summer
2018-08-12 09:00:00,1.0863095,255.4881087978734,20.972301639344263,Summer
2018-08-13 09:00:00,1.0863095,3354.727684259446,20.729125,Summer
2018-08-13 10:00:00,1.0863095,2902.701229448301,20.97942,Summer
2019-01-10 12:00:00,1.0863095,3405.0858100677597,12.179598333333333,Winter
2019-01-10 13:00:00,50.99333610473947,3120.7548414398525,11.188148333333334,Winter
2019-01-10 14:00:00,58.818232592684396,2980.194652937061,11.43076,Winter
2019-01-10 15:00:00,47.43534882191592,2377.0490162744863,11.553678333333332,Winter
2019-01-10 16:00:00,47.60929414306925,2304.743297733661,11.581255,Winter
2019-01-10 17:00:00,49.31730521646409,2384.962293752811,11.610359999999998,Winter
2019-01-10 18:00:00,46.693623953712844,2259.8946339736303,11.647678333333333,Winter
2019-01-10 19:00:00,38.647510480187435,1740.1310241841063,11.712643333333334,Winter
2019-01-10 20:00:00,39.413524071541374,1599.5026039138102,11.652391666666666,Winter
2019-01-10 21:00:00,44.28482325469804,1939.8685389498019,11.400701666666667,Winter
2019-01-10 22:00:00,42.31204944863087,1773.104263645911,11.444508333333333,Winter
2019-01-10 23:00:00,39.73226946514338,1713.5398357240624,11.513351666666667,Winter
2019-01-11 00:00:00,44.20702665750578,2065.954444480133,11.406704999999999,Winter
2019-01-11 01:00:00,47.741278867159764,2399.3905045081574,11.301168333333333,Winter
2019-01-11 02:00:00,49.74965450419232,2515.0924413355433,11.260595,Winter
2019-01-11 03:00:00,56.973862281016686,2829.124606051923,11.226635,Winter
2019-01-11 04:00:00,54.12087175672332,2669.8570402772784,11.167143333333334,Winter
2019-01-11 05:00:00,49.806194293794974,2466.636432015357,11.176551666666667,Winter
2019-01-11 06:00:00,47.26127059100444,2293.2367811134227,11.169453333333333,Winter
2019-01-11 07:00:00,46.15655415290509,2257.7671265741,11.147831666666667,Winter
2019-01-11 08:00:00,49.278241872478404,2743.9069432381293,11.164101666666665,Winter
2019-01-11 09:00:00,47.80655777839925,2714.7239124683474,11.184338333333333,Winter
2019-01-11 10:00:00,41.540280317905086,2189.048807718791,11.212935,Winter
2019-01-11 11:00:00,36.02096721271526,1791.2667903365905,11.277728333333332,Winter
2019-01-11 12:00:00,38.766100090135055,1939.886623664556,11.309895000000001,Winter
2019-01-11 13:00:00,43.76245904712753,2368.2122719458566,11.3177,Winter
2019-01-11 14:00:00,51.14173782306294,2879.637745672234,11.362583333333333,Winter
2019-01-11 15:00:00,48.29209835403201,2686.3090663465678,11.391061666666667,Winter
2019-01-11 16:00:00,43.016535810699146,2269.26562803422,11.405366666666668,Winter
2019-01-11 17:00:00,41.36155306592022,2117.8635783490004,11.4157,Winter
2019-01-11 18:00:00,43.76535248610226,2282.055615913131,11.419435,Winter
2019-01-11 19:00:00,40.43425731464171,2049.7780760825895,11.5098,Winter
2019-01-11 20:00:00,34.54569872922657,1579.8430420531233,11.464026666666665,Winter
2019-01-11 21:00:00,33.45223964835108,1372.4041685040077,11.453368333333334,Winter
2019-01-11 22:00:00,34.66095346546342,1515.3008750407967,11.457481666666666,Winter
2019-01-11 23:00:00,35.1236074093328,1621.1899113337267,11.488566666666665,Winter
2019-01-12 00:00:00,41.51693325117189,2036.8046382152488,11.437565000000001,Winter
2019-01-12 01:00:00,44.606895126846645,2224.597126316283,11.393743333333333,Winter
2019-01-12 02:00:00,47.45118040668025,2551.9762940144374,11.368030000000001,Winter
2019-01-12 03:00:00,47.7674155483775,2555.8813581485365,11.32971,Winter
2019-01-12 04:00:00,50.85249534929901,2695.6540992620244,11.301826666666667,Winter
2019-01-12 05:00:00,48.25473769258328,2513.867233619837,11.299485,Winter
2019-01-12 06:00:00,45.275481571622464,2211.000194075909,11.278546666666667,Winter
2019-01-12 07:00:00,43.69381988865925,2146.464736958451,11.272034999999999,Winter
2019-01-12 08:00:00,43.71353365701686,2436.4578314150817,11.300056666666668,Winter
2019-01-12 09:00:00,41.403053825849824,2440.9907264376457,11.324146666666667,Winter
2019-01-12 10:00:00,38.71033480493509,2482.5733902605357,11.39418,Winter
2019-01-12 11:00:00,31.612740108983175,1999.4022423085607,11.590433333333333,Winter
2019-01-12 12:00:00,35.34554399142,2046.2009919237557,11.698911666666667,Winter
2019-01-12 13:00:00,32.85027862103183,1775.7682262043713,11.829996666666666,Winter
2019-01-12 14:00:00,36.09404814135076,2003.0038511336868,11.888708333333334,Winter
2019-01-12 15:00:00,37.01162825374272,2002.5964486522835,11.896926666666667,Winter
2019-01-12 16:00:00,36.46230658782898,1926.6866001139601,11.899939999999999,Winter
2019-01-12 17:00:00,37.97440773744421,2005.002514750825,11.897973333333335,Winter
2019-01-12 18:00:00,37.48817225125838,1917.1601131845873,11.936328333333334,Winter
2019-01-12 19:00:00,38.38063226280917,2092.3660953367853,11.988036666666666,Winter
2019-01-12 20:00:00,35.633216424982294,1870.8088597746946,12.009678333333333,Winter
2019-01-12 21:00:00,34.95231890489819,1698.0443531918954,12.059513333333333,Winter
2019-01-12 22:00:00,34.35982455112007,1562.8489210950975,11.978151666666667,Winter
2019-01-12 23:00:00,33.20526698163697,1549.5474493815198,11.854676666666668,Winter
2019-01-13 00:00:00,34.71080861066765,1652.529532966029,11.806146666666667,Winter
2019-01-13 01:00:00,39.124763849180155,2005.159480841733,11.754838333333334,Winter
2019-01-13 02:00:00,40.47895353589382,2114.2639982426535,11.666656666666666,Winter
2019-01-13 03:00:00,40.66704787156077,2232.5460596336416,11.580425,Winter
2019-01-13 04:00:00,41.4577053886018,2387.1602286279413,11.539105000000001,Winter
2019-01-13 05:00:00,41.36424337831917,2276.266319212413,11.511985000000001,Winter
2019-01-13 06:00:00,40.979998711667534,2178.079440602437,11.495065,Winter
2019-01-13 07:00:00,40.96723155872786,2093.4819372312427,11.471736666666667,Winter
2019-01-13 08:00:00,39.479777362805464,2173.228911031515,11.44171,Winter
2019-01-13 09:00:00,39.76558163622819,2390.346002919658,11.49062,Winter
2019-01-13 10:00:00,35.61637390417359,2377.6280967693338,11.690501666666668,Winter
2019-01-13 11:00:00,27.351430351099808,2087.1482632887714,11.839461666666667,Winter
2019-01-13 12:00:00,27.27725646518904,1747.6322757714313,11.976125,Winter
2019-01-13 13:00:00,29.895835751268102,1710.3616385153725,11.984679999999999,Winter
2019-01-13 14:00:00,30.76272051749327,1618.6947021916576,11.997006666666666,Winter
2019-01-13 15:00:00,31.585200715589714,1669.0695536176695,12.022549999999999,Winter
2019-01-13 16:00:00,33.310985001504136,1886.7603737381673,11.970456666666667,Winter
2019-01-13 17:00:00,33.74657016329269,1793.7490776315155,11.95515,Winter
2019-01-13 18:00:00,34.13165412467452,1765.6112729239298,11.91032,Winter
2019-01-13 19:00:00,33.2390696391401,1717.3529549318475,11.92057,Winter
2019-01-13 20:00:00,32.44431270322768,1728.2330152159202,11.927425,Winter
2019-01-13 21:00:00,31.219889058501217,1722.0402256339485,11.987833333333333,Winter
2019-01-13 22:00:00,28.56889569167339,1594.8991858302672,12.010593333333333,Winter
2019-01-13 23:00:00,30.075389578160355,1510.97673371263,12.009878333333335,Winter
2019-01-14 00:00:00,32.45779964215396,1677.0827232738297,11.961686666666667,Winter
2019-01-14 01:00:00,33.4946521584434,1690.4555408386047,11.836446666666665,Winter
2019-01-14 02:00:00,34.380115569626206,1734.1335378877388,11.766758333333334,Winter
2019-01-14 03:00:00,36.09972512462676,1852.113651912374,11.704573333333334,Winter
2019-01-14 04:00:00,39.14199942361782,2208.4853105479324,11.62611,Winter
2019-01-14 05:00:00,40.59123015694766,2387.8181767430406,11.605889999999999,Winter
2019-01-14 06:00:00,39.01254179479626,2114.5524464195387,11.622013333333333,Winter
2019-01-14 07:00:00,38.67661680204834,2070.434139142014,11.596675,Winter
2019-01-14 08:00:00,38.40318045620215,2036.3896776803008,11.572503333333334,Winter
2019-01-14 09:00:00,38.54525179676287,2192.209759089822,11.589771666666667,Winter
2019-01-14 10:00:00,36.77495515968212,2231.360690961972,11.677876666666666,Winter
2019-01-14 11:00:00,35.16445890652888,2235.4155842592545,11.849996666666668,Winter
2019-01-14 12:00:00,27.469772499360815,1766.5664006919005,11.937216666666666,Winter
2019-01-14 13:00:00,39.41036581966987,2066.341073323898,12.054871666666665,Winter
2019-01-14 14:00:00,41.297895991691384,2212.1346367616634,12.091568333333333,Winter
2019-01-14 15:00:00,39.820505735267005,2127.110814365994,11.976935,Winter
2019-01-14 16:00:00,42.75493088661573,2291.479154879284,11.894381666666668,Winter
2019-01-14 17:00:00,44.92084185434155,2397.227158675916,11.845661666666667,Winter
2019-01-14 18:00:00,47.1614410763219,2525.2161715861075,11.842536666666666,Winter
2019-01-14 19:00:00,43.83032193020168,2314.9340197693496,11.805448333333334,Winter
2019-01-14 20:00:00,44.60514970473429,2393.569734061467,11.767378333333333,Winter
2019-01-14 21:00:00,44.97953774634931,2494.976157567865,11.764851666666667,Winter
2019-01-14 22:00:00,44.54429833886082,2429.6332989600396,11.820423333333334,Winter
2019-01-14 23:00:00,46.46627119645486,2317.987977558072,11.77666,Winter
2019-01-15 00:00:00,41.80239923248242,2003.366802386368,11.720698333333333,Winter
2019-01-15 01:00:00,40.09625184058802,1914.3599644091432,11.692433333333334,Winter
2019-01-15 02:00:00,43.974684590939184,2119.71558508576,11.6491,Winter
2019-01-15 03:00:00,47.16474034169517,2373.447597256728,11.54,Winter
2019-01-15 04:00:00,49.97299018424425,2562.032652779852,11.487286666666668,Winter
2019-01-15 05:00:00,49.63331321501894,2679.306690815147,11.45801,Winter
2019-01-15 06:00:00,44.42455911390728,2333.6784233921467,11.367051666666667,Winter
2019-01-15 07:00:00,43.813284838034626,2271.8666246708854,11.344764999999999,Winter
2019-01-15 08:00:00,41.48201846676361,1971.4309258917567,11.360886666666666,Winter
2019-01-15 09:00:00,42.31651827164667,1999.4609562079272,11.389154999999999,Winter
2019-01-15 10:00:00,54.43988106059486,2725.9392788505925,11.498723333333334,Winter
2019-01-15 11:00:00,55.44543966719969,2733.314308334331,11.412931666666667,Winter
2019-01-15 12:00:00,53.9944507341887,2709.98137619493,11.343060000000001,Winter
2019-01-15 13:00:00,48.79102144829467,2572.841797229493,11.317621666666668,Winter
2019-01-15 14:00:00,44.39906328941882,2247.1178761379115,11.373268333333334,Winter
2019-01-15 15:00:00,39.1238257063566,1789.1879282168502,11.416696666666667,Winter
2019-01-15 16:00:00,36.509801938470844,1619.5465040642969,11.452065000000001,Winter
2019-01-15 17:00:00,34.17823988219354,1730.0173800422824,11.509701666666666,Winter
2019-01-15 18:00:00,37.153295813357516,2054.081115334904,11.550986666666667,Winter
2019-01-15 19:00:00,40.12545332056414,2074.878378914136,11.503403333333333,Winter
2019-01-15 20:00:00,44.813282438781215,2258.22798381352,11.484366666666666,Winter
2019-01-15 21:00:00,49.76356902244114,2435.5252361202524,11.480316666666665,Winter
2019-01-15 22:00:00,57.48433647786448,2798.565517796591,11.489453333333334,Winter
2019-01-15 23:00:00,53.59192168075363,2595.146631988511,11.426504999999999,Winter
2019-01-16 00:00:00,55.21535884329542,2650.6518656795206,11.376753333333333,Winter
2019-01-16 01:00:00,47.87410907550232,2383.9190091820324,11.386515000000001,Winter
2019-01-16 02:00:00,50.08567220325926,2421.047234458691,11.366995,Winter
2019-01-16 03:00:00,50.82564018971007,2464.942898763712,11.459893333333333,Winter
2019-01-16 04:00:00,49.100777892859554,2426.252054258134,11.456885,Winter
2019-01-16 05:00:00,47.9020275066627,2339.2419695377666,11.440558333333334,Winter
2019-01-16 06:00:00,45.40493201634598,2263.6552867114956,11.419748333333333,Winter
2019-01-16 07:00:00,40.04465351447978,1891.0190360819759,11.395545,Winter
2019-01-16 08:00:00,41.938250455981205,1988.9081365787936,11.407768333333333,Winter
2019-01-16 09:00:00,39.29294382164515,1703.5278950502664,11.427513333333334,Winter
2019-01-16 10:00:00,40.66323317149657,1812.0688718878791,11.464823333333333,Winter
2019-01-16 11:00:00,40.960547530723694,1866.9862868018527,11.54366,Winter
2019-01-16 12:00:00,33.22442033950891,1762.258424871488,11.59689,Winter
2019-01-16 13:00:00,32.142573239810076,1989.9050193799162,11.644178333333334,Winter
2019-01-16 14:00:00,28.986164148788532,1825.2865762755484,11.698773333333333,Winter
2019-01-16 15:00:00,25.05461402699835,1733.0842458841014,11.742161666666668,Winter
2019-01-16 16:00:00,24.212686143934516,1629.616846330105,11.756188333333334,Winter
2019-01-16 17:00:00,22.83723204966966,1607.952986175795,11.749801666666666,Winter
2019-01-16 18:00:00,31.292226997416407,1869.4726455639438,11.733863333333334,Winter
2019-01-16 19:00:00,39.323410630168866,2195.5271516261832,11.737833333333333,Winter
2019-01-16 20:00:00,40.618372695600684,2234.0508054272027,11.740153333333334,Winter
2019-01-16 21:00:00,40.37818044453372,2071.850308462218,11.747163333333333,Winter
2019-01-16 22:00:00,32.974403190730314,1624.9168973285946,11.762711666666666,Winter
2019-01-16 23:00:00,34.30056090002543,1814.6559801540998,11.779313333333333,Winter
2019-01-17 00:00:00,38.35716874578613,1945.3261059382137,11.83898,Winter
2019-01-17 01:00:00,45.14357763544969,2347.937504367933,11.887046666666667,Winter
2019-01-17 02:00:00,34.89600954890046,1826.8680054585875,11.895326666666667,Winter
2019-01-17 03:00:00,37.061004602282,1930.8132854129235,11.878295,Winter
2019-01-17 04:00:00,38.63163069684994,2484.8256913701416,11.835295,Winter
2019-01-17 05:00:00,43.801211476228524,3260.578960518508,11.763178333333334,Winter
2019-01-17 06:00:00,58.43472759866165,3496.9918837447276,11.730186666666667,Winter
2019-01-17 07:00:00,82.52328427694198,3279.9758811348156,11.716238333333333,Winter
2019-01-17 08:00:00,72.43542314250121,3053.752707312781,11.697788333333333,Winter
2019-01-17 09:00:00,49.12653556433821,2206.727240788626,11.684645,Winter
2019-01-17 10:00:00,47.917447396836934,2050.5652875820406,11.716621666666667,Winter
2019-01-17 11:00:00,53.856322088531996,2334.9118484576725,11.795205000000001,Winter
2019-01-17 12:00:00,69.21666045926578,2805.516948819789,11.933486666666665,Winter
2019-01-17 13:00:00,36.196215297501624,1960.3209614523307,12.05827,Winter
2019-01-17 14:00:00,30.17246715546401,1699.2947826762854,12.195758333333334,Winter
2019-01-17 15:00:00,44.64140621552737,2106.1913762256654,12.345336666666666,Winter
2019-01-17 16:00:00,30.44259786862684,1332.4939237004446,12.454984999999999,Winter
2019-01-17 17:00:00,17.079593929264075,1161.4100401843907,12.362734999999999,Winter
2019-01-17 18:00:00,34.60709066002152,1669.336756666793,12.202296666666665,Winter
2019-01-17 19:00:00,64.84938629292347,2368.8086541027014,12.028206666666668,Winter
2019-01-17 20:00:00,88.69343558514606,3099.3772993008406,11.918883333333333,Winter
2019-01-17 21:00:00,85.22051984926902,3414.310537378993,11.835216666666668,Winter
2019-01-17 22:00:00,64.97507476049273,2970.226735926595,11.812158333333334,Winter
2019-01-17 23:00:00,60.72750208586285,2658.052466891492,11.806268333333332,Winter
2019-01-18 00:00:00,64.49979370643314,2728.0946282029017,11.805826666666666,Winter
2019-01-18 01:00:00,85.59297603238525,3055.7219230248297,11.856771666666667,Winter
2019-01-18 02:00:00,108.06814388185992,3479.1224111473034,11.92605,Winter
2019-01-18 03:00:00,93.43431097200336,3475.8193336471,11.908808333333333,Winter
2019-01-18 04:00:00,68.84514586548792,2841.5050354185632,11.871739999999999,Winter
2019-01-18 05:00:00,66.08881274973072,2667.8565387763765,11.841595,Winter
2019-01-18 06:00:00,73.89297434270765,2770.447184408441,11.793268333333334,Winter
2019-01-18 07:00:00,81.8751470808939,3088.0472351764283,11.745741666666667,Winter
2019-01-18 08:00:00,96.60202266548836,3530.964667164567,11.748225,Winter
2019-01-18 09:00:00,82.72946365444403,3338.8160470141165,11.742858333333334,Winter
2019-01-18 10:00:00,66.61843289737402,2753.666321197848,11.759566666666666,Winter
2019-01-18 11:00:00,65.88147142171883,2615.06338070189,11.832826666666667,Winter
2019-01-18 12:00:00,59.37947311747094,2199.6397152181717,12.004701666666667,Winter
2019-01-18 13:00:00,56.4356463079928,2089.4069529577782,12.292241666666666,Winter
2019-01-18 14:00:00,59.48066577649539,2112.080601629497,12.545248333333332,Winter
2019-01-18 15:00:00,47.02798806064608,1763.6587762885842,12.932193333333334,Winter
2019-01-18 16:00:00,43.27959187913335,1682.3531164193305,13.579115,Winter
2019-01-18 17:00:00,58.041292245224454,2285.487635952659,13.670228333333334,Winter
2019-01-18 18:00:00,50.94721573803572,1878.0095949823285,13.308853333333333,Winter
2019-01-18 19:00:00,53.896678637279805,2012.6577650212662,12.547376666666667,Winter
2019-01-18 20:00:00,75.32884428298763,2643.9247898276244,12.286095,Winter
2019-01-18 21:00:00,84.92249692062708,3121.0398908650595,12.208491666666667,Winter
2019-01-18 22:00:00,85.07974064270263,3407.1743551013255,12.190016666666667,Winter
2019-01-18 23:00:00,70.49271480050967,3148.869554266493,12.144253333333333,Winter
2019-01-19 00:00:00,68.49252561358777,2797.35449381676,12.170378333333334,Winter
2019-01-19 01:00:00,67.97926629213316,2741.1948545015102,12.171895000000001,Winter
2019-01-19 02:00:00,69.89321930933917,2817.8323456002686,12.247546666666667,Winter
2019-01-19 03:00:00,76.54100454595573,3268.183264183953,12.355571666666666,Winter
2019-01-19 04:00:00,62.00703632465787,2991.107858293267,12.352913333333333,Winter
2019-01-19 05:00:00,57.59074335635566,2498.5414918803335,12.306015,Winter
2019-01-19 06:00:00,56.633015322744846,2383.1722321748325,12.22897,Winter
2019-01-19 07:00:00,61.00512946583144,2655.457962289008,12.135626666666667,Winter
2019-01-19 08:00:00,70.38001926510546,3194.3852246721603,12.104674999999999,Winter
2019-01-19 09:00:00,82.26001140435551,3501.701683846607,12.109396666666667,Winter
2019-01-19 10:00:00,79.46258071647158,3409.737310438794,12.116901666666667,Winter
2019-01-19 11:00:00,60.55202578640495,2532.378691805232,12.2133,Winter
2019-01-19 12:00:00,56.81838286621881,2345.3186174452335,12.39089,Winter
2019-01-19 13:00:00,55.89785142100406,2279.9885111322105,12.763301666666667,Winter
2019-01-19 14:00:00,55.17213997696177,2263.7316443850577,13.088446666666666,Winter
2019-01-19 15:00:00,48.33581536599897,2043.7357950641376,13.437036666666668,Winter
2019-01-19 16:00:00,33.94178325735625,1323.5492277180692,14.15795,Winter
2019-01-19 17:00:00,98.69580652257096,1974.8561942466958,13.913973333333333,Winter
2019-01-19 18:00:00,98.3100334122285,1913.335251242279,14.184648333333334,Winter
2019-01-19 19:00:00,45.25008863808423,1694.1605096347685,14.214783333333333,Winter
2019-01-19 20:00:00,52.408049076305346,2140.5840968888833,13.103668333333333,Winter
2019-01-19 21:00:00,65.90966039867715,2668.8499984719074,12.665631666666666,Winter
2019-01-19 22:00:00,76.95134174859592,3084.9318443264538,12.535135,Winter
2019-01-19 23:00:00,81.29746840459822,3399.6071631688856,12.515935,Winter
2019-01-20 00:00:00,61.08192225043827,2845.352320728726,12.468179999999998,Winter
2019-01-20 01:00:00,56.79755361558347,2439.185098664818,12.544025,Winter
2019-01-20 02:00:00,59.563735338581175,2606.685480452723,12.627078333333333,Winter
2019-01-20 03:00:00,63.96620647516197,2813.513384721638,12.793551666666668,Winter
2019-01-20 04:00:00,63.78688442486209,3132.7810794235675,12.953208333333333,Winter
2019-01-20 05:00:00,50.231610707137776,2697.1828007347094,12.966306666666666,Winter
2019-01-20 06:00:00,51.097300955333836,2400.4876928567664,12.864271666666667,Winter
2019-01-20 07:00:00,48.470002675505555,2122.601846824824,12.682818333333334,Winter
2019-01-20 08:00:00,52.32947626931251,2380.0825240763725,12.474626666666667,Winter
2019-01-20 09:00:00,65.87435202855792,3042.8923678483297,12.45227,Winter
2019-01-20 10:00:00,92.53801633040995,3655.741980072494,12.471831666666667,Winter
2019-01-20 11:00:00,64.6735775727216,2967.436308548029,12.488248333333333,Winter
2019-01-20 12:00:00,47.54052398923575,2001.648392732824,12.637925,Winter
2019-01-20 13:00:00,44.36201120853979,1907.9782680049225,12.790338333333333,Winter
2019-01-20 14:00:00,44.16381466787556,2064.209692830338,13.071716666666667,Winter
2019-01-20 15:00:00,38.60403773714998,1907.7709784151816,13.418803333333333,Winter
2019-01-20 16:00:00,20.180311011654695,1376.8933346004142,13.520381666666667,Winter
2019-01-20 17:00:00,9.662124791875645,895.9790135032163,13.818011666666667,Winter
2019-01-20 18:00:00,117.31954895528803,3218.5260293402703,13.579611666666667,Winter
2019-01-20 19:00:00,115.45608569168732,3433.2299657230187,13.092395,Winter
2019-01-20 21:00:00,8.443671018117303,823.514415378668,12.725225,Winter
2019-01-20 22:00:00,12.139631757698334,1109.1189407117886,12.462898333333333,Winter
2019-01-20 23:00:00,9.704704912001667,1005.2481044624675,12.370991666666667,Winter
2019-01-21 00:00:00,9.485169802125949,980.3377207484419,12.317731666666667,Winter
2019-01-21 01:00:00,8.586691487828196,1129.0760058632368,12.213484999999999,Winter
2019-01-21 02:00:00,11.418517116848722,1200.725342210413,12.09796,Winter
2019-01-21 03:00:00,9.81752576294718,1089.51891768191,12.044061666666666,Winter
2019-01-21 04:00:00,14.54635096570866,1236.4539800291163,12.072551666666667,Winter
2019-01-21 05:00:00,16.33813309285049,1121.3536797351278,12.210606666666667,Winter
2019-01-21 06:00:00,6.355970520568974,538.4641770608237,12.041938333333333,Winter
2019-01-21 07:00:00,7.526155067994599,615.9635770233092,11.902331666666667,Winter
2019-01-21 08:00:00,7.981822860404002,649.5397910376721,11.837206666666667,Winter
2019-01-21 09:00:00,10.492563848362582,922.888268728355,11.89724,Winter
2019-01-21 10:00:00,20.366428859208046,1991.3993184027893,11.99011,Winter
2019-01-21 11:00:00,44.970024360526054,2905.794493633502,12.004863333333333,Winter
2019-01-21 12:00:00,26.353486881763637,1570.7290106030187,12.011298333333334,Winter
2019-01-21 13:00:00,31.391703663937875,1258.749657504914,12.182934999999999,Winter
2019-01-21 14:00:00,24.46565766913893,1021.2972375261098,12.342661666666666,Winter
2019-01-21 15:00:00,16.722610949771017,915.6288150671699,12.407343333333333,Winter
2019-01-21 16:00:00,6.171392378791821,610.9843597918712,12.430016666666667,Winter
2019-01-21 18:00:00,95.6555568973195,1612.7714955599308,11.853356666666667,Winter
2019-01-21 19:00:00,95.7011319760575,1639.8980814159963,11.338204999999999,Winter
2019-01-21 20:00:00,96.94967323448418,1759.8825945473886,11.267233333333333,Winter
2019-01-21 22:00:00,11.11253388377233,875.0944872416403,11.933106666666667,Winter
2019-01-21 23:00:00,33.73908441369701,1534.980830522532,11.967058333333334,Winter
2019-01-22 00:00:00,49.67573145138009,2609.218547034612,11.927856666666665,Winter
2019-01-22 01:00:00,60.90736969209135,2945.0826324908753,11.88903,Winter
2019-01-22 02:00:00,48.156265967779774,2086.7391352815084,11.945363333333335,Winter
2019-01-22 03:00:00,40.394998089756385,1603.5182638475544,12.006283333333332,Winter
2019-01-22 04:00:00,37.47800342423062,1585.794377737561,11.870636666666666,Winter
2019-01-22 05:00:00,24.95999006179747,1494.8284135166698,11.678136666666667,Winter
2019-01-22 06:00:00,15.410744123126342,1715.3302487464339,11.367316666666666,Winter
2019-01-22 07:00:00,14.714891713940924,1318.1371170401733,11.28513,Winter
2019-01-22 08:00:00,16.59121987591071,1057.739260064506,11.371125000000001,Winter
2019-01-22 09:00:00,28.96697167577002,1305.0249048614794,11.503791666666666,Winter
2019-01-22 10:00:00,48.67021956403528,2297.0720601956655,11.659691666666667,Winter
2019-01-22 11:00:00,90.78300161215125,3452.9930670350705,11.818071666666667,Winter
2019-01-22 12:00:00,92.38057479276821,3525.846728423042,11.954113333333334,Winter
2019-01-22 13:00:00,49.572187594007296,2174.092658649005,12.245438333333334,Winter
2019-01-22 14:00:00,38.13377407130059,1448.1920620262276,12.43366,Winter
2019-01-22 15:00:00,33.954069987516434,1465.3154142011695,12.47527,Winter
2019-01-22 16:00:00,22.77767892593829,1229.3285072939605,12.151493333333333,Winter
2019-01-22 17:00:00,5.7255572565236035,624.6584494913917,11.616948333333333,Winter
2019-01-22 18:00:00,10.418553354237503,750.1420228307893,11.475096666666667,Winter
2019-01-22 19:00:00,60.9627394869993,885.6478689836133,10.532738333333333,Winter
2019-01-22 20:00:00,57.54655643494765,680.2284101638913,9.954588333333334,Winter
2019-01-22 21:00:00,11.935554398523363,684.8906039512526,11.138345,Winter
2019-01-22 22:00:00,10.501368612232397,715.360947494139,11.536098333333333,Winter
2019-01-22 23:00:00,30.323271215906903,1455.5805283629793,11.899413333333333,Winter
2019-01-23 00:00:00,55.87385535967077,2540.256359163951,12.11746,Winter
2019-01-23 01:00:00,76.85130147373407,3168.9688498449764,12.05349,Winter
2019-01-23 02:00:00,69.22714530673748,2980.708276905473,12.008908333333332,Winter
2019-01-23 03:00:00,43.93317152921033,1806.5127904612746,12.063768333333334,Winter
2019-01-23 04:00:00,43.316396079690215,1825.4193710191907,12.044573333333334,Winter
2019-01-23 05:00:00,40.01290229206758,1858.9636724256852,11.753616666666666,Winter
2019-01-23 06:00:00,34.61962960411745,1877.4260725996714,11.167641666666666,Winter
2019-01-23 07:00:00,44.42382290120032,2544.2953497267226,10.882029999999999,Winter
2019-01-23 08:00:00,37.68642252867768,1958.8968927326418,10.834088333333334,Winter
2019-01-23 09:00:00,32.69175475714595,1482.4842854215933,11.197305,Winter
2019-01-23 10:00:00,38.79466739812041,1769.3375473230735,11.719330000000001,Winter
2019-01-23 11:00:00,56.059691180638964,2634.0371643571057,11.933563333333332,Winter
2019-01-23 12:00:00,88.58030556508666,3504.6123000874127,12.020208333333333,Winter
2019-01-23 13:00:00,84.0645833752456,3428.2679794520973,12.176788333333333,Winter
2019-01-23 14:00:00,46.30626318046705,2018.9232950435667,12.398966666666666,Winter
2019-01-23 15:00:00,40.39551063025765,1706.877492987127,12.527103333333335,Winter
2019-01-23 16:00:00,38.38686041961561,1726.0420541605379,12.482256666666666,Winter
2019-01-23 17:00:00,26.98891872174171,1439.078596166486,11.892318333333332,Winter
2019-01-23 18:00:00,22.421477327825677,1422.380461989341,11.158678333333334,Winter
2019-01-23 19:00:00,16.810984452369098,976.4187889471764,11.238893333333333,Winter
2019-01-23 20:00:00,80.16651138062747,1343.4393308093172,10.767570000000001,Winter
2019-01-23 21:00:00,80.24267771803312,1362.8156753681278,10.777263333333334,Winter
2019-01-23 22:00:00,30.94723661352134,1265.1232434497758,11.419328333333334,Winter
2019-01-23 23:00:00,20.574694174480143,1097.0552074826767,11.22834,Winter
2019-01-24 00:00:00,46.53095065667486,2088.6699951106248,12.080385,Winter
2019-01-24 01:00:00,63.795150298564764,2782.960087026096,12.042225,Winter
2019-01-24 02:00:00,96.409330598206,3537.598502477873,12.022536666666667,Winter
2019-01-24 03:00:00,53.20235473254253,2255.6973199371646,12.01575,Winter
2019-01-24 04:00:00,43.36950436608994,1739.3707444134875,12.045998333333333,Winter
2019-01-24 05:00:00,43.69472517941714,1827.2091877039275,12.045755000000002,Winter
2019-01-24 06:00:00,42.38602431109466,1878.3949438294521,11.76487,Winter
2019-01-24 07:00:00,42.42884254700497,2111.623378909072,10.881556666666667,Winter
2019-01-24 08:00:00,48.68897556892679,2568.646383258093,10.983341666666666,Winter
2019-01-24 09:00:00,41.75317481655249,2068.203122171578,10.975249999999999,Winter
2019-01-24 10:00:00,37.60136985465131,1658.9069078810608,11.429476666666666,Winter
2019-01-24 11:00:00,41.83005490466361,1974.2002539052587,12.00184,Winter
2019-01-24 12:00:00,64.1544658367545,3001.843609020775,12.241635,Winter
2019-01-24 13:00:00,85.38848951029813,3417.573488206617,12.273086666666666,Winter
2019-01-24 14:00:00,78.22220349792408,3270.3995047982294,12.375793333333332,Winter
2019-01-24 15:00:00,47.620311075879115,2006.4077443414299,12.62457,Winter
2019-01-24 16:00:00,41.93396624789706,1689.3871626589175,12.662344999999998,Winter
2019-01-24 17:00:00,42.37915687941083,1902.8883054009261,12.61925,Winter
2019-01-24 18:00:00,39.915458367525176,1869.9562477514908,12.094286666666667,Winter
2019-01-24 19:00:00,39.37201507796624,1872.147622974321,11.721613333333332,Winter
2019-01-24 20:00:00,34.821911882817844,1476.3518301679683,11.631706666666666,Winter
2019-01-24 21:00:00,35.1370629150481,1427.563223540098,11.658266666666666,Winter
2019-01-24 22:00:00,44.496389368577056,1939.2935741622332,11.648148333333333,Winter
2019-01-24 23:00:00,39.44059533904555,1741.9647355981108,11.225848333333333,Winter
2019-01-25 00:00:00,41.8414235346182,1926.2366534085313,12.063198333333334,Winter
2019-01-25 01:00:00,52.44106471180537,2389.9114600299026,12.229233333333333,Winter
2019-01-25 02:00:00,71.82232176534967,3073.924028618515,12.185173333333333,Winter
2019-01-25 03:00:00,67.84699309737776,2940.6188348619694,12.112729999999999,Winter
2019-01-25 04:00:00,48.71273572707756,2043.6962736227256,12.101613333333335,Winter
2019-01-25 05:00:00,41.4837685738893,1581.5706141975836,12.099443333333333,Winter
2019-01-25 06:00:00,43.33060402406731,1821.7790551711407,12.079201666666668,Winter
2019-01-25 07:00:00,42.57673007491626,1886.2943146839575,11.827226666666666,Winter
2019-01-25 08:00:00,46.07217320864561,2258.8343266752,11.431306666666668,Winter
2019-01-25 09:00:00,48.83242971440403,2567.208499692778,11.297185,Winter
2019-01-25 10:00:00,42.02738751111265,2132.2426944335202,11.488743333333334,Winter
2019-01-25 11:00:00,39.11454244838333,1740.645878422253,11.839846666666666,Winter
2019-01-25 12:00:00,43.48712859403574,1970.808368463397,12.198701666666667,Winter
2019-01-25 13:00:00,58.714247792273426,2796.683982190327,12.534368333333333,Winter
2019-01-25 14:00:00,86.91051363026519,3453.2699380854397,12.508505000000001,Winter
2019-01-25 15:00:00,68.17657196065862,3027.2529881001547,12.547406666666665,Winter
2019-01-25 16:00:00,45.99521865227946,1880.5721335133005,12.594243333333333,Winter
2019-01-25 17:00:00,43.27660547788693,1786.0995270421176,12.721971666666667,Winter
2019-01-25 18:00:00,44.82606568110288,1979.765421109964,12.717875,Winter
2019-01-25 19:00:00,44.73105724621603,2057.639176618497,12.414608333333332,Winter
2019-01-25 20:00:00,38.219186640709246,1841.0569686939639,12.294356666666665,Winter
2019-01-25 21:00:00,31.856575475906748,1481.7076849501632,12.383730000000002,Winter
2019-01-25 22:00:00,32.8307335044701,1670.1083206586918,12.694491666666666,Winter
2019-01-25 23:00:00,40.478850399645125,1980.613850072767,12.150115,Winter
2019-01-26 00:00:00,40.49471714592397,1887.7373562582438,12.051603333333333,Winter
2019-01-26 01:00:00,48.747983557305076,2243.8550505489643,12.322425,Winter
2019-01-26 02:00:00,59.044937798195605,2676.46637051736,12.269963333333333,Winter
2019-01-26 03:00:00,88.0383937941013,3440.6704151630292,12.2533,Winter
2019-01-26 04:00:00,61.43756297466781,2771.1094662655814,12.20972,Winter
2019-01-26 05:00:00,48.52859217194346,1994.937686302398,12.226965,Winter
2019-01-26 06:00:00,43.05329002359108,1664.3739388407896,12.204508333333333,Winter
2019-01-26 07:00:00,43.54838164902968,1856.315538533997,12.159735000000001,Winter
2019-01-26 08:00:00,44.054358539742374,2028.5315436372491,12.05245,Winter
2019-01-26 09:00:00,45.809461924132606,2292.196882383326,11.994185,Winter
2019-01-26 10:00:00,38.661841403467015,2144.9767274416963,12.033058333333335,Winter
2019-01-26 11:00:00,36.05461880132056,1961.4603396981895,12.176963333333333,Winter
2019-01-26 12:00:00,37.298418149328,1825.0302178105687,12.364248333333334,Winter
2019-01-26 13:00:00,39.877048192670316,1884.0924696554616,12.60247,Winter
2019-01-26 14:00:00,54.61536713483642,2655.857598196274,12.659793333333333,Winter
2019-01-26 15:00:00,81.26379918523972,3432.7596758515683,12.728731666666667,Winter
2019-01-26 16:00:00,58.41485353152425,2765.366063421896,12.703071666666666,Winter
2019-01-26 17:00:00,47.33087312154673,2197.9106202270086,12.716115,Winter
2019-01-26 18:00:00,47.81807998933782,2212.742915587546,12.747646666666666,Winter
2019-01-26 19:00:00,45.88876476329521,2176.7843664821467,12.725208333333335,Winter
2019-01-26 20:00:00,45.31812612494406,2215.1824767581234,12.692503333333333,Winter
2019-01-26 21:00:00,34.53237520444953,1650.608951139386,12.800031666666666,Winter
2019-01-26 22:00:00,31.109215152822678,1479.3439146344572,12.724829999999999,Winter
2019-01-26 23:00:00,32.30566303504172,1653.2476089541688,12.650061666666666,Winter
2019-01-27 00:00:00,38.74188674973838,1836.713880347997,12.584996666666665,Winter
2019-01-27 01:00:00,40.49931282856252,1843.5012417075145,12.501560000000001,Winter
2019-01-27 02:00:00,47.36736085724084,2227.6675701561317,12.49597,Winter
2019-01-27 03:00:00,56.78229822048394,2726.490448168958,12.381941666666668,Winter
2019-01-27 04:00:00,77.9942413113848,3387.6511814130768,12.345104999999998,Winter
2019-01-27 05:00:00,64.76971512310247,2997.511843636324,12.340418333333334,Winter
2019-01-27 06:00:00,48.06485171517288,2037.4521721118285,12.337521666666667,Winter
2019-01-27 07:00:00,43.46705203323866,1762.3661707959247,12.332983333333335,Winter
2019-01-27 08:00:00,43.88039726112153,1993.853515883316,12.346746666666666,Winter
2019-01-27 09:00:00,43.60169248771356,2106.7106732426423,12.379753333333333,Winter
2019-01-27 10:00:00,39.788658400523204,2122.263773542332,12.556646666666667,Winter
2019-01-27 11:00:00,32.66115793509715,1859.330305613082,12.860098333333333,Winter
2019-01-27 12:00:00,30.162576576431725,1672.7469385721706,13.030928333333332,Winter
2019-01-27 13:00:00,32.270221610984805,1640.6760626819978,13.174523333333333,Winter
2019-01-27 14:00:00,35.178608506592916,1739.0753639719815,13.228926666666666,Winter
2019-01-27 15:00:00,40.6484950608678,2103.2236469261907,13.230311666666667,Winter
2019-01-27 16:00:00,72.08529638407325,3347.8746954777316,13.116545,Winter
2019-01-27 17:00:00,65.29051312729908,3121.6667057798277,13.07117,Winter
2019-01-27 18:00:00,50.59873553792821,2537.4865648960827,13.022228333333334,Winter
2019-01-27 19:00:00,45.977689366873975,2332.4147465435713,13.065168333333332,Winter
2019-01-27 20:00:00,44.69323991396416,2344.9043182462146,13.013056666666667,Winter
2019-01-27 21:00:00,39.812379026413005,2066.8989547554597,13.018226666666667,Winter
2019-01-27 22:00:00,39.553167700354905,2155.766209480569,13.147491666666667,Winter
2019-01-27 23:00:00,34.75517334393389,1863.6693527114685,13.355516666666666,Winter
2019-01-28 00:00:00,33.71942491030962,1699.1085955983963,13.2588,Winter
2019-01-28 01:00:00,34.878027034829756,1707.0183347463203,13.089108333333334,Winter
2019-01-28 02:00:00,36.98849652439785,1763.7518111432641,12.943415,Winter
2019-01-28 03:00:00,44.66722958261929,2248.4157349979187,12.823906666666666,Winter
2019-01-28 04:00:00,53.481292292980726,2799.754236709432,12.727644999999999,Winter
2019-01-28 05:00:00,65.67570093553428,3274.3442592345887,12.651166666666667,Winter
2019-01-28 06:00:00,53.64912202085658,2695.5396066198127,12.575141666666667,Winter
2019-01-28 07:00:00,46.31692556907311,2160.9658700286723,12.577544999999999,Winter
2019-01-28 08:00:00,42.53056871323724,1924.1943236388097,12.659271666666665,Winter
2019-01-28 09:00:00,42.29830662170352,2108.1092073677682,12.746351666666667,Winter
2019-01-28 10:00:00,41.41098548435441,2193.716571253199,12.958488333333333,Winter
2019-01-28 11:00:00,36.11228262894693,2033.9541084147802,13.433941666666668,Winter
2019-01-28 12:00:00,28.467952691677418,1674.7617793268819,13.770936666666667,Winter
2019-01-28 13:00:00,28.11508576678704,1674.3180043028945,14.130875,Winter
2019-01-28 14:00:00,31.210578517256522,1660.1922085971792,14.360951666666667,Winter
2019-01-28 15:00:00,31.23210316505498,1594.4822590842246,13.9047,Winter
2019-01-28 16:00:00,34.76880051402635,1789.541704508671,13.621115,Winter
2019-01-28 17:00:00,46.801708769497175,2539.9466807849285,13.408064999999999,Winter
2019-01-28 18:00:00,50.82609351277462,2832.712098943401,13.314841666666666,Winter
2019-01-28 19:00:00,47.75608355968123,2515.4104478772006,13.196869999999999,Winter
2019-01-28 20:00:00,45.88426333210502,2370.9903590662893,13.177845,Winter
2019-01-28 21:00:00,45.024232173160954,2340.3271160801723,13.188431666666666,Winter
2019-01-28 22:00:00,41.70640672099111,2280.64264722944,13.254961666666667,Winter
2019-01-28 23:00:00,37.520086270847194,2114.1028279788225,13.244285,Winter
2019-01-29 00:00:00,38.92718377095342,2364.5956753131386,13.280383333333333,Winter
2019-01-29 01:00:00,36.85062760502181,1849.773915144039,13.292763333333333,Winter
2019-01-29 02:00:00,38.13112237794107,1890.5423143552218,13.175616666666667,Winter
2019-01-29 03:00:00,40.721747818643706,2078.012843626373,13.088478333333335,Winter
2019-01-29 04:00:00,47.11068474967439,2421.3602757963554,13.004598333333332,Winter
2019-01-29 05:00:00,59.62688023891907,2948.9576367461077,12.958033333333333,Winter
2019-01-29 06:00:00,65.43746306328771,3127.527251333967,12.911078333333334,Winter
2019-01-29 07:00:00,58.169640488364806,2796.18337450531,12.77966,Winter
2019-01-29 08:00:00,45.046754787287355,2090.2693643104494,12.753256666666665,Winter
2019-01-29 09:00:00,40.95558303231837,1871.4695249414535,12.905211666666666,Winter
2019-01-29 10:00:00,45.59101629630045,2412.9820637478156,13.031248333333334,Winter
2019-01-29 11:00:00,42.878707187147214,2359.5825961394303,13.380811666666666,Winter
2019-01-29 12:00:00,38.50105084965396,2208.2524605971184,13.842596666666667,Winter
2019-01-29 13:00:00,30.72030289224694,1850.1093522967196,14.39773,Winter
2019-01-29 14:00:00,32.70508265602183,2037.0988722280113,14.874505,Winter
2019-01-29 15:00:00,39.836996486642796,2408.3712980674113,14.983858333333334,Winter
2019-01-29 16:00:00,39.41092905933949,2013.6498664436817,14.400298333333334,Winter
2019-01-29 17:00:00,43.20783862757581,2275.3121663287243,13.793731666666668,Winter
2019-01-29 18:00:00,45.88189157389856,2315.020320298162,13.486320000000001,Winter
2019-01-29 19:00:00,50.04883620981026,2528.997469419179,13.387483333333334,Winter
2019-01-29 20:00:00,47.45147321650586,2408.3811166211476,13.204186666666667,Winter
2019-01-29 21:00:00,48.56355261891251,2363.3910100140447,13.081256666666667,Winter
2019-01-29 22:00:00,52.12720344108506,2480.2798811116318,13.013206666666667,Winter
2019-01-29 23:00:00,48.00665476667488,2433.096571070031,13.047636666666667,Winter
2019-01-30 00:00:00,46.5886052584098,2515.748171324899,13.199353333333333,Winter
2019-01-30 01:00:00,46.8761665438856,2682.8056023390227,13.218825,Winter
2019-01-30 02:00:00,43.86378325890118,2434.133999411335,13.198970000000001,Winter
2019-01-30 03:00:00,39.119142636983455,2000.6962188139146,13.10082,Winter
2019-01-30 04:00:00,39.323659273965404,1949.7693263758704,13.005173333333333,Winter
2019-01-30 05:00:00,43.62089000852997,2233.38234930092,12.943051666666667,Winter
2019-01-30 06:00:00,49.45662047370452,2631.402759361683,12.896745000000001,Winter
2019-01-30 07:00:00,54.23594495288823,2912.3175904129066,12.906188333333334,Winter
2019-01-30 08:00:00,46.96989270910284,2556.7787718350914,12.874961666666668,Winter
2019-01-30 09:00:00,44.224718122690234,2178.6523406961815,12.826308333333333,Winter
2019-01-30 10:00:00,39.45500867662274,1857.370646410253,12.82692,Winter
2019-01-30 11:00:00,42.37751001779732,2367.5748071712187,13.086594999999999,Winter
2019-01-30 12:00:00,41.80589093106395,2437.870684736078,13.652511666666667,Winter
2019-01-30 13:00:00,37.5664446250078,2322.918993694161,14.20398,Winter
2019-01-30 14:00:00,33.98390215510132,2085.209827232487,14.709293333333333,Winter
2019-01-30 15:00:00,33.78854135424954,2323.765810365957,15.056075,Winter
2019-01-30 16:00:00,42.74480501947415,2746.200858952865,15.068466666666666,Winter
2019-01-30 17:00:00,41.691217377992665,2374.3635448352334,14.637283333333333,Winter
2019-01-30 18:00:00,40.407456738494616,2153.613802698229,14.015921666666666,Winter
2019-01-30 19:00:00,40.05141151925699,2148.479434899581,13.592506666666667,Winter
2019-01-30 20:00:00,42.8547559312576,2383.8513982002173,13.486835000000001,Winter
2019-01-30 21:00:00,45.18117497868109,2526.6278523952396,13.454873333333333,Winter
2019-01-30 22:00:00,49.97821149129308,2779.3503206161336,13.389396666666666,Winter
2019-01-30 23:00:00,51.53420665783578,2767.4837227837984,13.296761666666667,Winter
2019-01-31 00:00:00,45.22060211054159,2487.2688919558736,13.322931666666667,Winter
2019-01-31 01:00:00,40.45411579136564,2324.3124077168277,13.46032,Winter
2019-01-31 02:00:00,42.06755181077462,2642.611520340324,13.608081666666667,Winter
2019-01-31 03:00:00,39.27338931744656,2489.6568140309155,13.61988,Winter
2019-01-31 04:00:00,34.98999066559381,2146.8585722876132,13.597691666666666,Winter
2019-01-31 05:00:00,37.15246966885732,2204.1182209035906,13.478846666666668,Winter
2019-01-31 06:00:00,40.89504670745272,2390.442689690497,13.314798333333332,Winter
2019-01-31 07:00:00,47.2536227877185,2751.4076615827407,13.237853333333334,Winter
2019-01-31 08:00:00,53.95461240688189,3176.0356143879417,13.198916666666666,Winter
2019-01-31 09:00:00,47.87997611162247,2797.6395875862513,13.06086,Winter
2019-01-31 10:00:00,40.82312269155263,2236.5817286602314,13.004443333333334,Winter
2019-01-31 11:00:00,40.96209711761912,2272.5949593996274,13.185458333333335,Winter
2019-01-31 12:00:00,41.75094881246929,2635.2177501738074,13.630168333333334,Winter
2019-01-31 13:00:00,42.2862585215166,2892.4405551825544,14.270135,Winter
2019-01-31 14:00:00,37.32892563961194,2677.4182277184127,14.792498333333333,Winter
2019-01-31 15:00:00,34.75710536353817,2568.2204056991204,15.241548333333332,Winter
2019-01-31 16:00:00,38.54133262172047,2750.080754320523,15.459403333333334,Winter
2019-01-31 17:00:00,49.52078714167645,2968.6098430100355,15.36341,Winter
2019-01-31 18:00:00,48.27254011866286,2993.1947176826893,14.975185000000002,Winter
2019-01-31 19:00:00,47.4295211920918,2568.7569767107734,14.292956666666667,Winter
2019-01-31 20:00:00,46.443552534203526,2597.705301473614,13.679973333333333,Winter
2019-01-31 21:00:00,48.708653299330194,2755.8155090970276,13.496253333333334,Winter
2019-01-31 22:00:00,56.142886002974464,3193.398824243656,13.402831666666666,Winter
2019-01-31 23:00:00,53.793395029211034,2954.2002829324156,13.299603333333332,Winter
2019-02-01 00:00:00,49.872067618931624,2766.9187780347893,13.347521666666667,Winter
2019-02-01 01:00:00,44.96861187097154,2604.56864097997,13.451963333333333,Winter
2019-02-01 02:00:00,41.49794207754971,2630.938937142379,13.710538333333334,Winter
2019-02-01 03:00:00,40.76743142751131,2821.0503001089583,13.874396666666666,Winter
2019-02-01 04:00:00,41.32786205690243,2661.200757756976,13.896995,Winter
2019-02-01 05:00:00,43.263314356958176,2536.215460572622,13.764883333333334,Winter
2019-02-01 06:00:00,43.9355185317814,2482.601079522233,13.469151666666667,Winter
2019-02-01 07:00:00,46.375284421895834,2619.8922447511072,13.226158333333332,Winter
2019-02-01 08:00:00,51.74547274960369,3023.4965924348353,13.121696666666667,Winter
2019-02-01 09:00:00,51.541812113006884,3003.974195961003,13.083641666666667,Winter
2019-02-01 10:00:00,45.0814130505599,2441.192023021502,13.027621666666667,Winter
2019-02-01 11:00:00,43.042411623816506,2217.5024658560724,13.088930000000001,Winter
2019-02-01 12:00:00,41.0829957386825,2141.965993957068,13.34123,Winter
2019-02-01 13:00:00,52.04864666988382,2881.7841339302095,13.879498333333334,Winter
2019-02-01 14:00:00,57.76615829331355,3163.675811017223,13.857728333333334,Winter
2019-02-01 15:00:00,61.54120757977031,3089.220968398843,14.005683333333334,Winter
2019-02-01 16:00:00,48.50913425651545,2540.121295345416,13.740765000000001,Winter
2019-02-01 17:00:00,40.19876077563989,2249.749222119005,13.596621666666666,Winter
2019-02-01 18:00:00,40.580362917324756,2294.7299639857583,13.663163333333333,Winter
2019-02-01 19:00:00,34.45291205118246,2147.653822518647,13.550471666666665,Winter
2019-02-01 20:00:00,35.90615805084356,2030.9170675392181,13.482811666666667,Winter
2019-02-01 21:00:00,32.55361438474144,1839.037374831168,13.167758333333333,Winter
2019-02-01 22:00:00,28.622647441466853,1698.2357758426551,13.031281666666667,Winter
2019-02-01 23:00:00,23.735771872830927,1643.5677105541176,13.05631,Winter
2019-02-02 00:00:00,25.33038104010465,1890.957278533352,12.970481666666666,Winter
2019-02-02 01:00:00,19.087127935096582,1867.1244958946183,12.969418333333333,Winter
2019-02-02 02:00:00,11.492750782673998,1574.5088346091402,12.981214999999999,Winter
2019-02-02 03:00:00,12.693007963463625,1624.8980873022933,12.927988333333333,Winter
2019-02-02 04:00:00,12.707241767026854,1676.4883460099786,12.811798333333334,Winter
2019-02-02 05:00:00,25.61221194595127,2219.1869381505403,12.876985,Winter
2019-02-02 06:00:00,20.343765099406628,1843.4039178217636,12.86782,Winter
2019-02-02 07:00:00,24.8663407506654,1992.2593881818866,12.825529999999999,Winter
2019-02-02 08:00:00,51.08388436781074,2908.855049042074,12.757563333333334,Winter
2019-02-02 09:00:00,55.15420739587318,2958.4819152077025,12.719415,Winter
2019-02-02 10:00:00,46.7489159267457,2377.9571782377216,12.764725,Winter
2019-02-02 11:00:00,41.22263055661378,1881.6128413325112,12.82395,Winter
2019-02-02 12:00:00,38.21788102794795,1695.7777742266353,12.967571666666666,Winter
2019-02-02 13:00:00,32.4803518838422,1561.5111692071455,13.13079,Winter
2019-02-02 14:00:00,30.583457013154558,1613.1972543057263,13.127293333333334,Winter
2019-02-02 15:00:00,32.45479198036654,1801.4573717957942,13.241796666666666,Winter
2019-02-02 16:00:00,18.342868427249485,1362.7180384460462,13.314595,Winter
2019-02-02 17:00:00,11.515535915315878,1143.2215966128688,13.250323333333334,Winter
2019-02-02 18:00:00,12.412660192857548,1173.485340554005,13.143979999999999,Winter
2019-02-02 19:00:00,17.746571505610593,1368.104425564987,12.995596666666668,Winter
2019-02-02 20:00:00,21.062710699673936,1468.8745166888002,12.896749999999999,Winter
2019-02-02 21:00:00,21.714744526727582,1511.748938764937,12.82202,Winter
2019-02-02 22:00:00,24.647454146210062,1592.192987060148,12.762056666666666,Winter
2019-02-02 23:00:00,30.729831754020147,1727.1494331467695,12.718169999999999,Winter
2019-02-03 00:00:00,33.13164096418395,1718.887778575673,12.735523333333333,Winter
2019-02-03 01:00:00,35.00383793250002,1742.4987605012643,12.73809,Winter
2019-02-03 02:00:00,37.767193929663044,1867.0427254502201,12.72097,Winter
2019-02-03 03:00:00,41.92369194655609,2217.0588571938188,12.705648333333333,Winter
2019-02-03 04:00:00,50.05566799034247,2696.4490573346397,12.678763333333334,Winter
2019-02-03 05:00:00,60.078199005419876,3129.446757722666,12.620641666666668,Winter
2019-02-03 06:00:00,48.05297728086682,2472.424294142845,12.617488333333334,Winter
2019-02-03 07:00:00,47.27331927588065,2398.3591369330625,12.606498333333333,Winter
2019-02-03 08:00:00,55.65276088917805,2779.7032723209813,12.599776666666665,Winter
2019-02-03 09:00:00,65.76389620908046,3212.42794192541,12.594636666666666,Winter
2019-02-03 10:00:00,70.6627877451416,3450.830201285183,12.602228333333333,Winter
2019-02-03 11:00:00,52.6637291978019,2562.1944557203233,12.623628333333333,Winter
2019-02-03 12:00:00,45.815230124497944,2064.365279399397,12.68174,Winter
2019-02-03 13:00:00,43.55534949461106,2001.330949895441,12.751453333333334,Winter
2019-02-03 14:00:00,40.62019878064727,1992.7107491319675,12.847063333333333,Winter
2019-02-03 15:00:00,31.74645605534387,1751.6446279584409,12.931413333333333,Winter
2019-02-03 16:00:00,27.830628703342466,1690.2812911918227,12.947528333333334,Winter
2019-02-03 17:00:00,24.142648518754434,1619.7700504362606,12.854088333333333,Winter
2019-02-03 18:00:00,29.67366508086225,1750.9877251733585,12.6761,Winter
2019-02-03 19:00:00,28.009476175696378,1878.0469657223994,12.565265,Winter
2019-02-03 20:00:00,35.708447066954825,1995.4446558833024,12.604738333333334,Winter
2019-02-03 21:00:00,49.83495493277215,2497.415922246443,12.540106666666667,Winter
2019-02-03 22:00:00,53.51013402716488,2603.238229863504,12.39883,Winter
2019-02-03 23:00:00,52.78687367037915,2512.3333993410333,12.357066666666666,Winter
2019-02-04 00:00:00,44.12686332079808,2007.5949493985547,12.352181666666667,Winter
2019-02-04 01:00:00,42.52307085365106,1965.3773025244936,12.35388,Winter
2019-02-04 02:00:00,40.0568295727088,1842.4943063431638,12.413236666666668,Winter
2019-02-04 03:00:00,48.342025298225124,2466.8641932925284,12.430769999999999,Winter
2019-02-04 04:00:00,52.46655391883874,2713.368975407497,12.402373333333333,Winter
2019-02-04 05:00:00,42.96315433960245,2281.414160310791,12.337623333333333,Winter
2019-02-04 06:00:00,36.42919431610521,1910.2333522263743,12.251295,Winter
2019-02-04 07:00:00,37.049829312484675,2060.1949859940305,12.196923333333332,Winter
2019-02-04 08:00:00,53.95044880858901,2745.102381339201,12.13323,Winter
2019-02-04 09:00:00,48.522604040800886,2403.4031137102443,12.075058333333335,Winter
2019-02-04 10:00:00,40.220396390219854,2034.7842890963075,12.035478333333334,Winter
2019-02-04 11:00:00,41.5179921107258,2266.746006194994,12.031141666666667,Winter
2019-02-04 12:00:00,44.427287057801635,2164.2852784406864,12.068228333333334,Winter
2019-02-04 13:00:00,40.08054596454775,1857.412441365291,12.12525,Winter
2019-02-04 14:00:00,33.720230615582935,1649.5286670934408,12.218828333333333,Winter
2019-02-04 15:00:00,27.905130843814206,1526.4064857787005,12.18259,Winter
2019-02-04 16:00:00,29.285671889403638,1790.8129773865016,11.938528333333332,Winter
2019-02-04 17:00:00,21.937578255732056,1225.6284720182393,11.550381666666668,Winter
2019-02-04 18:00:00,14.862828202968744,1069.0663533254071,11.236916666666668,Winter
2019-02-04 19:00:00,11.778982081584545,1244.3768131615761,11.130155,Winter
2019-02-04 20:00:00,4.50317752408607,444.0752245858944,11.151771666666667,Winter
2019-02-04 21:00:00,18.897640576335256,1298.707432486622,11.445308333333333,Winter
2019-02-04 22:00:00,36.107320181964056,2058.118592960327,11.508048333333333,Winter
2019-02-04 23:00:00,41.56691468909236,2439.5739244642573,11.441238333333333,Winter
2019-02-05 00:00:00,59.63828267150011,3123.7272997520486,11.430961666666667,Winter
2019-02-05 01:00:00,48.768490135286925,2446.942235031848,11.459998333333335,Winter
2019-02-05 02:00:00,53.005860693439644,2530.2568746937213,11.484900000000001,Winter
2019-02-05 03:00:00,57.24287723186696,2686.800331413334,11.384123333333333,Winter
2019-02-05 04:00:00,48.85251791452751,2523.400586611744,11.233228333333333,Winter
2019-02-05 05:00:00,46.50000710336895,2963.898089660037,10.96019,Winter
2019-02-05 06:00:00,54.93022943488678,3621.4600264339115,10.901718333333333,Winter
2019-02-05 07:00:00,25.993630104005852,1422.2672302348574,10.618598333333333,Winter
2019-02-05 08:00:00,30.054313215862216,1607.0496206470266,10.499889999999999,Winter
2019-02-05 09:00:00,36.73961761469167,2085.690352076872,10.67755,Winter
2019-02-05 10:00:00,54.08256615793006,3214.4323208729475,10.821316666666666,Winter
2019-02-05 11:00:00,68.1376159268878,3393.1705230385155,10.898103333333333,Winter
2019-02-05 12:00:00,55.81312908284062,2916.594681200653,11.021338333333334,Winter
2019-02-05 13:00:00,53.97434540103729,2523.4946288173523,11.341896666666667,Winter
2019-02-05 14:00:00,55.43762077525591,2678.2189604059986,11.330841666666666,Winter
2019-02-05 15:00:00,59.67530889189362,2846.1493294772636,11.201196666666668,Winter
2019-02-05 16:00:00,61.9963830906924,2814.8713995053167,11.100983333333334,Winter
2019-02-05 17:00:00,25.277147799438286,3080.437590878675,10.993653333333333,Winter
2019-02-05 18:00:00,8.242705688856441,1103.2333075219008,10.458485,Winter
2019-02-05 19:00:00,7.748638967677373,1006.7209377409426,10.351706666666667,Winter
2019-02-05 20:00:00,13.133067804152393,1499.5085818353605,10.295,Winter
2019-02-05 21:00:00,24.52359712416233,1667.9228908442685,10.187498333333334,Winter
2019-02-05 22:00:00,48.857803101645615,2480.9390929267565,10.53364,Winter
2019-02-05 23:00:00,75.30633922663,3192.2361766826816,10.842488333333334,Winter
2019-02-06 00:00:00,91.4178423084289,3499.8886626411577,10.872801666666668,Winter
2019-02-06 01:00:00,79.14336886829281,3293.0752958361472,10.998708333333333,Winter
2019-02-06 02:00:00,63.82503158873418,2885.0065984071616,11.019886666666668,Winter
2019-02-06 03:00:00,65.93895848546143,2922.6402652150214,10.959746666666666,Winter
2019-02-06 04:00:00,75.31562765482806,3096.8585960993314,10.673236666666666,Winter
2019-02-06 05:00:00,90.08398436395676,3424.2872557056585,10.323021666666667,Winter
2019-02-06 06:00:00,84.3983113623659,3581.4264233640297,9.939736666666667,Winter
2019-02-06 07:00:00,74.36417139915616,3501.600435616329,9.762933333333333,Winter
2019-02-06 08:00:00,65.62076245199441,3224.525355867825,9.860393333333333,Winter
2019-02-06 09:00:00,68.74600339281068,3413.3666400194643,10.118766666666666,Winter
2019-02-06 10:00:00,84.04264361628077,3623.1673781772906,10.476458333333333,Winter
2019-02-06 11:00:00,100.14389348594213,3870.664491093169,10.736475,Winter
2019-02-06 12:00:00,96.9865164492582,3876.8393105953146,10.862751666666666,Winter
2019-02-06 13:00:00,90.81466571307868,3868.0638280759963,11.094225,Winter
2019-02-06 14:00:00,81.24282729826926,3788.050860669754,11.238325,Winter
2019-02-06 15:00:00,88.39483423258127,3938.5292604720134,11.328488333333333,Winter
2019-02-06 16:00:00,89.74321097402174,3625.13191668746,10.762096666666668,Winter
2019-02-06 17:00:00,76.76719988362571,3388.4231713465742,10.266901666666666,Winter
2019-02-06 18:00:00,61.015906488615094,3020.9435593726794,10.105105,Winter
2019-02-06 19:00:00,53.33911859136427,3001.1222323557877,9.650913333333333,Winter
2019-02-06 20:00:00,63.993028938474886,3481.2588229103244,9.473091666666667,Winter
2019-02-06 21:00:00,68.56875544217627,3335.2611347673947,9.659208333333334,Winter
2019-02-06 22:00:00,94.31316422498836,3710.3938411348727,10.239065,Winter
2019-02-06 23:00:00,107.10556954852075,3820.293549167247,10.830446666666667,Winter
2019-02-07 00:00:00,114.82072264369444,3932.4530443368776,11.099503333333333,Winter
2019-02-07 01:00:00,109.03023840308711,4028.668092085829,11.204443333333334,Winter
2019-02-07 02:00:00,108.23794321421326,4016.8258610516677,11.254295,Winter
2019-02-07 03:00:00,111.22361433229324,4051.598230432225,10.967350000000001,Winter
2019-02-07 04:00:00,119.7543493380401,4194.299585259803,10.734891666666666,Winter
2019-02-07 05:00:00,118.27561044006927,4177.493395201231,10.487723333333333,Winter
2019-02-07 06:00:00,103.25743690035173,3999.720262779744,9.994895000000001,Winter
2019-04-17 20:00:00,100.23361864144576,3598.198976068941,17.596306666666667,Spring
2019-04-17 21:00:00,90.51565812047264,3777.9851541192847,17.33222,Spring
2019-04-17 22:00:00,68.62742496172677,3656.83718041651,17.077476666666666,Spring
2019-04-17 23:00:00,63.87260516810484,3417.457700843529,17.024293333333333,Spring
2019-04-18 00:00:00,61.46318417225555,3257.209909793069,17.075073333333332,Spring
2019-04-18 01:00:00,71.87919312872293,3360.3131169869666,16.93321,Spring
2019-04-18 02:00:00,67.16594258832748,3198.7479365678514,16.976538333333334,Spring
2019-04-18 03:00:00,63.24346433312684,3137.560054364711,16.976173333333332,Spring
2019-04-18 04:00:00,78.58050499920387,3705.737526017795,17.029988333333332,Spring
2019-04-18 05:00:00,69.17199347006002,3137.050318017178,16.680116666666667,Spring
2019-04-18 06:00:00,80.62573116537827,3480.3404268812847,16.448515,Spring
2019-04-18 07:00:00,82.11668468672573,3381.3660004629132,16.499166666666667,Spring
2019-04-18 08:00:00,106.0939800502362,3509.7591870962056,16.753423333333334,Spring
2019-04-18 09:00:00,73.90851381555692,3299.9160253857544,16.816076666666667,Spring
2019-04-18 10:00:00,71.41172805962046,3255.5842009300104,16.909613333333333,Spring
2019-04-18 11:00:00,68.98756363342875,3266.7432166372937,17.029415,Spring
2019-04-18 12:00:00,72.06132392003178,3388.630307872535,17.03352333333333,Spring
2019-04-18 13:00:00,73.63956591769113,3313.152665155626,17.393185000000003,Spring
2019-04-18 14:00:00,71.46286896252289,3125.7729920145966,17.849348333333335,Spring
2019-04-18 15:00:00,74.18969352904857,3328.485495219593,18.19718,Spring
2019-04-18 16:00:00,75.93570764584823,3568.186510714625,18.921718333333335,Spring
2019-04-18 17:00:00,82.92110025577642,3699.616110421182,19.409375,Spring
2019-04-18 18:00:00,76.47766787175549,3313.2515384419553,19.81827,Spring
2019-04-18 19:00:00,84.9686642095568,3309.1407805638573,20.01718,Spring
2019-04-18 20:00:00,103.80416527917082,3587.9487742032,18.98243,Spring
2019-04-18 21:00:00,84.66236774470602,3442.379617461723,18.350301666666667,Spring
2019-04-18 22:00:00,77.11674898905773,3305.7019770487977,18.094643333333334,Spring
2019-04-18 23:00:00,71.13093258325006,3245.2569464299168,17.92552,Spring
2019-04-19 00:00:00,72.61499263706027,3335.7514714422564,17.771203333333336,Spring
2019-04-19 01:00:00,77.44971035723748,3400.939717656509,17.657625,Spring
2019-04-19 02:00:00,87.40661895871625,3410.2754199333194,17.514484999999997,Spring
2019-04-19 03:00:00,79.83662309425125,3217.301738204047,17.83336166666667,Spring
2019-04-19 04:00:00,94.18202765752696,3533.1957410594932,18.070168333333335,Spring
2019-04-19 05:00:00,98.5458718318837,3622.396265585223,18.213383333333333,Spring
2019-04-19 06:00:00,73.79601994014206,3071.337873287771,17.964583333333334,Spring
2019-04-19 07:00:00,83.60390653219704,3345.759877887299,17.812685,Spring
2019-04-19 08:00:00,80.90492715226932,3156.937251500726,17.948069999999998,Spring
2019-04-19 09:00:00,93.17195764419681,3536.5089893053973,18.39171,Spring
2019-04-19 10:00:00,78.99135003234755,3354.284175696764,17.97871,Spring
2019-04-19 11:00:00,79.70655185929309,3377.1712477147685,17.82566166666667,Spring
2019-04-19 12:00:00,84.24913429866575,3463.837023893292,17.796015,Spring
2019-04-19 13:00:00,87.99989456098226,3528.0239625705076,17.815835,Spring
2019-04-19 14:00:00,93.61157629456059,3548.1074620571426,18.018578333333334,Spring
2019-04-19 15:00:00,93.31868077822296,3379.7905002660145,18.305323333333334,Spring
2019-04-19 16:00:00,98.52590436964124,3522.68993180976,18.757323333333332,Spring
2019-04-19 17:00:00,109.67621309418061,3555.6505791745526,19.223748333333333,Spring
2019-04-19 18:00:00,65.80572807586611,3053.5221169753995,19.61615,Spring
2019-04-19 19:00:00,41.10671830830749,2396.4556057379614,19.48535,Spring
2019-04-19 20:00:00,54.660351708086736,2802.0501814008794,18.986251666666664,Spring
2019-04-19 21:00:00,103.72791251173726,3324.289550205988,18.475265,Spring
2019-04-19 22:00:00,116.996909831547,3281.8830823361236,18.275531666666666,Spring
2019-04-19 23:00:00,111.89354175222684,3821.3843230419243,18.123828333333332,Spring
2019-04-20 00:00:00,93.26209270586796,3925.0532239124436,18.012055,Spring
2019-04-20 01:00:00,90.38924600225619,3733.6044394511046,17.749963333333334,Spring
2019-04-20 02:00:00,103.392786762481,3501.0782598985497,17.515468333333335,Spring
2019-04-20 03:00:00,118.08417187874113,3232.446747186722,17.415068333333334,Spring
2019-04-20 04:00:00,114.13443486879805,3326.084978869951,17.642391666666665,Spring
2019-04-20 05:00:00,105.14966502756846,3043.5763215664756,17.96021,Spring
2019-04-20 06:00:00,48.153595208604436,2696.10026329188,17.81874,Spring
2019-04-20 07:00:00,11.984080241422495,1477.7740347204767,16.582798333333333,Spring
2019-04-20 08:00:00,8.649217399867048,1375.097950461447,16.52747,Spring
2019-04-20 09:00:00,9.063184352306656,1346.8532077176728,16.660405,Spring
2019-04-20 10:00:00,42.230551395527456,2481.6443710198328,17.174576666666667,Spring
2019-04-20 11:00:00,56.05530206230503,2874.7699965835345,17.166765,Spring
2019-04-20 12:00:00,51.10788155731487,2762.37312288398,17.145353333333333,Spring
2019-04-20 13:00:00,37.93460836011998,2597.521348157527,17.229421666666667,Spring
2019-04-20 14:00:00,37.671413349670544,2499.99170891185,17.29214166666667,Spring
2019-04-20 15:00:00,42.46475271667536,2662.4382088643993,17.286753333333333,Spring
2019-04-20 16:00:00,38.387579660119734,2688.913611344472,17.423471666666668,Spring
2019-04-20 17:00:00,25.584246816177938,2199.1093728221576,17.624228333333335,Spring
2019-04-20 18:00:00,12.691812437340083,1993.5007747367495,17.53873666666667,Spring
2019-04-20 19:00:00,10.240595577282924,1696.1613770559381,17.296805,Spring
2019-04-20 20:00:00,8.541217830336748,1608.794350179145,17.004455,Spring
2019-04-20 21:00:00,8.318330447992262,1480.9319327124163,16.909966666666666,Spring
2019-04-20 22:00:00,12.833749498168855,1977.3073496610264,17.03212,Spring
2019-04-20 23:00:00,16.817946846755305,2179.4113112476366,16.995269999999998,Spring
2019-04-21 00:00:00,37.38240621584783,3019.6739341831963,16.94449,Spring
2019-04-21 01:00:00,67.70632423051983,3975.1086113918886,16.797248333333336,Spring
2019-04-21 02:00:00,84.60329104657689,4201.2844696356715,16.539401666666667,Spring
2019-04-21 03:00:00,109.49111553762536,3758.579179046752,16.41841833333333,Spring
2019-04-21 04:00:00,110.57893775634365,3589.3498410294824,16.280456666666666,Spring
2019-04-21 05:00:00,88.42789696238569,3451.2825611480266,16.16864,Spring
2019-04-21 06:00:00,64.50953292041044,3074.0393419562433,15.711058333333334,Spring
2019-04-21 07:00:00,55.97231513274386,2782.2754700861833,14.897763333333334,Spring
2019-04-21 08:00:00,102.38582035715707,3147.5877103150688,14.839775,Spring
2019-04-21 09:00:00,73.30936762369755,3408.722488018203,15.511471666666667,Spring
2019-04-21 10:00:00,81.12831963418462,3341.025095169128,15.639285,Spring
2019-04-21 11:00:00,114.18478564413152,3586.8224575957383,16.706883333333334,Spring
2019-04-21 12:00:00,104.55450676133952,3697.6666803571793,17.045823333333335,Spring
2019-04-21 13:00:00,101.61535589941965,3508.224304635572,17.173226666666668,Spring
2019-04-21 14:00:00,85.6817136107721,3455.6255356330266,17.319194999999997,Spring
2019-04-21 15:00:00,84.4463819578259,3395.1971943652998,17.499908333333334,Spring
2019-04-21 16:00:00,97.35723103727463,3323.5268986229967,17.844356666666666,Spring
2019-04-21 17:00:00,82.97640211805557,3209.9736495343386,17.806503333333335,Spring
2019-04-21 18:00:00,60.07959545734907,2946.0170464639987,17.551184999999997,Spring
2019-04-21 19:00:00,53.16534864149403,3005.491593108082,17.443613333333335,Spring
2019-04-21 20:00:00,41.82158487718528,2824.3858499358757,17.321743333333334,Spring
2019-04-21 21:00:00,45.519147853074216,2849.5590618281844,17.05874,Spring
2019-04-21 22:00:00,43.23788360813518,2860.788059534647,16.957526666666666,Spring
2019-04-21 23:00:00,59.289012269440406,3311.3591434179652,16.913903333333334,Spring
2019-04-22 00:00:00,95.03132364817445,3723.021642121357,16.88745833333333,Spring
2019-04-22 01:00:00,74.9949805364513,4117.472332814734,16.842148333333334,Spring
2019-04-22 02:00:00,77.65332637293619,4054.4262125056757,16.744055,Spring
2019-04-22 03:00:00,96.53804275855322,3628.667560763936,16.642735000000002,Spring
2019-04-22 04:00:00,111.839553863605,3328.924838856804,16.781188333333333,Spring
2019-04-22 05:00:00,122.3194767484124,3325.837589099683,16.67555,Spring
2019-04-22 06:00:00,112.0701807527239,3247.1178465200956,16.335541666666664,Spring
2019-04-22 07:00:00,95.90847074357583,3244.050165368763,16.024964999999998,Spring
2019-04-22 08:00:00,62.796227047142196,2945.1061141184564,15.814443333333333,Spring
2019-04-22 09:00:00,113.71027201837515,3001.211010496286,16.431521666666665,Spring
2019-04-22 10:00:00,64.54987051747855,3326.2707007047316,16.93081,Spring
2019-04-22 11:00:00,73.48829733264002,3564.0959245700406,17.16256333333333,Spring
2019-04-22 12:00:00,86.39788431002319,3836.1684293912185,17.537916666666668,Spring
2019-04-22 13:00:00,97.33490293995604,3475.7349679652402,17.846695,Spring
2019-04-22 14:00:00,105.02531418876436,3558.029856601161,18.085581666666666,Spring
2019-04-22 15:00:00,105.96030600695141,3322.431984897923,18.325960000000002,Spring
2019-04-22 16:00:00,121.02990512157183,3384.545918685331,18.400053333333336,Spring
2019-04-22 17:00:00,122.0803869221491,3387.111906997041,18.480916666666666,Spring
2019-04-22 18:00:00,122.16629710741628,3362.6427006393733,18.491405,Spring
2019-04-22 19:00:00,122.91368273063767,3191.8516325015835,18.44375,Spring
2019-04-22 20:00:00,126.44104885478998,3157.186218661065,18.311265,Spring
2019-04-22 21:00:00,135.11330076763477,3055.551441779677,18.15959666666667,Spring
2019-04-22 22:00:00,136.43749287304004,3215.1129949907427,18.127456666666667,Spring
2019-04-22 23:00:00,130.82398044600498,3629.369322347503,18.12461,Spring
2019-04-23 00:00:00,124.61815520862771,3752.956816159786,18.062788333333334,Spring
2019-04-23 01:00:00,119.76355621911108,3719.2624275540975,17.89256,Spring
2019-04-23 02:00:00,120.01379718245921,3653.703805630924,17.78275,Spring
2019-04-23 03:00:00,135.56370529000293,3563.9317028617525,17.817031666666665,Spring
2019-04-23 04:00:00,143.87595543664466,3409.0752320189395,17.77610333333333,Spring
2019-04-23 05:00:00,127.73555385789393,3512.587341018584,17.76342833333333,Spring
2019-04-23 06:00:00,102.59128826752524,3386.1324611960135,17.746188333333333,Spring
2019-04-23 07:00:00,114.27984321728502,3557.274004078989,17.611114999999998,Spring
2019-04-23 08:00:00,74.46039540425757,3770.1267412556726,17.917678333333335,Spring
2019-04-23 09:00:00,59.44390302093264,3743.207541398886,18.947375,Spring
2019-04-23 10:00:00,72.72963109940073,3976.212251046829,19.71661,Spring
2019-04-23 11:00:00,93.7866046519544,4148.200045894726,20.020950000000003,Spring
2019-04-23 12:00:00,96.66532977535853,4102.876416437158,19.774971666666666,Spring
2019-04-23 13:00:00,119.96247537659305,3683.181883285117,19.278925,Spring
2019-04-23 14:00:00,127.85355131559425,3558.1096008097475,19.313638333333333,Spring
2019-04-23 15:00:00,125.61338634798565,3410.9811374129076,19.243893333333332,Spring
2019-04-23 16:00:00,120.13174475865651,3328.495353620148,19.305259999999997,Spring
2019-04-23 17:00:00,119.59407758382795,3363.4302865927775,19.241845,Spring
2019-04-23 18:00:00,115.81564612827384,3477.7773743638054,19.323919999999998,Spring
2019-04-23 19:00:00,114.19907088040881,3492.812854809953,19.385608333333334,Spring
2019-04-23 20:00:00,110.157565358939,3419.1928775105894,19.637823333333333,Spring
2019-04-23 21:00:00,116.09132084447461,3421.831293521949,19.73111833333333,Spring
2019-04-23 22:00:00,116.18923770582956,3409.7191583066838,19.696971666666666,Spring
2019-04-23 23:00:00,90.57942056385642,3222.6022138941935,19.619685,Spring
2019-04-24 00:00:00,89.98177452495428,3152.417042098677,19.394965000000003,Spring
2019-04-24 01:00:00,94.26765687255227,3247.0950579378195,19.126473333333333,Spring
2019-04-24 02:00:00,96.97317716526379,3328.9370748508836,18.97374166666667,Spring
2019-04-24 03:00:00,97.74079706752872,3209.033554917518,18.804336666666664,Spring
2019-04-24 04:00:00,90.65956882244791,3036.406953341362,18.664901666666665,Spring
2019-04-24 05:00:00,90.19711921013209,3025.1750752784865,18.653545,Spring
2019-04-24 06:00:00,92.47987295974653,3056.4797199179484,18.733043333333335,Spring
2019-04-24 07:00:00,95.38667475160955,3260.851360787281,19.054261666666665,Spring
2019-04-24 08:00:00,84.29111316984884,3412.435838484459,19.44304833333333,Spring
2019-04-24 09:00:00,78.02516361135903,3736.054504641067,20.453445,Spring
2019-04-24 10:00:00,81.03256834054571,4146.75868886315,22.274343333333334,Spring
2019-04-24 11:00:00,100.82406608038926,4285.122194600022,22.677251666666667,Spring
2019-04-24 12:00:00,124.16930445655316,4241.033865375873,22.88117833333333,Spring
2019-04-24 13:00:00,135.9813271705519,3939.4407407672097,21.95703,Spring
2019-04-24 14:00:00,141.30865232276022,3128.8889541381823,21.023826666666665,Spring
2019-04-24 15:00:00,134.56529126332117,3123.1675088116335,20.635385,Spring
2019-04-24 16:00:00,128.09135731971887,3076.689085067983,20.571185,Spring
2019-04-24 17:00:00,130.8296811224351,3102.1355581646694,20.428555,Spring
2019-04-24 18:00:00,135.656456168681,3113.5789787154804,20.114296666666668,Spring
2019-04-24 19:00:00,139.17931424607548,3013.074832346322,19.933866666666667,Spring
2019-04-24 20:00:00,141.2960986291634,2854.604784749358,19.923606666666668,Spring
2019-04-24 21:00:00,142.61933520761872,2766.552943437666,20.059281666666667,Spring
2019-04-24 22:00:00,143.69998468821842,2710.9951743888023,20.159969999999998,Spring
2019-04-24 23:00:00,139.96312650728612,2917.644231030673,20.055128333333336,Spring
2019-04-25 00:00:00,143.7585794421978,3020.1731565015825,19.993458333333333,Spring
2019-04-25 01:00:00,146.30823522413306,2901.293465323053,19.869446666666665,Spring
2019-04-25 02:00:00,147.17625538959038,2910.8775790790996,19.665335000000002,Spring
2019-04-25 03:00:00,145.94749246398135,2910.392395991171,19.504028333333334,Spring
2019-04-25 04:00:00,144.3486641265287,2950.43813710854,19.345926666666667,Spring
2019-04-25 05:00:00,145.24475945577905,3054.97072507333,19.187783333333336,Spring
2019-04-25 06:00:00,143.39668707900267,3051.8732623910214,18.881621666666668,Spring
2019-04-25 07:00:00,143.73993046104135,3117.283296221466,18.844865000000002,Spring
2019-04-25 08:00:00,148.75078781987668,3102.6773697758363,19.217845,Spring
2019-04-25 09:00:00,153.41482629185546,3271.507325218814,19.740663333333334,Spring
2019-04-25 10:00:00,126.52826668701609,4248.014363098994,20.488748333333334,Spring
2019-04-25 11:00:00,103.01211928814578,4231.354547881362,21.529705,Spring
2019-04-25 12:00:00,61.81600071372655,3413.9366987052326,22.17077,Spring
2019-04-25 13:00:00,71.06307824137974,3672.2914628535873,21.855755,Spring
2019-04-25 14:00:00,104.50056382651265,3578.2885236291004,21.421711666666667,Spring
2019-04-25 15:00:00,113.84994229145693,3274.05391084045,21.14579666666667,Spring
2019-04-25 16:00:00,123.18215170483909,3121.120893187609,20.863218333333336,Spring
2019-04-25 17:00:00,129.61365043011597,2892.982282135125,20.73154333333333,Spring
2019-04-25 18:00:00,132.02079532828088,2786.3868360088954,20.570356666666665,Spring
2019-04-25 19:00:00,130.96929437553547,2721.2432670783264,20.40394,Spring
2019-04-25 20:00:00,129.12633180614677,2713.3517638177464,20.188038333333335,Spring
2019-04-25 21:00:00,130.0490293791122,2689.3307202185965,20.035183333333332,Spring
2019-04-25 22:00:00,136.16642927159694,2571.286138812868,19.99148166666667,Spring
2019-04-25 23:00:00,139.85422357570513,2594.901060448217,19.91908,Spring
2019-04-26 00:00:00,141.94024374770078,2724.2480681731213,19.924803333333333,Spring
2019-04-26 01:00:00,145.54083025642274,2873.024541798429,19.806176666666666,Spring
2019-04-26 02:00:00,148.6841882430333,2969.0671673376237,19.699928333333332,Spring
2019-04-26 03:00:00,151.90684204858664,2902.486326393001,19.584529999999997,Spring
2019-04-26 04:00:00,153.77343664692373,2746.4193170576864,19.414458333333336,Spring
2019-04-26 05:00:00,152.8951754967809,2655.4538211002446,19.338675000000002,Spring
2019-04-26 06:00:00,156.93151712008347,2489.4700705633068,19.316593333333334,Spring
2019-04-26 07:00:00,154.43307587413318,2569.5012392716326,19.33571,Spring
2019-04-26 08:00:00,145.89416099294192,3194.0229316219657,19.397488333333335,Spring
2019-04-26 09:00:00,124.91109141139894,3360.063925068128,19.556826666666666,Spring
2019-04-26 10:00:00,134.43204005329824,3976.900237871647,20.084506666666666,Spring
2019-04-26 11:00:00,127.69389025544204,4059.638633857291,21.02867666666667,Spring
2019-04-26 12:00:00,122.95532197277257,4109.414268313461,21.751205000000002,Spring
2019-04-26 13:00:00,121.3324021974151,4094.082964168211,22.239435,Spring
2019-04-26 14:00:00,122.50865793128952,4032.655181130844,22.23774,Spring
2019-04-26 15:00:00,119.14217403481518,3766.2704247651072,21.940081666666668,Spring
2019-04-26 16:00:00,98.07209388868607,3345.173894760105,21.60651,Spring
2019-04-26 17:00:00,115.83091579685234,3235.7412665580123,21.282935000000002,Spring
2019-04-26 18:00:00,127.46077662290372,3104.4011228173167,21.016433333333335,Spring
2019-04-26 19:00:00,129.7159410887525,3007.912333516151,20.814033333333334,Spring
2019-04-26 20:00:00,134.70311748328334,2893.336674363126,20.643044999999997,Spring
2019-04-26 21:00:00,139.25377080546698,2797.6068101993415,20.461428333333334,Spring
2019-04-26 22:00:00,144.18271588732034,2655.0094243559934,20.42596,Spring
2019-04-26 23:00:00,146.2061004153996,2682.5546978166694,20.565831666666668,Spring
2019-04-27 00:00:00,145.4873472710402,2974.119249081226,20.669263333333333,Spring
2019-04-27 01:00:00,143.27256953773053,3204.4343516330264,20.861236666666667,Spring
2019-04-27 02:00:00,140.59885490156427,3301.0346691545183,20.700538333333334,Spring
2019-04-27 03:00:00,147.6796436851821,2939.801642073935,20.467998333333334,Spring
2019-04-27 04:00:00,150.57384730150488,2638.5924607971147,20.22281333333333,Spring
2019-04-27 05:00:00,151.05343093543976,2473.1856450537675,20.027435,Spring
2019-04-27 06:00:00,147.24147013269095,2593.4979278105516,19.92743,Spring
2019-04-27 07:00:00,132.94512113530237,3256.0745469613585,19.88449166666667,Spring
2019-04-27 08:00:00,105.83940041088591,3404.4156844157415,19.82229,Spring
2019-04-27 09:00:00,121.87038428866437,3227.0616085443435,19.952305000000003,Spring
2019-04-27 10:00:00,124.98833025992795,3428.690737944219,20.571796666666668,Spring
2019-04-27 11:00:00,130.98949650348908,3476.0502673980127,21.08716,Spring
2019-04-27 12:00:00,129.79213546755955,3415.256667508522,21.635724999999997,Spring
2019-04-27 13:00:00,110.75787963360571,3634.78659472859,22.167365,Spring
2019-04-27 14:00:00,80.26873044374477,3615.7795965458513,22.485796666666666,Spring
2019-04-27 15:00:00,85.53036251163428,3579.635422250513,22.257673333333333,Spring
2019-04-27 16:00:00,92.50880645986419,3284.9538907855253,21.760851666666667,Spring
2019-04-27 17:00:00,112.60843015033603,3188.3819776946443,21.475863333333333,Spring
2019-04-27 18:00:00,126.96872681453445,2783.611249110656,20.980861666666666,Spring
2019-04-27 19:00:00,136.59713970254822,2464.807365355747,20.61758,Spring
2019-04-27 20:00:00,138.95428937434048,2355.827707843805,20.419719999999998,Spring
2019-04-27 21:00:00,140.71035922368293,2240.4639791468935,20.08064166666667,Spring
2019-04-27 22:00:00,143.76816080312494,2066.6085064262375,19.649113333333332,Spring
2019-04-27 23:00:00,147.55285281069789,2061.293231547821,19.638058333333333,Spring
2019-04-28 00:00:00,146.5802432786439,2153.315477302217,19.584278333333334,Spring
2019-04-28 01:00:00,151.02889671720743,2103.645299868712,19.520815000000002,Spring
2019-04-28 02:00:00,149.49999682410657,2210.8024342760073,19.46333333333333,Spring
2019-04-28 03:00:00,147.76086465610825,2429.2790732565427,19.369716666666665,Spring
2019-04-28 04:00:00,152.23779400283263,2245.039549510063,19.230185,Spring
2019-04-28 05:00:00,157.47586337641076,1981.817905188282,19.153685,Spring
2019-04-28 06:00:00,158.96311471139555,2027.388977640177,19.070471666666666,Spring
2019-04-28 07:00:00,158.23852268820434,1967.0151686504282,18.817031666666665,Spring
2019-04-28 08:00:00,158.41276069208496,1997.3265385036293,18.699486666666665,Spring
2019-04-28 09:00:00,158.3739024679448,2136.6284391276213,18.58855,Spring
2019-04-28 10:00:00,160.19459202126154,2151.318447240687,18.830971666666667,Spring
2019-04-28 11:00:00,161.6991789510394,1943.9184814302052,19.349468333333334,Spring
2019-04-28 12:00:00,158.00475417733568,2686.022453461672,20.010785,Spring
2019-04-28 13:00:00,144.91452445210157,3527.323382104496,20.873726666666666,Spring
2019-04-28 14:00:00,125.0044721600373,3946.3493759763023,21.422481666666666,Spring
2019-04-28 15:00:00,112.41339385325846,3764.2862278085677,21.559723333333334,Spring
2019-04-28 16:00:00,115.60552952905292,3555.5517919102713,21.393065,Spring
2019-04-28 17:00:00,121.75916799790218,3301.455737929242,21.061323333333334,Spring
2019-04-28 18:00:00,129.8526608663778,2918.736527066235,20.65454833333333,Spring
2019-04-28 19:00:00,137.1054726020712,2900.128929898555,20.432341666666666,Spring
2019-04-28 20:00:00,142.4874353853047,2634.641576770002,20.135213333333333,Spring
2019-04-28 21:00:00,145.07424912211678,2440.521383712633,19.755139999999997,Spring
2019-04-28 22:00:00,144.02099960688957,2323.586022858341,19.448165,Spring
2019-04-28 23:00:00,145.2980427299242,2243.853002474917,19.324551666666665,Spring
2019-04-29 00:00:00,147.1926795750354,2149.2389309299087,19.213851666666667,Spring
2019-04-29 01:00:00,148.03680045639288,2079.114035840646,19.245103333333336,Spring
2019-04-29 02:00:00,149.61236738729133,2153.5998074221434,19.512171666666667,Spring
2019-04-29 03:00:00,150.18967720569105,2428.808172792029,19.584909999999997,Spring
2019-04-29 04:00:00,148.65515416778123,2457.417356780128,19.575221666666668,Spring
2019-04-29 05:00:00,147.81160794447322,2312.112488153178,19.41548,Spring
2019-04-29 06:00:00,142.69369083114478,2357.700383530363,19.210095000000003,Spring
2019-04-29 07:00:00,139.28679765740281,2430.835465799756,17.189905,Spring
2019-04-29 08:00:00,73.90209674896,2979.5129861122687,18.826020000000003,Spring
2019-04-29 09:00:00,66.06497487314476,2448.045159452555,18.817903333333334,Spring
2019-04-29 10:00:00,61.348357965412745,2171.4739179698054,18.920528333333333,Spring
2019-04-29 11:00:00,61.09213764930463,2211.1056907287193,19.069183333333335,Spring
2019-04-29 12:00:00,64.73169053640473,2962.0683498461767,19.527708333333333,Spring
2019-04-29 13:00:00,44.93115610888163,3069.408484735085,20.350354999999997,Spring
2019-04-29 14:00:00,43.349588164516796,2530.4227017243475,21.079366666666665,Spring
2019-04-29 15:00:00,51.249507961337656,2683.8201131790147,21.57439833333333,Spring
2019-04-29 16:00:00,54.668082567052764,2788.2528142307,21.627653333333335,Spring
2019-04-29 17:00:00,64.84364868160242,2989.955245034585,21.38373,Spring
2019-04-29 18:00:00,90.30377916327953,3292.3319953033792,20.933771666666665,Spring
2019-04-29 19:00:00,118.72820546113203,3401.4845370613198,20.27822666666667,Spring
2019-04-29 20:00:00,105.32454661495858,3408.4185662633217,19.982096666666667,Spring
2019-04-29 21:00:00,92.19730430476116,3306.211823238549,19.761163333333332,Spring
2019-04-29 22:00:00,76.83476143094569,3075.648371263106,19.51988,Spring
2019-04-29 23:00:00,67.16360480356177,2639.22335882616,19.30856,Spring
2019-04-30 00:00:00,72.62396904531582,2814.6918596858463,19.36802833333333,Spring
2019-04-30 01:00:00,78.07301505633393,2994.5976137250927,19.407728333333335,Spring
2019-04-30 02:00:00,78.95057457205111,3393.2829386980957,19.60164,Spring
2019-04-30 03:00:00,56.98302598083262,3285.72845585194,19.918781666666668,Spring
2019-04-30 04:00:00,66.93239785088923,3264.477967199307,19.84686333333333,Spring
2019-04-30 05:00:00,65.76648904430567,3414.946588366847,19.75191166666667,Spring
2019-04-30 06:00:00,65.74906174557077,3503.986370067545,19.469886666666664,Spring
2019-04-30 07:00:00,81.84449644872609,3916.163437856005,19.271315,Spring
2019-04-30 08:00:00,114.4030703151479,4474.941305908422,19.124689999999998,Spring
2019-04-30 09:00:00,122.66806813223187,4266.783627276038,19.09843,Spring
2019-04-30 10:00:00,118.30848797884977,3723.9661612373147,19.21753,Spring
2019-04-30 11:00:00,120.65559520991988,3446.0747211922235,19.32021166666667,Spring
2019-04-30 12:00:00,113.90524683098346,3252.564506380276,19.36733,Spring
2019-04-30 13:00:00,107.44611918724812,3492.4470428618647,19.643161666666668,Spring
2019-04-30 14:00:00,85.08706687675797,3363.668206320791,20.163954999999998,Spring
2019-04-30 15:00:00,63.456235598489116,2961.974241754606,20.622433333333333,Spring
2019-04-30 16:00:00,41.063948489775825,2201.3521744425093,20.685728333333333,Spring
2019-04-30 17:00:00,46.91480052695913,2551.6226188809433,20.79379,Spring
2019-04-30 18:00:00,65.91248563483899,2966.0342079408856,20.521128333333333,Spring
2019-04-30 19:00:00,87.94358232428728,3101.364721188755,20.224721666666667,Spring
2019-04-30 20:00:00,105.69077476186533,3228.35286635225,20.11975,Spring
2019-04-30 21:00:00,111.28132008231916,3487.69879509611,20.038925,Spring
2019-04-30 22:00:00,105.65362019963531,3867.8840817628643,19.93901333333333,Spring
2019-04-30 23:00:00,99.1371797002295,3923.481628657175,19.712978333333336,Spring
2019-05-01 00:00:00,109.85466099903162,3214.6946413189544,19.44102333333333,Spring
2019-05-01 01:00:00,117.23385401893222,3338.929935840784,19.50709,Spring
2019-05-01 02:00:00,109.34811006202227,3650.031339686884,19.449198333333335,Spring
2019-05-01 03:00:00,75.60859087431618,3520.3622248854317,19.483498333333333,Spring
2019-05-01 04:00:00,77.63323494461697,3613.8008273044816,19.407285,Spring
2019-05-01 05:00:00,79.89434698393652,3699.4715150260645,18.973119999999998,Spring
2019-05-01 06:00:00,77.12568488712097,3658.6918561311268,18.89102666666667,Spring
2019-05-01 07:00:00,96.9103938441172,3900.51485444005,19.14167666666667,Spring
2019-05-01 08:00:00,117.6650068405481,3978.962259049058,19.181913333333334,Spring
2019-05-01 09:00:00,135.39404067577038,3803.2941097712396,19.132270000000002,Spring
2019-05-01 10:00:00,148.58695639941658,3485.1281057373285,19.160023333333335,Spring
2019-05-01 11:00:00,105.76886081260812,3469.9079221830298,19.135101666666667,Spring
2019-05-01 12:00:00,121.10269985346677,3378.4831187546147,19.471051666666664,Spring
2019-05-01 13:00:00,126.91426729099454,3167.806235750342,19.830713333333332,Spring
2019-05-01 14:00:00,105.0790032856232,3553.9140417754716,20.280033333333332,Spring
2019-05-01 15:00:00,94.0156827527965,3590.4587250613617,20.808305,Spring
2019-05-01 16:00:00,70.06838357983364,3001.1951422634465,21.063593333333333,Spring
2019-05-01 17:00:00,61.74004129917627,2947.2231314367477,20.94328,Spring
2019-05-01 18:00:00,70.42266485981052,3078.6662028003425,20.643498333333334,Spring
2019-05-01 19:00:00,80.58300397852362,3076.2295238776246,20.527440000000002,Spring
2019-05-01 20:00:00,93.15308779181224,3084.392082166582,20.31203,Spring
2019-05-01 21:00:00,118.1586392367133,3065.060799839326,19.992568333333335,Spring
2019-05-01 22:00:00,134.35305488151985,3461.653265360541,19.774753333333333,Spring
2019-05-01 23:00:00,139.5746674974253,3173.7514513142396,19.466168333333332,Spring
2019-05-02 00:00:00,136.5923027940704,3022.668769106262,19.13282333333333,Spring
2019-05-02 01:00:00,135.94392777288164,2955.1090294709793,19.17495166666667,Spring
2019-05-02 02:00:00,134.55329672444736,3008.224332182907,19.35901833333333,Spring
2019-05-02 03:00:00,120.32468739599032,3549.537413082443,19.642181666666666,Spring
2019-05-02 04:00:00,111.34465319828664,3690.0687598798822,19.603933333333334,Spring
2019-05-02 05:00:00,88.25318833313031,3577.2151639810127,19.229953333333334,Spring
2019-05-02 06:00:00,80.59850934329866,3497.7766335693896,18.91561,Spring
2019-05-02 07:00:00,106.73575222429358,3757.384907360798,19.100731666666665,Spring
2019-05-02 08:00:00,118.74691929606047,3812.9164021408315,19.29806166666667,Spring
2019-05-02 09:00:00,126.29420275108797,3848.1974656943707,19.235005,Spring
2019-05-02 10:00:00,127.34082503658468,3742.384451039453,19.148095,Spring
2019-05-02 11:00:00,126.46765129789446,3729.6190669300972,18.984675,Spring
2019-05-02 12:00:00,122.45793685452239,3658.8312852454424,19.157213333333335,Spring
2019-05-02 13:00:00,137.16996678334664,3353.244934696038,19.530313333333332,Spring
2019-05-02 14:00:00,139.57426219687954,2984.988963041037,19.906878333333335,Spring
2019-05-02 15:00:00,110.29576868636508,3343.7739827466307,20.499311666666664,Spring
2019-05-02 16:00:00,75.76938172954056,3215.9209502539607,20.892013333333335,Spring
2019-05-02 17:00:00,57.26561307981443,2909.372511638093,20.777421666666665,Spring
2019-05-02 18:00:00,54.30775006471552,2864.7514448800644,20.59327,Spring
2019-05-02 19:00:00,66.80706275623069,3034.4083462465474,20.440925,Spring
2019-05-02 20:00:00,86.88507365342446,3066.250282083625,20.048536666666667,Spring
2019-05-02 21:00:00,108.67161595660983,3068.187716391769,19.752908333333334,Spring
2019-05-02 22:00:00,131.30499521563297,2980.1406549423473,19.477063333333334,Spring
2019-05-02 23:00:00,138.31466541441517,3109.336826430639,19.242483333333332,Spring
2019-05-03 00:00:00,143.54958652166852,2975.9412419707264,18.935406666666665,Spring
2019-05-03 01:00:00,144.60639499993232,3148.5550058584085,18.647845,Spring
2019-05-03 02:00:00,143.24847410194752,3186.763217242438,18.881486666666667,Spring
2019-05-03 03:00:00,137.5170343308249,3459.410744427448,19.273985,Spring
2019-05-03 04:00:00,114.73331111814053,3497.594713271399,19.113526666666665,Spring
2019-05-03 05:00:00,88.79780230159463,3434.241232813536,18.64910666666667,Spring
2019-05-03 06:00:00,78.97896971026276,3388.911436917786,18.354676666666666,Spring
2019-05-03 07:00:00,83.84943227679716,3453.5418025273184,18.342154999999998,Spring
2019-05-03 08:00:00,100.839648966577,3605.3247574814354,18.787480000000002,Spring
2019-05-03 09:00:00,123.55582993194702,3670.029051518541,18.964845,Spring
2019-05-03 10:00:00,139.9457127558179,3395.5713140451085,18.76901666666667,Spring
2019-05-03 11:00:00,132.57506842713872,3510.1607775352804,18.871053333333336,Spring
2019-05-03 12:00:00,129.5528400976711,3461.9807070893175,18.852445,Spring
2019-05-03 13:00:00,114.60217595293885,3797.9278794749016,18.933153333333333,Spring
2019-05-03 14:00:00,114.97558563229046,3707.487122783005,19.251326666666667,Spring
2019-05-03 15:00:00,99.55461331500359,3412.20541528279,19.682371666666665,Spring
2019-05-03 16:00:00,83.65786493393998,3276.9376419570963,20.211738333333336,Spring
2019-05-03 17:00:00,56.01062436902858,2935.627341559848,20.428508333333333,Spring
2019-05-03 18:00:00,48.14159603870702,2813.3133757672326,20.270278333333334,Spring
2019-05-03 19:00:00,51.86444427512815,2884.609132609479,20.08048,Spring
2019-05-03 20:00:00,65.20210873353336,3064.646054288319,19.779483333333335,Spring
2019-05-03 21:00:00,83.52525617158815,3169.4692388363283,19.513268333333333,Spring
2019-05-03 22:00:00,102.93478983638758,3262.0248865547483,19.322736666666668,Spring
2019-05-03 23:00:00,110.90253861321852,3245.373977550185,19.173254999999997,Spring
2019-05-04 00:00:00,115.21332492336441,3221.580735908221,18.964258333333337,Spring
2019-05-04 01:00:00,126.75379264546022,3322.5316536452547,18.54247333333333,Spring
2019-05-04 02:00:00,127.95354247722916,3313.45408665715,18.333835,Spring
2019-05-04 03:00:00,124.88777050064263,3233.3239682894728,18.437141666666665,Spring
2019-05-04 04:00:00,83.57600309908398,3154.124550412182,18.61519666666667,Spring
2019-05-04 05:00:00,57.05049625225783,2741.7421978828443,18.31441,Spring
2019-05-04 06:00:00,43.47599825462924,2359.027800876308,17.922728333333335,Spring
2019-05-04 07:00:00,73.68320116322364,3589.5431360465955,17.18599,Spring
2019-05-04 08:00:00,67.28520073020992,3117.964946811552,17.70372166666667,Spring
2019-05-04 09:00:00,94.67672501371797,3399.93287877669,18.394446666666667,Spring
2019-05-04 10:00:00,133.76385261065917,3635.433593147252,18.383261666666666,Spring
2019-05-04 11:00:00,133.49852969750705,3875.254649629391,18.50186666666667,Spring
2019-05-04 12:00:00,130.51728526143944,3947.1800677029887,18.55480833333333,Spring
2019-05-04 13:00:00,128.09676589639633,3929.7381281208864,18.575845,Spring
2019-05-04 14:00:00,121.36771772590104,3681.7189446074144,18.767310000000002,Spring
2019-05-04 15:00:00,104.36759969958663,3511.8501154025275,18.971986666666666,Spring
2019-05-04 16:00:00,75.84055448916982,3370.3226981709295,19.16742,Spring
2019-05-04 17:00:00,59.230102558142235,3209.266182483628,19.48332,Spring
2019-05-04 18:00:00,42.804297359628244,2837.120586499219,19.56478,Spring
2019-05-04 19:00:00,47.20656532267812,3009.5215553162207,19.374871666666664,Spring
2019-05-04 20:00:00,52.71307475015411,3074.3305982962083,19.259688333333333,Spring
2019-05-04 21:00:00,69.40002692735865,3310.9582447427983,19.189138333333336,Spring
2019-05-04 22:00:00,87.66869979963056,3422.788452106606,19.158545,Spring
2019-05-04 23:00:00,116.6998708518184,3731.2133115411743,19.112154999999998,Spring
2019-05-05 00:00:00,123.21691755646147,3796.483177570195,18.996366666666667,Spring
2019-05-05 01:00:00,122.49041786574962,3725.5003628029226,18.637201666666666,Spring
2019-05-05 02:00:00,126.78017728276174,3552.409393222972,18.173328333333334,Spring
2019-05-05 03:00:00,122.83660538321953,3507.0071813258082,18.100688333333334,Spring
2019-05-05 04:00:00,93.7584722285593,3386.934601085051,18.121011666666668,Spring
2019-05-05 05:00:00,46.279601442569096,2785.9960705551175,17.866096666666667,Spring
2019-05-05 06:00:00,23.98956656691738,1785.0258125483933,17.313403333333333,Spring
2019-05-05 07:00:00,21.339662662157593,1838.6855769424992,16.741405,Spring
2019-05-05 08:00:00,32.77776248243389,2529.204209113571,16.377335,Spring
2019-05-05 09:00:00,44.14685437821404,2623.8969980865813,17.142113333333334,Spring
2019-05-05 10:00:00,85.87920320070269,3425.116983312432,17.929838333333333,Spring
2019-05-05 11:00:00,133.75522311495905,3732.6623363741514,17.972298333333335,Spring
2019-05-05 12:00:00,137.17878743904754,3556.5287013201464,18.101706666666665,Spring
2019-05-05 13:00:00,136.45870839316132,3537.3879811654842,18.246789999999997,Spring
2019-05-05 14:00:00,119.24486828451197,3748.300234479248,18.302475,Spring
2019-05-05 15:00:00,119.02795621709971,3655.3230517465286,18.54572,Spring
2019-05-05 16:00:00,106.25029705652935,3499.1873501700356,18.554948333333336,Spring
2019-05-05 17:00:00,91.51009846684812,3391.03496909788,18.657635000000003,Spring
2019-05-05 18:00:00,80.14876752200396,3390.5046347157213,18.808896666666666,Spring
2019-05-05 19:00:00,72.00971867621888,3463.1619486887894,18.76908,Spring
2019-05-05 20:00:00,61.381580043450484,3311.1487183353565,18.633615000000002,Spring
2019-05-05 21:00:00,88.06046508890697,3510.3263797564186,18.345641666666666,Spring
2019-05-05 22:00:00,113.84875975734923,3487.2620909782427,18.206018333333336,Spring
2019-05-05 23:00:00,124.61251943475915,3401.941329676669,18.254285,Spring
2019-05-06 00:00:00,135.97943542085835,3318.946335572563,18.293913333333332,Spring
2019-05-06 01:00:00,140.44783732385915,3219.1265999087223,18.036165,Spring
2019-05-06 02:00:00,136.95755316604726,3228.567807401224,17.905613333333335,Spring
2019-05-06 03:00:00,131.04614908375106,3397.1586186189443,17.847275000000003,Spring
2019-05-06 04:00:00,129.21378857902837,3493.444472864308,17.789403333333333,Spring
2019-05-06 05:00:00,113.02992642009187,3626.555891101315,17.552661666666665,Spring
2019-05-06 06:00:00,57.32992739753169,3050.891908006838,17.456255,Spring
2019-05-06 07:00:00,38.19600689699931,2347.246921111996,16.783903333333335,Spring
2019-05-06 08:00:00,53.372272754862706,3035.988806254588,16.5449,Spring
2019-05-06 09:00:00,68.00272602192118,3347.9279359219663,16.690798333333333,Spring
2019-05-06 10:00:00,62.685877965498435,3289.3599738894677,17.215825,Spring
2019-05-06 11:00:00,107.15276725831825,3705.7774789984996,17.68189166666667,Spring
2019-05-06 12:00:00,119.61614017319673,3703.47882757144,17.739438333333332,Spring
2019-05-06 13:00:00,123.02556382865774,3634.3510422355894,17.925394999999998,Spring
2019-05-06 14:00:00,122.8095021364837,3502.8116263814054,18.212201666666665,Spring
2019-05-06 15:00:00,120.34974716630919,3502.7042656810268,18.435026666666666,Spring
2019-05-06 16:00:00,118.86009827614443,3506.5911746364077,18.51697,Spring
2019-05-06 17:00:00,116.972483987737,3617.267732049885,18.397493333333333,Spring
2019-05-06 18:00:00,114.90999427678497,3598.2305721372495,18.347178333333332,Spring
2019-05-06 19:00:00,104.87216293267986,3598.258064075214,18.25137833333333,Spring
2019-05-06 20:00:00,105.24670967788673,3692.304936478339,18.13984333333333,Spring
2019-05-06 21:00:00,113.29693191367186,3684.443996064008,18.060041666666667,Spring
2019-05-06 22:00:00,118.92209865864798,3594.3261091001186,18.10822,Spring
2019-05-06 23:00:00,123.6034081977326,3411.955155146329,18.06876,Spring
2019-05-07 00:00:00,127.54069253248589,3339.9055845335215,17.992906666666666,Spring
2019-05-07 01:00:00,129.37183352118603,3327.4416253050413,17.95868,Spring
2019-05-07 02:00:00,127.53217523661809,3322.543436584626,17.944338333333334,Spring
2019-05-07 03:00:00,126.08897345861476,3488.6794150665705,17.917853333333333,Spring
2019-05-07 04:00:00,126.38970095758381,3461.365168878752,17.845066666666664,Spring
2019-05-07 05:00:00,119.5060594383705,3592.368957263954,17.586413333333333,Spring
2019-05-07 06:00:00,96.00617496259855,3798.966168415538,17.365971666666667,Spring
2019-05-07 07:00:00,53.72461685447671,3471.442538186939,17.013091666666664,Spring
2019-05-07 08:00:00,48.950050124081756,3396.190480909426,16.700936666666667,Spring
2019-05-07 09:00:00,71.60138580343154,3720.415461992624,16.671791666666667,Spring
2019-05-07 10:00:00,68.97475134726687,3005.616900970918,16.880693333333333,Spring
2019-05-07 11:00:00,67.98354995653986,2948.025693101391,17.63557666666667,Spring
2019-05-07 12:00:00,70.1740091250382,3489.2588603035674,18.165098333333333,Spring
2019-05-07 13:00:00,45.164950774958214,3214.189572174166,18.51561333333333,Spring
2019-05-07 14:00:00,42.10617990669326,2918.9221064914923,18.677068333333334,Spring
2019-05-07 15:00:00,59.31865440452235,3103.322456643965,18.85277166666667,Spring
2019-05-07 16:00:00,74.87951551285838,3167.8898320854196,19.028595,Spring
2019-05-07 17:00:00,86.23429073884026,3292.463922409205,19.14425333333333,Spring
2019-05-07 18:00:00,86.71081325529582,3351.8247598989187,19.124566666666666,Spring
2019-05-07 19:00:00,85.59264837830504,3321.852639696268,19.056445,Spring
2019-05-07 20:00:00,92.10481912279232,3360.4250038445753,18.92838,Spring
2019-05-07 21:00:00,102.82803585783327,3531.871044855591,18.763105,Spring
2019-05-07 22:00:00,104.1602784161013,3591.878602842318,18.690366666666666,Spring
2019-05-07 23:00:00,96.65255816453251,3787.5507624823495,18.546495,Spring
2019-05-08 00:00:00,87.75478016434339,3752.525572819228,18.407641666666667,Spring
2019-05-08 01:00:00,84.5907956388108,3706.874725873568,18.312745,Spring
2019-05-08 02:00:00,73.8374057863661,3665.2795126715264,18.299768333333336,Spring
2019-05-08 03:00:00,75.90880006648308,3690.8665185831396,18.27793666666667,Spring
2019-05-08 04:00:00,94.230890185108,3698.27553344211,18.25975833333333,Spring
2019-05-08 05:00:00,94.27606949957223,3713.326241058588,18.25326,Spring
2019-05-08 06:00:00,67.78526357930937,3232.8057473663307,18.068716666666667,Spring
2019-05-08 07:00:00,57.60801604294268,2587.470170183992,17.973495,Spring
2019-05-08 08:00:00,46.624585817966064,2153.4374426983827,17.923206666666665,Spring
2019-05-08 09:00:00,47.98451552685347,2351.2047383681193,17.586025,Spring
2019-05-08 10:00:00,52.24235808748978,2954.4835744947504,17.636806666666665,Spring
2019-05-08 11:00:00,71.21496911149461,3485.908120089566,17.94043,Spring
2019-05-08 12:00:00,73.89103387578874,3402.1511907952463,18.446911666666665,Spring
2019-05-08 13:00:00,93.36218820903233,3809.7947175155437,18.808861666666665,Spring
2019-05-08 14:00:00,110.67660489209128,3991.219971677091,18.97315166666667,Spring
2019-05-08 15:00:00,105.24060835844409,3753.9078184188547,19.094935,Spring
2019-05-08 16:00:00,84.17506609800537,3223.044282086689,19.16252666666667,Spring
2019-05-08 17:00:00,79.2753098433187,3126.128761149126,19.149608333333333,Spring
2019-05-08 18:00:00,82.25373106933044,3056.783332775616,19.168259999999997,Spring
2019-05-08 19:00:00,83.47377065474825,3032.3307827720328,19.158055,Spring
2019-05-08 20:00:00,83.21236263346145,3089.684383424793,19.12383833333333,Spring
2019-05-08 21:00:00,95.81968993032038,3334.1244488252883,19.0605,Spring
2019-05-08 22:00:00,106.10045611031873,3456.655326148484,18.943293333333333,Spring
2019-05-08 23:00:00,113.44046052291696,3608.503947443945,18.813853333333334,Spring
2019-05-09 00:00:00,114.75058124777837,3674.6740330930365,18.780285,Spring
2019-05-09 01:00:00,134.17471140469564,3621.831736347682,18.695395,Spring
2019-05-09 02:00:00,126.95483170379353,3664.9394585425835,18.6114,Spring
2019-05-09 03:00:00,126.78364075179493,3552.860360393641,18.53921666666667,Spring
2019-05-09 04:00:00,111.15657146929053,3369.8307726461653,18.485296666666667,Spring
2019-05-09 05:00:00,119.58950561467995,3345.7164798018457,18.423203333333333,Spring
2019-05-09 06:00:00,94.30147397880016,3392.074297881186,18.36805,Spring
2019-05-09 07:00:00,86.92090023519935,3213.1325540232797,18.275791666666667,Spring
2019-05-09 08:00:00,85.65453912905477,3158.12006405959,18.27324666666667,Spring
2019-05-09 09:00:00,50.366693040488,2342.078015157355,18.430053333333333,Spring
2019-05-09 10:00:00,65.7466242653152,3363.6573933864174,18.350045,Spring
2019-05-09 11:00:00,84.75375159949593,3896.8573577903435,18.320353333333333,Spring
2019-05-09 12:00:00,79.63469923999872,3266.1217323729397,18.623776666666668,Spring
2019-05-09 13:00:00,105.36374503772149,3444.711612360306,18.925321666666665,Spring
2019-05-09 14:00:00,112.69850626295514,3464.240799848517,18.918918333333334,Spring
2019-05-09 15:00:00,121.46894501297001,3398.76258222401,18.950673333333334,Spring
2019-05-09 16:00:00,107.25916741771168,3637.6224813370504,19.01543666666667,Spring
2019-05-09 17:00:00,112.4786227743242,3475.252439318169,19.049236666666665,Spring
2019-05-09 18:00:00,106.23199108261501,3477.0556605109164,19.039436666666667,Spring
2019-05-09 19:00:00,108.3257170557927,3370.40401828559,19.015013333333332,Spring
2019-05-09 20:00:00,112.77071138521663,3297.099532441949,18.976288333333333,Spring
2019-05-09 21:00:00,131.23556480730971,3268.5990876787446,18.956436666666665,Spring
2019-05-09 22:00:00,128.29814421304974,3245.514880856403,18.913715000000003,Spring
2019-05-09 23:00:00,132.77737913948272,3182.5715456629505,18.826358333333335,Spring
2019-05-10 00:00:00,136.70057270664347,3191.129735131115,18.733755,Spring
2019-05-10 01:00:00,144.0755184909398,2945.1673824218433,18.630073333333332,Spring
2019-05-10 02:00:00,149.39839805351912,2750.5716018585445,18.57021166666667,Spring
2019-05-10 03:00:00,149.63856745618446,2676.8480704876183,18.490336666666668,Spring
2019-05-10 04:00:00,147.98112441248395,2875.1814822002952,18.408911666666665,Spring
2019-05-10 05:00:00,143.1353887193471,3188.8536661158587,18.318458333333336,Spring
2019-05-10 06:00:00,113.63582788855477,3607.495546049921,18.269391666666667,Spring
2019-05-10 07:00:00,114.74828840727096,3652.332704006034,18.232796666666665,Spring
2019-05-10 08:00:00,119.69060570346144,3653.8071773981546,18.3336,Spring
2019-05-10 09:00:00,133.0584282562861,3613.91863241377,18.609058333333333,Spring
2019-05-10 10:00:00,91.74119205595451,3860.7708528056673,19.220036666666665,Spring
2019-05-10 11:00:00,83.59975221365977,3998.852824505998,19.81917333333333,Spring
2019-05-10 12:00:00,86.59215262137556,3985.613679274128,20.227176666666665,Spring
2019-05-10 13:00:00,119.98749832717702,3801.091763896321,20.444059999999997,Spring
2019-05-10 14:00:00,130.07928291981182,3427.4225956054033,20.207710000000002,Spring
2019-05-10 15:00:00,118.48488681738019,3378.5593741016123,20.004741666666668,Spring
2019-05-10 16:00:00,112.65767803761233,3395.6416067672426,19.952043333333332,Spring
2019-05-10 17:00:00,103.66982220565052,3422.2935829781336,19.96837833333333,Spring
2019-05-10 18:00:00,99.25778559982678,3378.910831813354,19.885728333333336,Spring
2019-05-10 19:00:00,95.95895728402779,3391.8282358253996,19.757723333333335,Spring
2019-05-10 20:00:00,96.28030060374115,3353.38993447316,19.672964999999998,Spring
2019-05-10 21:00:00,111.13939681978839,3347.4939318256224,19.632258333333333,Spring
2019-05-10 22:00:00,127.83678668186336,3328.4453968709818,19.703761666666665,Spring
2019-05-10 23:00:00,120.5383931226469,3398.024315043327,19.64056833333333,Spring
2019-05-11 00:00:00,120.30009757271075,3415.9779524509377,19.550481666666666,Spring
2019-05-11 01:00:00,122.80987657593269,3481.1857116621322,19.376101666666667,Spring
2019-05-11 02:00:00,119.821248819863,3511.141199050434,19.171875,Spring
2019-05-11 03:00:00,118.81317238680799,3548.8007173957476,18.951855000000002,Spring
2019-05-11 04:00:00,117.40229443707054,3463.242720019168,18.799511666666668,Spring
2019-05-11 05:00:00,120.61172358389427,3524.1610725022265,18.78402,Spring
2019-05-11 06:00:00,123.35079885285626,3532.104522379602,18.813576666666666,Spring
2019-05-11 07:00:00,127.64097348665034,3463.6037384797264,18.84663,Spring
2019-05-11 08:00:00,124.9782127404835,3648.2272511190104,18.89849333333333,Spring
2019-05-11 09:00:00,127.21116269240974,3568.588625753241,19.133353333333332,Spring
2019-05-11 10:00:00,123.05660379164027,3766.0289691472217,19.571736666666666,Spring
2019-05-11 11:00:00,98.12622893124667,4053.2248408232754,20.119876666666666,Spring
2019-05-11 12:00:00,60.136362560772426,3622.381943918438,21.086123333333333,Spring
2019-05-11 13:00:00,62.433641842704034,3605.2972850357473,21.530805,Spring
2019-05-11 14:00:00,70.12580398838857,3669.469338296815,21.54669,Spring
2019-05-11 15:00:00,77.4243589107673,3615.140973104494,20.802841666666666,Spring
2019-05-11 16:00:00,67.44042886410558,3435.688330546406,20.443295,Spring
2019-05-11 17:00:00,64.860933952907,3380.551816288682,20.279881666666665,Spring
2019-05-11 18:00:00,68.32079919580178,3506.7398232381984,20.099645000000002,Spring
2019-05-11 19:00:00,80.90349366140508,3589.25893748526,19.909229999999997,Spring
2019-05-11 20:00:00,77.6455486171285,3528.0133947775794,19.783096666666665,Spring
2019-05-11 21:00:00,79.01804459843608,3514.8212341202225,19.715386666666667,Spring
2019-05-11 22:00:00,82.95599754117598,3537.495433854893,19.67333,Spring
2019-05-11 23:00:00,93.05323902051286,3611.5303824547254,19.733496666666667,Spring
2019-05-12 00:00:00,95.1550630494758,3662.6202810715313,19.740531666666666,Spring
2019-05-12 01:00:00,81.3528308800229,3620.514113090906,19.665458333333333,Spring
2019-05-12 02:00:00,86.49601092817434,3635.647545466086,19.39339,Spring
2019-05-12 03:00:00,97.24465485225866,3611.3968293690896,19.119668333333333,Spring
2019-05-12 04:00:00,116.87950787289631,3607.859322757775,18.87297166666667,Spring
2019-05-12 05:00:00,127.27752448415944,3511.6475495938976,18.710523333333335,Spring
2019-05-12 06:00:00,128.633065412456,3535.118583604345,18.620121666666666,Spring
2019-05-12 07:00:00,126.41819216648834,3668.0899241238403,18.617621666666665,Spring
2019-05-12 08:00:00,124.93043151104156,3751.924256341653,18.72966166666667,Spring
2019-05-12 09:00:00,124.05901404349882,3723.522941441313,18.910694999999997,Spring
2019-05-12 10:00:00,115.61212840348918,3832.266023162196,19.244563333333335,Spring
2019-05-12 11:00:00,84.34793474217824,3859.1913213105845,19.983951666666666,Spring
2019-05-12 12:00:00,53.75218862616699,3567.060762732695,20.150826666666667,Spring
2019-05-12 13:00:00,39.65036019655789,3193.49424315873,20.569501666666667,Spring
2019-05-12 14:00:00,34.117024338591484,3108.669377138191,20.994365000000002,Spring
2019-05-12 15:00:00,64.98218114341255,3710.2591354310207,20.929731666666665,Spring
2019-05-12 16:00:00,78.78976353798068,3684.518337236348,20.503051666666668,Spring
2019-05-12 17:00:00,83.74151071457598,3660.691544552947,20.100526666666667,Spring
2019-05-12 18:00:00,94.92299136925064,3659.8294205278316,19.881816666666666,Spring
2019-05-12 19:00:00,104.71461708243606,3690.0413975225065,19.688256666666668,Spring
2019-05-12 20:00:00,99.32548571756601,3744.4349412949323,19.528920000000003,Spring
2019-05-12 21:00:00,100.54719770885396,3743.6948921316066,19.396878333333333,Spring
2019-05-12 22:00:00,94.44412642733488,3778.1164780303798,19.36980833333333,Spring
2019-05-12 23:00:00,92.07081069806102,3749.9223272813797,19.248611666666665,Spring
2019-05-13 00:00:00,87.93388461246478,3694.81205162901,19.131336666666666,Spring
2019-05-13 01:00:00,83.59767680198156,3758.8811894749388,19.313010000000002,Spring
2019-05-13 02:00:00,92.86152861774734,3835.4321996952285,19.250165,Spring
2019-05-13 03:00:00,103.78511845236994,3842.747856418753,19.058545,Spring
2019-05-13 04:00:00,118.68891487305105,3655.514746327473,18.826453333333333,Spring
2019-05-13 05:00:00,133.43007853073087,3500.4372954456703,18.724135,Spring
2019-05-13 06:00:00,131.1347706751635,3430.4502287738733,18.586843333333334,Spring
2019-05-13 07:00:00,133.60391292277325,3346.0791395226875,18.524911666666664,Spring
2019-05-13 08:00:00,133.00852498041644,3540.8988858097773,18.515045,Spring
2019-05-13 09:00:00,129.26476271977918,3612.626081615179,18.532161666666664,Spring
2019-05-13 10:00:00,114.26558594280095,3871.8100444558677,18.591851666666667,Spring
2019-05-13 11:00:00,102.81847541474573,3887.9476008176252,18.844461666666668,Spring
2019-05-13 12:00:00,90.5544355152094,3946.2648647333563,19.41884,Spring
2019-05-13 13:00:00,67.72634757200333,3891.057004327633,20.252576666666666,Spring
2019-05-13 14:00:00,44.13899302695229,3594.9630548437067,20.887218333333333,Spring
2019-05-13 15:00:00,32.512223913888576,3177.1748752682693,21.058755,Spring
2019-05-13 16:00:00,59.6492840699809,3901.4725022419916,20.774425,Spring
2019-05-13 17:00:00,55.18165441968614,3818.2825632132217,20.24542166666667,Spring
2019-05-13 18:00:00,48.026616257517844,3611.051447404142,19.874981666666667,Spring
2019-05-13 19:00:00,48.59964420368264,3569.1745925077703,19.559178333333332,Spring
2019-05-13 20:00:00,53.38225045647222,3556.350915060001,19.295993333333335,Spring
2019-05-13 21:00:00,62.39219728342836,3713.4478092100953,19.15565666666667,Spring
2019-05-13 22:00:00,72.34104615383703,3781.0663477913627,19.178381666666667,Spring
2019-05-13 23:00:00,78.58335351705297,3762.5157227702302,19.114555,Spring
2019-05-14 00:00:00,66.39023413361926,3751.516756820988,19.059473333333337,Spring
2019-05-14 01:00:00,60.13983089847708,3632.621321444486,19.07085,Spring
2019-05-14 02:00:00,89.5287549644028,3882.002815873885,19.18552,Spring
2019-05-14 03:00:00,72.87256275659708,3920.293370713597,19.008736666666668,Spring
2019-05-14 04:00:00,55.82659318944826,3490.4739871169495,18.983866666666664,Spring
2019-05-14 05:00:00,109.91394334305221,3756.0575205888463,18.79348,Spring
2019-05-14 06:00:00,127.32486840991692,3684.209118672557,18.601196666666667,Spring
2019-05-14 07:00:00,129.2661526455555,3695.2851160395317,18.451328333333333,Spring
2019-05-14 08:00:00,124.81811019330993,3757.664324872703,18.465126666666666,Spring
2019-05-14 09:00:00,128.0835242239026,3777.8266572119846,18.44879166666667,Spring
2019-05-14 10:00:00,130.38374837221014,3886.497419985621,18.52436833333333,Spring
2019-05-14 11:00:00,127.2267424174948,3933.623669952819,18.781769999999998,Spring
2019-05-14 12:00:00,116.89150845853774,4061.13858070557,19.093151666666664,Spring
2019-05-14 13:00:00,103.27656275756306,4064.852959873292,19.424483333333335,Spring
2019-05-14 14:00:00,73.65777741895191,4038.3055947870484,19.795828333333336,Spring
2019-05-14 15:00:00,45.29136558316961,3751.8516395609686,20.05881,Spring
2019-05-14 16:00:00,49.97728385061646,3892.0340862623807,20.029558333333334,Spring
2019-05-14 17:00:00,79.24769190163221,3981.7069594865943,19.821081666666664,Spring
2019-05-14 18:00:00,99.35427048095386,3969.395604513954,19.487466666666666,Spring
2019-05-14 19:00:00,103.62889832973983,4037.2349427137888,19.184265,Spring
2019-05-14 20:00:00,122.31366680937806,3998.534535843624,19.070845000000002,Spring
2019-05-14 21:00:00,134.39540388591956,3839.8523350033306,18.971641666666667,Spring
2019-05-14 22:00:00,134.07133155204178,3903.869312578414,18.908003333333333,Spring
2019-05-14 23:00:00,130.87841995916844,3909.734435703893,18.859353333333335,Spring
2019-05-15 00:00:00,129.3169757093143,3867.872119817012,18.863049999999998,Spring
2019-05-15 01:00:00,128.7875048758671,4005.971375115978,18.814398333333333,Spring
2019-05-15 02:00:00,125.70444790928079,4021.8804405029264,18.85117,Spring
2019-05-15 03:00:00,133.646594462523,3866.9789100674443,18.942856666666668,Spring
2019-05-15 04:00:00,122.86677315936075,4087.4757234702984,18.888273333333334,Spring
2019-05-15 05:00:00,122.03405993041255,4087.565312016524,18.80356,Spring
2019-05-15 06:00:00,113.85006794219565,4044.5933174924185,18.76238,Spring
2019-05-15 07:00:00,125.20311730201145,4000.865109054366,18.487438333333333,Spring
